[    2106ms] [LOG] 
%c  %c

%cSpline
%c1.12.81
 background: linear-gradient(124.21deg, #FFC81D 0%, #F34EF1 10.21%, #3DFCC6 19.96%, #3DFCC6 27.38%, #4380FF 34.39%, #4380FF 55.06%, #FF3AF3 66.05%, #FF3AF3 89.11%);border-radius: 6px; background: none; color: #888; font-size: 20px; color: #666; font-size: 15px; @ https://app.spline.design/assets/entries/pages_index.BcxEDAbd.js:5227
[    2820ms] [ERROR] Access to fetch at 'https://o461187.ingest.sentry.io/api/5717832/envelope/?sentry_key=4169885f834f44d38b70b2c84a715266&sentry_version=7' from origin 'https://app.spline.design' has been blocked by CORS policy: No 'Access-Control-Allow-Origin' header is present on the requested resource. @ https://app.spline.design/community/search?query=particles+sphere&sort=trending:0
[    2820ms] [ERROR] Failed to load resource: net::ERR_FAILED @ https://o461187.ingest.sentry.io/api/5717832/envelope/?sentry_key=4169885f834f44d38b70b2c84a715266&sentry_version=7:0
[   10670ms] [ERROR] Access to fetch at 'https://o461187.ingest.sentry.io/api/5717832/envelope/?sentry_key=4169885f834f44d38b70b2c84a715266&sentry_version=7' from origin 'https://app.spline.design' has been blocked by CORS policy: No 'Access-Control-Allow-Origin' header is present on the requested resource. @ https://app.spline.design/community/search?query=particles&sort=trending:0
[   10670ms] [ERROR] Failed to load resource: net::ERR_FAILED @ https://o461187.ingest.sentry.io/api/5717832/envelope/?sentry_key=4169885f834f44d38b70b2c84a715266&sentry_version=7:0
[   10670ms] [ERROR] Access to fetch at 'https://o461187.ingest.sentry.io/api/5717832/envelope/?sentry_key=4169885f834f44d38b70b2c84a715266&sentry_version=7' from origin 'https://app.spline.design' has been blocked by CORS policy: No 'Access-Control-Allow-Origin' header is present on the requested resource. @ https://app.spline.design/community/search?query=particles&sort=trending:0
[   10670ms] [ERROR] Failed to load resource: net::ERR_FAILED @ https://o461187.ingest.sentry.io/api/5717832/envelope/?sentry_key=4169885f834f44d38b70b2c84a715266&sentry_version=7:0
[   12633ms] [LOG] Click URL:  https://app.spline.design/community/file/3ff7b617-2fe9-46c7-8e06-b6d7c382f4db @ https://app.spline.design/assets/chunks/chunk-C1GBGJcI.js:4
[   12959ms] [ERROR] Access to fetch at 'https://o461187.ingest.sentry.io/api/5717832/envelope/?sentry_key=4169885f834f44d38b70b2c84a715266&sentry_version=7' from origin 'https://app.spline.design' has been blocked by CORS policy: No 'Access-Control-Allow-Origin' header is present on the requested resource. @ https://app.spline.design/community/file/3ff7b617-2fe9-46c7-8e06-b6d7c382f4db:0
[   12960ms] [ERROR] Failed to load resource: net::ERR_FAILED @ https://o461187.ingest.sentry.io/api/5717832/envelope/?sentry_key=4169885f834f44d38b70b2c84a715266&sentry_version=7:0
[   12960ms] [ERROR] Access to fetch at 'https://o461187.ingest.sentry.io/api/5717832/envelope/?sentry_key=4169885f834f44d38b70b2c84a715266&sentry_version=7' from origin 'https://app.spline.design' has been blocked by CORS policy: No 'Access-Control-Allow-Origin' header is present on the requested resource. @ https://app.spline.design/community/file/3ff7b617-2fe9-46c7-8e06-b6d7c382f4db:0
[   12960ms] [ERROR] Failed to load resource: net::ERR_FAILED @ https://o461187.ingest.sentry.io/api/5717832/envelope/?sentry_key=4169885f834f44d38b70b2c84a715266&sentry_version=7:0
[   14689ms] [LOG] 
%c  %c

%cSpline
%c1.12.81
 background: linear-gradient(124.21deg, #FFC81D 0%, #F34EF1 10.21%, #3DFCC6 19.96%, #3DFCC6 27.38%, #4380FF 34.39%, #4380FF 55.06%, #FF3AF3 66.05%, #FF3AF3 89.11%);border-radius: 6px; background: none; color: #888; font-size: 20px; color: #666; font-size: 15px; @ https://app.spline.design/assets/entries/pages_index.BcxEDAbd.js:5227
[   14693ms] [ERROR] Failed to load resource: the server responded with a status of 500 () @ https://community-api.spline.design/search/3ff7b617-2fe9-46c7-8e06-b6d7c382f4db/similes?limit=3&offset=0:0
[   14693ms] [ERROR] Community action error wr @ https://app.spline.design/assets/chunks/chunk-C1GBGJcI.js:4
[   15312ms] [ERROR] Access to fetch at 'https://o461187.ingest.sentry.io/api/5717832/envelope/?sentry_key=4169885f834f44d38b70b2c84a715266&sentry_version=7' from origin 'https://app.spline.design' has been blocked by CORS policy: No 'Access-Control-Allow-Origin' header is present on the requested resource. @ https://app.spline.design/file/d83d64e2-7f3c-42ab-8cc9-09a9cf2f1c3d?view=preview:0
[   15312ms] [ERROR] Failed to load resource: net::ERR_FAILED @ https://o461187.ingest.sentry.io/api/5717832/envelope/?sentry_key=4169885f834f44d38b70b2c84a715266&sentry_version=7:0
[   22238ms] [ERROR] Failed to load resource: the server responded with a status of 400 () @ https://community-api.spline.design/profile/gmail.com:0
[   22239ms] [ERROR] Failed to load resource: the server responded with a status of 400 () @ https://community-api.spline.design/profile/auroegmbt:0
[   44020ms] [WARNING] updating from  111 to  122 @ https://app.spline.design/assets/chunks/chunk-C1GBGJcI.js:4
[   44505ms] [WARNING] THREE.WebGLProgram: Unsupported encoding: srgb @ https://app.spline.design/assets/chunks/chunk-C1GBGJcI.js:4
[   44564ms] [WARNING] THREE.WebGLRenderer: Texture marked for update but image is incomplete @ https://app.spline.design/assets/chunks/chunk-C1GBGJcI.js:4
[   44583ms] [WARNING] THREE.WebGLRenderer: Texture marked for update but image is incomplete @ https://app.spline.design/assets/chunks/chunk-C1GBGJcI.js:4
[   44604ms] [WARNING] THREE.WebGLRenderer: Texture marked for update but image is incomplete @ https://app.spline.design/assets/chunks/chunk-C1GBGJcI.js:4
[   44685ms] [WARNING] THREE.WebGLRenderer: Texture marked for update but image is incomplete @ https://app.spline.design/assets/chunks/chunk-C1GBGJcI.js:4
[   44828ms] [WARNING] THREE.WebGLRenderer: Texture marked for update but image is incomplete @ https://app.spline.design/assets/chunks/chunk-C1GBGJcI.js:4
[   44829ms] [WARNING] THREE.WebGLProgram: Unsupported encoding: srgb @ https://app.spline.design/assets/chunks/chunk-C1GBGJcI.js:4
[   46891ms] [WARNING] THREE.WebGLRenderer: Texture marked for update but image is incomplete @ https://app.spline.design/assets/chunks/chunk-C1GBGJcI.js:4
[   46901ms] [WARNING] THREE.WebGLRenderer: Texture marked for update but image is incomplete @ https://app.spline.design/assets/chunks/chunk-C1GBGJcI.js:4
[   46908ms] [WARNING] THREE.WebGLRenderer: Texture marked for update but image is incomplete @ https://app.spline.design/assets/chunks/chunk-C1GBGJcI.js:4
[   46918ms] [WARNING] THREE.WebGLRenderer: Texture marked for update but image is incomplete @ https://app.spline.design/assets/chunks/chunk-C1GBGJcI.js:4
[   46931ms] [WARNING] THREE.WebGLRenderer: Texture marked for update but image is incomplete @ https://app.spline.design/assets/chunks/chunk-C1GBGJcI.js:4
[   46945ms] [WARNING] THREE.WebGLRenderer: Texture marked for update but image is incomplete @ https://app.spline.design/assets/chunks/chunk-C1GBGJcI.js:4
[   46958ms] [WARNING] THREE.WebGLRenderer: Texture marked for update but image is incomplete @ https://app.spline.design/assets/chunks/chunk-C1GBGJcI.js:4
[   46972ms] [WARNING] THREE.WebGLRenderer: Texture marked for update but image is incomplete @ https://app.spline.design/assets/chunks/chunk-C1GBGJcI.js:4
[   46986ms] [WARNING] THREE.WebGLRenderer: Texture marked for update but image is incomplete @ https://app.spline.design/assets/chunks/chunk-C1GBGJcI.js:4
[   46999ms] [WARNING] THREE.WebGLRenderer: Texture marked for update but image is incomplete @ https://app.spline.design/assets/chunks/chunk-C1GBGJcI.js:4
[   47013ms] [WARNING] THREE.WebGLRenderer: Texture marked for update but image is incomplete @ https://app.spline.design/assets/chunks/chunk-C1GBGJcI.js:4
[   47055ms] [WARNING] THREE.WebGLRenderer: Texture marked for update but image is incomplete @ https://app.spline.design/assets/chunks/chunk-C1GBGJcI.js:4
[   47062ms] [WARNING] THREE.WebGLRenderer: Texture marked for update but image is incomplete @ https://app.spline.design/assets/chunks/chunk-C1GBGJcI.js:4
[   47067ms] [WARNING] THREE.WebGLRenderer: Texture marked for update but image is incomplete @ https://app.spline.design/assets/chunks/chunk-C1GBGJcI.js:4
[   47083ms] [WARNING] THREE.WebGLRenderer: Texture marked for update but image is incomplete @ https://app.spline.design/assets/chunks/chunk-C1GBGJcI.js:4
[   47091ms] [WARNING] THREE.WebGLRenderer: Texture marked for update but image is incomplete @ https://app.spline.design/assets/chunks/chunk-C1GBGJcI.js:4
[   47105ms] [WARNING] THREE.WebGLRenderer: Texture marked for update but image is incomplete @ https://app.spline.design/assets/chunks/chunk-C1GBGJcI.js:4
[   47118ms] [WARNING] THREE.WebGLRenderer: Texture marked for update but image is incomplete @ https://app.spline.design/assets/chunks/chunk-C1GBGJcI.js:4
[   47131ms] [WARNING] THREE.WebGLRenderer: Texture marked for update but image is incomplete @ https://app.spline.design/assets/chunks/chunk-C1GBGJcI.js:4
[   47145ms] [WARNING] THREE.WebGLRenderer: Texture marked for update but image is incomplete @ https://app.spline.design/assets/chunks/chunk-C1GBGJcI.js:4
[   47158ms] [WARNING] THREE.WebGLRenderer: Texture marked for update but image is incomplete @ https://app.spline.design/assets/chunks/chunk-C1GBGJcI.js:4
[   47171ms] [WARNING] THREE.WebGLRenderer: Texture marked for update but image is incomplete @ https://app.spline.design/assets/chunks/chunk-C1GBGJcI.js:4
[   47185ms] [WARNING] THREE.WebGLRenderer: Texture marked for update but image is incomplete @ https://app.spline.design/assets/chunks/chunk-C1GBGJcI.js:4
[   47198ms] [WARNING] THREE.WebGLRenderer: Texture marked for update but image is incomplete @ https://app.spline.design/assets/chunks/chunk-C1GBGJcI.js:4
[   47212ms] [WARNING] THREE.WebGLRenderer: Texture marked for update but image is incomplete @ https://app.spline.design/assets/chunks/chunk-C1GBGJcI.js:4
[   47224ms] [WARNING] THREE.WebGLRenderer: Texture marked for update but image is incomplete @ https://app.spline.design/assets/chunks/chunk-C1GBGJcI.js:4
[   47238ms] [WARNING] THREE.WebGLRenderer: Texture marked for update but image is incomplete @ https://app.spline.design/assets/chunks/chunk-C1GBGJcI.js:4
[   47251ms] [WARNING] THREE.WebGLRenderer: Texture marked for update but image is incomplete @ https://app.spline.design/assets/chunks/chunk-C1GBGJcI.js:4
[   47264ms] [WARNING] THREE.WebGLRenderer: Texture marked for update but image is incomplete @ https://app.spline.design/assets/chunks/chunk-C1GBGJcI.js:4
[   47278ms] [WARNING] THREE.WebGLRenderer: Texture marked for update but image is incomplete @ https://app.spline.design/assets/chunks/chunk-C1GBGJcI.js:4
[   47291ms] [WARNING] THREE.WebGLRenderer: Texture marked for update but image is incomplete @ https://app.spline.design/assets/chunks/chunk-C1GBGJcI.js:4
[   47304ms] [WARNING] THREE.WebGLRenderer: Texture marked for update but image is incomplete @ https://app.spline.design/assets/chunks/chunk-C1GBGJcI.js:4
[   47317ms] [WARNING] THREE.WebGLRenderer: Texture marked for update but image is incomplete @ https://app.spline.design/assets/chunks/chunk-C1GBGJcI.js:4
[   47331ms] [WARNING] THREE.WebGLRenderer: Texture marked for update but image is incomplete @ https://app.spline.design/assets/chunks/chunk-C1GBGJcI.js:4
[   47344ms] [WARNING] THREE.WebGLRenderer: Texture marked for update but image is incomplete @ https://app.spline.design/assets/chunks/chunk-C1GBGJcI.js:4
[   47358ms] [WARNING] THREE.WebGLRenderer: Texture marked for update but image is incomplete @ https://app.spline.design/assets/chunks/chunk-C1GBGJcI.js:4
[   47371ms] [WARNING] THREE.WebGLRenderer: Texture marked for update but image is incomplete @ https://app.spline.design/assets/chunks/chunk-C1GBGJcI.js:4
[   47384ms] [WARNING] THREE.WebGLRenderer: Texture marked for update but image is incomplete @ https://app.spline.design/assets/chunks/chunk-C1GBGJcI.js:4
[   47398ms] [WARNING] THREE.WebGLRenderer: Texture marked for update but image is incomplete @ https://app.spline.design/assets/chunks/chunk-C1GBGJcI.js:4
[   47411ms] [WARNING] THREE.WebGLRenderer: Texture marked for update but image is incomplete @ https://app.spline.design/assets/chunks/chunk-C1GBGJcI.js:4
[   47424ms] [WARNING] THREE.WebGLRenderer: Texture marked for update but image is incomplete @ https://app.spline.design/assets/chunks/chunk-C1GBGJcI.js:4
[   47437ms] [WARNING] THREE.WebGLRenderer: Texture marked for update but image is incomplete @ https://app.spline.design/assets/chunks/chunk-C1GBGJcI.js:4
[   47451ms] [WARNING] THREE.WebGLRenderer: Texture marked for update but image is incomplete @ https://app.spline.design/assets/chunks/chunk-C1GBGJcI.js:4
[   47465ms] [WARNING] THREE.WebGLRenderer: Texture marked for update but image is incomplete @ https://app.spline.design/assets/chunks/chunk-C1GBGJcI.js:4
[   47477ms] [WARNING] THREE.WebGLRenderer: Texture marked for update but image is incomplete @ https://app.spline.design/assets/chunks/chunk-C1GBGJcI.js:4
[   47491ms] [WARNING] THREE.WebGLRenderer: Texture marked for update but image is incomplete @ https://app.spline.design/assets/chunks/chunk-C1GBGJcI.js:4
[   47504ms] [WARNING] THREE.WebGLRenderer: Texture marked for update but image is incomplete @ https://app.spline.design/assets/chunks/chunk-C1GBGJcI.js:4
[   47517ms] [WARNING] THREE.WebGLRenderer: Texture marked for update but image is incomplete @ https://app.spline.design/assets/chunks/chunk-C1GBGJcI.js:4
[   47531ms] [WARNING] THREE.WebGLRenderer: Texture marked for update but image is incomplete @ https://app.spline.design/assets/chunks/chunk-C1GBGJcI.js:4
[   47544ms] [WARNING] THREE.WebGLRenderer: Texture marked for update but image is incomplete @ https://app.spline.design/assets/chunks/chunk-C1GBGJcI.js:4
[   47558ms] [WARNING] THREE.WebGLRenderer: Texture marked for update but image is incomplete @ https://app.spline.design/assets/chunks/chunk-C1GBGJcI.js:4
[   47572ms] [WARNING] THREE.WebGLRenderer: Texture marked for update but image is incomplete @ https://app.spline.design/assets/chunks/chunk-C1GBGJcI.js:4
[   47585ms] [WARNING] THREE.WebGLRenderer: Texture marked for update but image is incomplete @ https://app.spline.design/assets/chunks/chunk-C1GBGJcI.js:4
[   47598ms] [WARNING] THREE.WebGLRenderer: Texture marked for update but image is incomplete @ https://app.spline.design/assets/chunks/chunk-C1GBGJcI.js:4
[   47611ms] [WARNING] THREE.WebGLRenderer: Texture marked for update but image is incomplete @ https://app.spline.design/assets/chunks/chunk-C1GBGJcI.js:4
[   47624ms] [WARNING] THREE.WebGLRenderer: Texture marked for update but image is incomplete @ https://app.spline.design/assets/chunks/chunk-C1GBGJcI.js:4
[   47637ms] [WARNING] THREE.WebGLRenderer: Texture marked for update but image is incomplete @ https://app.spline.design/assets/chunks/chunk-C1GBGJcI.js:4
[   47651ms] [WARNING] THREE.WebGLRenderer: Texture marked for update but image is incomplete @ https://app.spline.design/assets/chunks/chunk-C1GBGJcI.js:4
[   47665ms] [WARNING] THREE.WebGLRenderer: Texture marked for update but image is incomplete @ https://app.spline.design/assets/chunks/chunk-C1GBGJcI.js:4
[   47677ms] [WARNING] THREE.WebGLRenderer: Texture marked for update but image is incomplete @ https://app.spline.design/assets/chunks/chunk-C1GBGJcI.js:4
[   47690ms] [WARNING] THREE.WebGLRenderer: Texture marked for update but image is incomplete @ https://app.spline.design/assets/chunks/chunk-C1GBGJcI.js:4
[   47704ms] [WARNING] THREE.WebGLRenderer: Texture marked for update but image is incomplete @ https://app.spline.design/assets/chunks/chunk-C1GBGJcI.js:4
[   47717ms] [WARNING] THREE.WebGLRenderer: Texture marked for update but image is incomplete @ https://app.spline.design/assets/chunks/chunk-C1GBGJcI.js:4
[   47730ms] [WARNING] THREE.WebGLRenderer: Texture marked for update but image is incomplete @ https://app.spline.design/assets/chunks/chunk-C1GBGJcI.js:4
[   47744ms] [WARNING] THREE.WebGLRenderer: Texture marked for update but image is incomplete @ https://app.spline.design/assets/chunks/chunk-C1GBGJcI.js:4
[   47758ms] [WARNING] THREE.WebGLRenderer: Texture marked for update but image is incomplete @ https://app.spline.design/assets/chunks/chunk-C1GBGJcI.js:4
[   47771ms] [WARNING] THREE.WebGLRenderer: Texture marked for update but image is incomplete @ https://app.spline.design/assets/chunks/chunk-C1GBGJcI.js:4
[   47784ms] [WARNING] THREE.WebGLRenderer: Texture marked for update but image is incomplete @ https://app.spline.design/assets/chunks/chunk-C1GBGJcI.js:4
[   47798ms] [WARNING] THREE.WebGLRenderer: Texture marked for update but image is incomplete @ https://app.spline.design/assets/chunks/chunk-C1GBGJcI.js:4
[   47811ms] [WARNING] THREE.WebGLRenderer: Texture marked for update but image is incomplete @ https://app.spline.design/assets/chunks/chunk-C1GBGJcI.js:4
[   47824ms] [WARNING] THREE.WebGLRenderer: Texture marked for update but image is incomplete @ https://app.spline.design/assets/chunks/chunk-C1GBGJcI.js:4
[   47837ms] [WARNING] THREE.WebGLRenderer: Texture marked for update but image is incomplete @ https://app.spline.design/assets/chunks/chunk-C1GBGJcI.js:4
[   47850ms] [WARNING] THREE.WebGLRenderer: Texture marked for update but image is incomplete @ https://app.spline.design/assets/chunks/chunk-C1GBGJcI.js:4
[   47863ms] [WARNING] THREE.WebGLRenderer: Texture marked for update but image is incomplete @ https://app.spline.design/assets/chunks/chunk-C1GBGJcI.js:4
[   47877ms] [WARNING] THREE.WebGLRenderer: Texture marked for update but image is incomplete @ https://app.spline.design/assets/chunks/chunk-C1GBGJcI.js:4
[   47890ms] [WARNING] THREE.WebGLRenderer: Texture marked for update but image is incomplete @ https://app.spline.design/assets/chunks/chunk-C1GBGJcI.js:4
[   47905ms] [WARNING] THREE.WebGLRenderer: Texture marked for update but image is incomplete @ https://app.spline.design/assets/chunks/chunk-C1GBGJcI.js:4
[   47917ms] [WARNING] THREE.WebGLRenderer: Texture marked for update but image is incomplete @ https://app.spline.design/assets/chunks/chunk-C1GBGJcI.js:4
[   47931ms] [WARNING] THREE.WebGLRenderer: Texture marked for update but image is incomplete @ https://app.spline.design/assets/chunks/chunk-C1GBGJcI.js:4
[   47945ms] [WARNING] THREE.WebGLRenderer: Texture marked for update but image is incomplete @ https://app.spline.design/assets/chunks/chunk-C1GBGJcI.js:4
[   47958ms] [WARNING] THREE.WebGLRenderer: Texture marked for update but image is incomplete @ https://app.spline.design/assets/chunks/chunk-C1GBGJcI.js:4
[   47971ms] [WARNING] THREE.WebGLRenderer: Texture marked for update but image is incomplete @ https://app.spline.design/assets/chunks/chunk-C1GBGJcI.js:4
[   47985ms] [WARNING] THREE.WebGLRenderer: Texture marked for update but image is incomplete @ https://app.spline.design/assets/chunks/chunk-C1GBGJcI.js:4
[   47998ms] [WARNING] THREE.WebGLRenderer: Texture marked for update but image is incomplete @ https://app.spline.design/assets/chunks/chunk-C1GBGJcI.js:4
[   48011ms] [WARNING] THREE.WebGLRenderer: Texture marked for update but image is incomplete @ https://app.spline.design/assets/chunks/chunk-C1GBGJcI.js:4
[   48024ms] [WARNING] THREE.WebGLRenderer: Texture marked for update but image is incomplete @ https://app.spline.design/assets/chunks/chunk-C1GBGJcI.js:4
[   48038ms] [WARNING] THREE.WebGLRenderer: Texture marked for update but image is incomplete @ https://app.spline.design/assets/chunks/chunk-C1GBGJcI.js:4
[   48051ms] [WARNING] THREE.WebGLRenderer: Texture marked for update but image is incomplete @ https://app.spline.design/assets/chunks/chunk-C1GBGJcI.js:4
[   48064ms] [WARNING] THREE.WebGLRenderer: Texture marked for update but image is incomplete @ https://app.spline.design/assets/chunks/chunk-C1GBGJcI.js:4
[   48078ms] [WARNING] THREE.WebGLRenderer: Texture marked for update but image is incomplete @ https://app.spline.design/assets/chunks/chunk-C1GBGJcI.js:4
[   48091ms] [WARNING] THREE.WebGLRenderer: Texture marked for update but image is incomplete @ https://app.spline.design/assets/chunks/chunk-C1GBGJcI.js:4
[   48104ms] [WARNING] THREE.WebGLRenderer: Texture marked for update but image is incomplete @ https://app.spline.design/assets/chunks/chunk-C1GBGJcI.js:4
[   48118ms] [WARNING] THREE.WebGLRenderer: Texture marked for update but image is incomplete @ https://app.spline.design/assets/chunks/chunk-C1GBGJcI.js:4
[   48131ms] [WARNING] THREE.WebGLRenderer: Texture marked for update but image is incomplete @ https://app.spline.design/assets/chunks/chunk-C1GBGJcI.js:4
[   48144ms] [WARNING] THREE.WebGLRenderer: Texture marked for update but image is incomplete @ https://app.spline.design/assets/chunks/chunk-C1GBGJcI.js:4
[   48158ms] [WARNING] THREE.WebGLRenderer: Texture marked for update but image is incomplete @ https://app.spline.design/assets/chunks/chunk-C1GBGJcI.js:4
[   48171ms] [WARNING] THREE.WebGLRenderer: Texture marked for update but image is incomplete @ https://app.spline.design/assets/chunks/chunk-C1GBGJcI.js:4
[   48185ms] [WARNING] THREE.WebGLRenderer: Texture marked for update but image is incomplete @ https://app.spline.design/assets/chunks/chunk-C1GBGJcI.js:4
[   48198ms] [WARNING] THREE.WebGLRenderer: Texture marked for update but image is incomplete @ https://app.spline.design/assets/chunks/chunk-C1GBGJcI.js:4
[   48211ms] [WARNING] THREE.WebGLRenderer: Texture marked for update but image is incomplete @ https://app.spline.design/assets/chunks/chunk-C1GBGJcI.js:4
[   48224ms] [WARNING] THREE.WebGLRenderer: Texture marked for update but image is incomplete @ https://app.spline.design/assets/chunks/chunk-C1GBGJcI.js:4
[   48237ms] [WARNING] THREE.WebGLRenderer: Texture marked for update but image is incomplete @ https://app.spline.design/assets/chunks/chunk-C1GBGJcI.js:4
[   48251ms] [WARNING] THREE.WebGLRenderer: Texture marked for update but image is incomplete @ https://app.spline.design/assets/chunks/chunk-C1GBGJcI.js:4
[   48265ms] [WARNING] THREE.WebGLRenderer: Texture marked for update but image is incomplete @ https://app.spline.design/assets/chunks/chunk-C1GBGJcI.js:4
[   48277ms] [WARNING] THREE.WebGLRenderer: Texture marked for update but image is incomplete @ https://app.spline.design/assets/chunks/chunk-C1GBGJcI.js:4
[   48291ms] [WARNING] THREE.WebGLRenderer: Texture marked for update but image is incomplete @ https://app.spline.design/assets/chunks/chunk-C1GBGJcI.js:4
[   48305ms] [WARNING] THREE.WebGLRenderer: Texture marked for update but image is incomplete @ https://app.spline.design/assets/chunks/chunk-C1GBGJcI.js:4
[   48318ms] [WARNING] THREE.WebGLRenderer: Texture marked for update but image is incomplete @ https://app.spline.design/assets/chunks/chunk-C1GBGJcI.js:4
[   48331ms] [WARNING] THREE.WebGLRenderer: Texture marked for update but image is incomplete @ https://app.spline.design/assets/chunks/chunk-C1GBGJcI.js:4
[   48344ms] [WARNING] THREE.WebGLRenderer: Texture marked for update but image is incomplete @ https://app.spline.design/assets/chunks/chunk-C1GBGJcI.js:4
[   48358ms] [WARNING] THREE.WebGLRenderer: Texture marked for update but image is incomplete @ https://app.spline.design/assets/chunks/chunk-C1GBGJcI.js:4
[   48371ms] [WARNING] THREE.WebGLRenderer: Texture marked for update but image is incomplete @ https://app.spline.design/assets/chunks/chunk-C1GBGJcI.js:4
[   48385ms] [WARNING] THREE.WebGLRenderer: Texture marked for update but image is incomplete @ https://app.spline.design/assets/chunks/chunk-C1GBGJcI.js:4
[   48398ms] [WARNING] THREE.WebGLRenderer: Texture marked for update but image is incomplete @ https://app.spline.design/assets/chunks/chunk-C1GBGJcI.js:4
[   48411ms] [WARNING] THREE.WebGLRenderer: Texture marked for update but image is incomplete @ https://app.spline.design/assets/chunks/chunk-C1GBGJcI.js:4
[   48424ms] [WARNING] THREE.WebGLRenderer: Texture marked for update but image is incomplete @ https://app.spline.design/assets/chunks/chunk-C1GBGJcI.js:4
[   48438ms] [WARNING] THREE.WebGLRenderer: Texture marked for update but image is incomplete @ https://app.spline.design/assets/chunks/chunk-C1GBGJcI.js:4
[   48451ms] [WARNING] THREE.WebGLRenderer: Texture marked for update but image is incomplete @ https://app.spline.design/assets/chunks/chunk-C1GBGJcI.js:4
[   48464ms] [WARNING] THREE.WebGLRenderer: Texture marked for update but image is incomplete @ https://app.spline.design/assets/chunks/chunk-C1GBGJcI.js:4
[   48477ms] [WARNING] THREE.WebGLRenderer: Texture marked for update but image is incomplete @ https://app.spline.design/assets/chunks/chunk-C1GBGJcI.js:4
[   48491ms] [WARNING] THREE.WebGLRenderer: Texture marked for update but image is incomplete @ https://app.spline.design/assets/chunks/chunk-C1GBGJcI.js:4
[   48504ms] [WARNING] THREE.WebGLRenderer: Texture marked for update but image is incomplete @ https://app.spline.design/assets/chunks/chunk-C1GBGJcI.js:4
[   48518ms] [WARNING] THREE.WebGLRenderer: Texture marked for update but image is incomplete @ https://app.spline.design/assets/chunks/chunk-C1GBGJcI.js:4
[   48531ms] [WARNING] THREE.WebGLRenderer: Texture marked for update but image is incomplete @ https://app.spline.design/assets/chunks/chunk-C1GBGJcI.js:4
[   48544ms] [WARNING] THREE.WebGLRenderer: Texture marked for update but image is incomplete @ https://app.spline.design/assets/chunks/chunk-C1GBGJcI.js:4
[   48557ms] [WARNING] THREE.WebGLRenderer: Texture marked for update but image is incomplete @ https://app.spline.design/assets/chunks/chunk-C1GBGJcI.js:4
[   48571ms] [WARNING] THREE.WebGLRenderer: Texture marked for update but image is incomplete @ https://app.spline.design/assets/chunks/chunk-C1GBGJcI.js:4
[   48594ms] [WARNING] THREE.WebGLRenderer: Texture marked for update but image is incomplete @ https://app.spline.design/assets/chunks/chunk-C1GBGJcI.js:4
[   48598ms] [WARNING] THREE.WebGLRenderer: Texture marked for update but image is incomplete @ https://app.spline.design/assets/chunks/chunk-C1GBGJcI.js:4
[   48611ms] [WARNING] THREE.WebGLRenderer: Texture marked for update but image is incomplete @ https://app.spline.design/assets/chunks/chunk-C1GBGJcI.js:4
[   48624ms] [WARNING] THREE.WebGLRenderer: Texture marked for update but image is incomplete @ https://app.spline.design/assets/chunks/chunk-C1GBGJcI.js:4
[   48638ms] [WARNING] THREE.WebGLRenderer: Texture marked for update but image is incomplete @ https://app.spline.design/assets/chunks/chunk-C1GBGJcI.js:4
[   48652ms] [WARNING] THREE.WebGLRenderer: Texture marked for update but image is incomplete @ https://app.spline.design/assets/chunks/chunk-C1GBGJcI.js:4
[   48665ms] [WARNING] THREE.WebGLRenderer: Texture marked for update but image is incomplete @ https://app.spline.design/assets/chunks/chunk-C1GBGJcI.js:4
[   48678ms] [WARNING] THREE.WebGLRenderer: Texture marked for update but image is incomplete @ https://app.spline.design/assets/chunks/chunk-C1GBGJcI.js:4
[   48691ms] [WARNING] THREE.WebGLRenderer: Texture marked for update but image is incomplete @ https://app.spline.design/assets/chunks/chunk-C1GBGJcI.js:4
[   48705ms] [WARNING] THREE.WebGLRenderer: Texture marked for update but image is incomplete @ https://app.spline.design/assets/chunks/chunk-C1GBGJcI.js:4
[   48718ms] [WARNING] THREE.WebGLRenderer: Texture marked for update but image is incomplete @ https://app.spline.design/assets/chunks/chunk-C1GBGJcI.js:4
[   48731ms] [WARNING] THREE.WebGLRenderer: Texture marked for update but image is incomplete @ https://app.spline.design/assets/chunks/chunk-C1GBGJcI.js:4
[   48745ms] [WARNING] THREE.WebGLRenderer: Texture marked for update but image is incomplete @ https://app.spline.design/assets/chunks/chunk-C1GBGJcI.js:4
[   48758ms] [WARNING] THREE.WebGLRenderer: Texture marked for update but image is incomplete @ https://app.spline.design/assets/chunks/chunk-C1GBGJcI.js:4
[   48771ms] [WARNING] THREE.WebGLRenderer: Texture marked for update but image is incomplete @ https://app.spline.design/assets/chunks/chunk-C1GBGJcI.js:4
[   48784ms] [WARNING] THREE.WebGLRenderer: Texture marked for update but image is incomplete @ https://app.spline.design/assets/chunks/chunk-C1GBGJcI.js:4
[   48797ms] [WARNING] THREE.WebGLRenderer: Texture marked for update but image is incomplete @ https://app.spline.design/assets/chunks/chunk-C1GBGJcI.js:4
[   48810ms] [WARNING] THREE.WebGLRenderer: Texture marked for update but image is incomplete @ https://app.spline.design/assets/chunks/chunk-C1GBGJcI.js:4
[   48824ms] [WARNING] THREE.WebGLRenderer: Texture marked for update but image is incomplete @ https://app.spline.design/assets/chunks/chunk-C1GBGJcI.js:4
[   48838ms] [WARNING] THREE.WebGLRenderer: Texture marked for update but image is incomplete @ https://app.spline.design/assets/chunks/chunk-C1GBGJcI.js:4
[   48852ms] [WARNING] THREE.WebGLRenderer: Texture marked for update but image is incomplete @ https://app.spline.design/assets/chunks/chunk-C1GBGJcI.js:4
[   48864ms] [WARNING] THREE.WebGLRenderer: Texture marked for update but image is incomplete @ https://app.spline.design/assets/chunks/chunk-C1GBGJcI.js:4
[   48879ms] [WARNING] THREE.WebGLRenderer: Texture marked for update but image is incomplete @ https://app.spline.design/assets/chunks/chunk-C1GBGJcI.js:4
[   48890ms] [WARNING] THREE.WebGLRenderer: Texture marked for update but image is incomplete @ https://app.spline.design/assets/chunks/chunk-C1GBGJcI.js:4
[   48904ms] [WARNING] THREE.WebGLRenderer: Texture marked for update but image is incomplete @ https://app.spline.design/assets/chunks/chunk-C1GBGJcI.js:4
[   48919ms] [WARNING] THREE.WebGLRenderer: Texture marked for update but image is incomplete @ https://app.spline.design/assets/chunks/chunk-C1GBGJcI.js:4
[   48931ms] [WARNING] THREE.WebGLRenderer: Texture marked for update but image is incomplete @ https://app.spline.design/assets/chunks/chunk-C1GBGJcI.js:4
[   48946ms] [WARNING] THREE.WebGLRenderer: Texture marked for update but image is incomplete @ https://app.spline.design/assets/chunks/chunk-C1GBGJcI.js:4
[   48958ms] [WARNING] THREE.WebGLRenderer: Texture marked for update but image is incomplete @ https://app.spline.design/assets/chunks/chunk-C1GBGJcI.js:4
[   48972ms] [WARNING] THREE.WebGLRenderer: Texture marked for update but image is incomplete @ https://app.spline.design/assets/chunks/chunk-C1GBGJcI.js:4
[   48985ms] [WARNING] THREE.WebGLRenderer: Texture marked for update but image is incomplete @ https://app.spline.design/assets/chunks/chunk-C1GBGJcI.js:4
[   48998ms] [WARNING] THREE.WebGLRenderer: Texture marked for update but image is incomplete @ https://app.spline.design/assets/chunks/chunk-C1GBGJcI.js:4
[   49012ms] [WARNING] THREE.WebGLRenderer: Texture marked for update but image is incomplete @ https://app.spline.design/assets/chunks/chunk-C1GBGJcI.js:4
[   49024ms] [WARNING] THREE.WebGLRenderer: Texture marked for update but image is incomplete @ https://app.spline.design/assets/chunks/chunk-C1GBGJcI.js:4
[   49038ms] [WARNING] THREE.WebGLRenderer: Texture marked for update but image is incomplete @ https://app.spline.design/assets/chunks/chunk-C1GBGJcI.js:4
[   49051ms] [WARNING] THREE.WebGLRenderer: Texture marked for update but image is incomplete @ https://app.spline.design/assets/chunks/chunk-C1GBGJcI.js:4
[   49065ms] [WARNING] THREE.WebGLRenderer: Texture marked for update but image is incomplete @ https://app.spline.design/assets/chunks/chunk-C1GBGJcI.js:4
[   49077ms] [WARNING] THREE.WebGLRenderer: Texture marked for update but image is incomplete @ https://app.spline.design/assets/chunks/chunk-C1GBGJcI.js:4
[   49091ms] [WARNING] THREE.WebGLRenderer: Texture marked for update but image is incomplete @ https://app.spline.design/assets/chunks/chunk-C1GBGJcI.js:4
[   49105ms] [WARNING] THREE.WebGLRenderer: Texture marked for update but image is incomplete @ https://app.spline.design/assets/chunks/chunk-C1GBGJcI.js:4
[   49118ms] [WARNING] THREE.WebGLRenderer: Texture marked for update but image is incomplete @ https://app.spline.design/assets/chunks/chunk-C1GBGJcI.js:4
[   49131ms] [WARNING] THREE.WebGLRenderer: Texture marked for update but image is incomplete @ https://app.spline.design/assets/chunks/chunk-C1GBGJcI.js:4
[   49145ms] [WARNING] THREE.WebGLRenderer: Texture marked for update but image is incomplete @ https://app.spline.design/assets/chunks/chunk-C1GBGJcI.js:4
[   49159ms] [WARNING] THREE.WebGLRenderer: Texture marked for update but image is incomplete @ https://app.spline.design/assets/chunks/chunk-C1GBGJcI.js:4
[   49171ms] [WARNING] THREE.WebGLRenderer: Texture marked for update but image is incomplete @ https://app.spline.design/assets/chunks/chunk-C1GBGJcI.js:4
[   49185ms] [WARNING] THREE.WebGLRenderer: Texture marked for update but image is incomplete @ https://app.spline.design/assets/chunks/chunk-C1GBGJcI.js:4
[   49198ms] [WARNING] THREE.WebGLRenderer: Texture marked for update but image is incomplete @ https://app.spline.design/assets/chunks/chunk-C1GBGJcI.js:4
[   49216ms] [WARNING] THREE.WebGLRenderer: Texture marked for update but image is incomplete @ https://app.spline.design/assets/chunks/chunk-C1GBGJcI.js:4
[   49225ms] [WARNING] THREE.WebGLRenderer: Texture marked for update but image is incomplete @ https://app.spline.design/assets/chunks/chunk-C1GBGJcI.js:4
[   49238ms] [WARNING] THREE.WebGLRenderer: Texture marked for update but image is incomplete @ https://app.spline.design/assets/chunks/chunk-C1GBGJcI.js:4
[   49251ms] [WARNING] THREE.WebGLRenderer: Texture marked for update but image is incomplete @ https://app.spline.design/assets/chunks/chunk-C1GBGJcI.js:4
[   49264ms] [WARNING] THREE.WebGLRenderer: Texture marked for update but image is incomplete @ https://app.spline.design/assets/chunks/chunk-C1GBGJcI.js:4
[   49278ms] [WARNING] THREE.WebGLRenderer: Texture marked for update but image is incomplete @ https://app.spline.design/assets/chunks/chunk-C1GBGJcI.js:4
[   49291ms] [WARNING] THREE.WebGLRenderer: Texture marked for update but image is incomplete @ https://app.spline.design/assets/chunks/chunk-C1GBGJcI.js:4
[   49305ms] [WARNING] THREE.WebGLRenderer: Texture marked for update but image is incomplete @ https://app.spline.design/assets/chunks/chunk-C1GBGJcI.js:4
[   49318ms] [WARNING] THREE.WebGLRenderer: Texture marked for update but image is incomplete @ https://app.spline.design/assets/chunks/chunk-C1GBGJcI.js:4
[   49331ms] [WARNING] THREE.WebGLRenderer: Texture marked for update but image is incomplete @ https://app.spline.design/assets/chunks/chunk-C1GBGJcI.js:4
[   49345ms] [WARNING] THREE.WebGLRenderer: Texture marked for update but image is incomplete @ https://app.spline.design/assets/chunks/chunk-C1GBGJcI.js:4
[   49358ms] [WARNING] THREE.WebGLRenderer: Texture marked for update but image is incomplete @ https://app.spline.design/assets/chunks/chunk-C1GBGJcI.js:4
[   49372ms] [WARNING] THREE.WebGLRenderer: Texture marked for update but image is incomplete @ https://app.spline.design/assets/chunks/chunk-C1GBGJcI.js:4
[   49385ms] [WARNING] THREE.WebGLRenderer: Texture marked for update but image is incomplete @ https://app.spline.design/assets/chunks/chunk-C1GBGJcI.js:4
[   49398ms] [WARNING] THREE.WebGLRenderer: Texture marked for update but image is incomplete @ https://app.spline.design/assets/chunks/chunk-C1GBGJcI.js:4
[   49411ms] [WARNING] THREE.WebGLRenderer: Texture marked for update but image is incomplete @ https://app.spline.design/assets/chunks/chunk-C1GBGJcI.js:4
[   49425ms] [WARNING] THREE.WebGLRenderer: Texture marked for update but image is incomplete @ https://app.spline.design/assets/chunks/chunk-C1GBGJcI.js:4
[   49438ms] [WARNING] THREE.WebGLRenderer: Texture marked for update but image is incomplete @ https://app.spline.design/assets/chunks/chunk-C1GBGJcI.js:4
[   49453ms] [WARNING] THREE.WebGLRenderer: Texture marked for update but image is incomplete @ https://app.spline.design/assets/chunks/chunk-C1GBGJcI.js:4
[   49465ms] [WARNING] THREE.WebGLRenderer: Texture marked for update but image is incomplete @ https://app.spline.design/assets/chunks/chunk-C1GBGJcI.js:4
[   49479ms] [WARNING] THREE.WebGLRenderer: Texture marked for update but image is incomplete @ https://app.spline.design/assets/chunks/chunk-C1GBGJcI.js:4
[   49491ms] [WARNING] THREE.WebGLRenderer: Texture marked for update but image is incomplete @ https://app.spline.design/assets/chunks/chunk-C1GBGJcI.js:4
[   49505ms] [WARNING] THREE.WebGLRenderer: Texture marked for update but image is incomplete @ https://app.spline.design/assets/chunks/chunk-C1GBGJcI.js:4
[   49518ms] [WARNING] THREE.WebGLRenderer: Texture marked for update but image is incomplete @ https://app.spline.design/assets/chunks/chunk-C1GBGJcI.js:4
[   49532ms] [WARNING] THREE.WebGLRenderer: Texture marked for update but image is incomplete @ https://app.spline.design/assets/chunks/chunk-C1GBGJcI.js:4
[   49545ms] [WARNING] THREE.WebGLRenderer: Texture marked for update but image is incomplete @ https://app.spline.design/assets/chunks/chunk-C1GBGJcI.js:4
[   49558ms] [WARNING] THREE.WebGLRenderer: Texture marked for update but image is incomplete @ https://app.spline.design/assets/chunks/chunk-C1GBGJcI.js:4
[   49573ms] [WARNING] THREE.WebGLRenderer: Texture marked for update but image is incomplete @ https://app.spline.design/assets/chunks/chunk-C1GBGJcI.js:4
[   49585ms] [WARNING] THREE.WebGLRenderer: Texture marked for update but image is incomplete @ https://app.spline.design/assets/chunks/chunk-C1GBGJcI.js:4
[   49599ms] [WARNING] THREE.WebGLRenderer: Texture marked for update but image is incomplete @ https://app.spline.design/assets/chunks/chunk-C1GBGJcI.js:4
[   49612ms] [WARNING] THREE.WebGLRenderer: Texture marked for update but image is incomplete @ https://app.spline.design/assets/chunks/chunk-C1GBGJcI.js:4
[   49625ms] [WARNING] THREE.WebGLRenderer: Texture marked for update but image is incomplete @ https://app.spline.design/assets/chunks/chunk-C1GBGJcI.js:4
[   49638ms] [WARNING] THREE.WebGLRenderer: Texture marked for update but image is incomplete @ https://app.spline.design/assets/chunks/chunk-C1GBGJcI.js:4
[   49651ms] [WARNING] THREE.WebGLRenderer: Texture marked for update but image is incomplete @ https://app.spline.design/assets/chunks/chunk-C1GBGJcI.js:4
[   49665ms] [WARNING] THREE.WebGLRenderer: Texture marked for update but image is incomplete @ https://app.spline.design/assets/chunks/chunk-C1GBGJcI.js:4
[   49679ms] [WARNING] THREE.WebGLRenderer: Texture marked for update but image is incomplete @ https://app.spline.design/assets/chunks/chunk-C1GBGJcI.js:4
[   49692ms] [WARNING] THREE.WebGLRenderer: Texture marked for update but image is incomplete @ https://app.spline.design/assets/chunks/chunk-C1GBGJcI.js:4
[   49708ms] [WARNING] THREE.WebGLRenderer: Texture marked for update but image is incomplete @ https://app.spline.design/assets/chunks/chunk-C1GBGJcI.js:4
[   49738ms] [WARNING] THREE.WebGLRenderer: Texture marked for update but image is incomplete @ https://app.spline.design/assets/chunks/chunk-C1GBGJcI.js:4
[   49740ms] [WARNING] THREE.WebGLRenderer: Texture marked for update but image is incomplete @ https://app.spline.design/assets/chunks/chunk-C1GBGJcI.js:4
[   49745ms] [WARNING] THREE.WebGLRenderer: Texture marked for update but image is incomplete @ https://app.spline.design/assets/chunks/chunk-C1GBGJcI.js:4
[   49758ms] [WARNING] THREE.WebGLRenderer: Texture marked for update but image is incomplete @ https://app.spline.design/assets/chunks/chunk-C1GBGJcI.js:4
[   49772ms] [WARNING] THREE.WebGLRenderer: Texture marked for update but image is incomplete @ https://app.spline.design/assets/chunks/chunk-C1GBGJcI.js:4
[   49820ms] [WARNING] THREE.WebGLRenderer: Texture marked for update but image is incomplete @ https://app.spline.design/assets/chunks/chunk-C1GBGJcI.js:4
[   49825ms] [WARNING] THREE.WebGLRenderer: Texture marked for update but image is incomplete @ https://app.spline.design/assets/chunks/chunk-C1GBGJcI.js:4
[   49828ms] [WARNING] THREE.WebGLRenderer: Texture marked for update but image is incomplete @ https://app.spline.design/assets/chunks/chunk-C1GBGJcI.js:4
[   49839ms] [WARNING] THREE.WebGLRenderer: Texture marked for update but image is incomplete @ https://app.spline.design/assets/chunks/chunk-C1GBGJcI.js:4
[   49865ms] [WARNING] THREE.WebGLRenderer: Texture marked for update but image is incomplete @ https://app.spline.design/assets/chunks/chunk-C1GBGJcI.js:4
[   49878ms] [WARNING] THREE.WebGLRenderer: Texture marked for update but image is incomplete @ https://app.spline.design/assets/chunks/chunk-C1GBGJcI.js:4
[   49891ms] [WARNING] THREE.WebGLRenderer: Texture marked for update but image is incomplete @ https://app.spline.design/assets/chunks/chunk-C1GBGJcI.js:4
[   49905ms] [WARNING] THREE.WebGLRenderer: Texture marked for update but image is incomplete @ https://app.spline.design/assets/chunks/chunk-C1GBGJcI.js:4
[   49919ms] [WARNING] THREE.WebGLRenderer: Texture marked for update but image is incomplete @ https://app.spline.design/assets/chunks/chunk-C1GBGJcI.js:4
[   49932ms] [WARNING] THREE.WebGLRenderer: Texture marked for update but image is incomplete @ https://app.spline.design/assets/chunks/chunk-C1GBGJcI.js:4
[   49946ms] [WARNING] THREE.WebGLRenderer: Texture marked for update but image is incomplete @ https://app.spline.design/assets/chunks/chunk-C1GBGJcI.js:4
[   49958ms] [WARNING] THREE.WebGLRenderer: Texture marked for update but image is incomplete @ https://app.spline.design/assets/chunks/chunk-C1GBGJcI.js:4
[   49972ms] [WARNING] THREE.WebGLRenderer: Texture marked for update but image is incomplete @ https://app.spline.design/assets/chunks/chunk-C1GBGJcI.js:4
[   49985ms] [WARNING] THREE.WebGLRenderer: Texture marked for update but image is incomplete @ https://app.spline.design/assets/chunks/chunk-C1GBGJcI.js:4
[   49998ms] [WARNING] THREE.WebGLRenderer: Texture marked for update but image is incomplete @ https://app.spline.design/assets/chunks/chunk-C1GBGJcI.js:4
[   50012ms] [WARNING] THREE.WebGLRenderer: Texture marked for update but image is incomplete @ https://app.spline.design/assets/chunks/chunk-C1GBGJcI.js:4
[   50024ms] [WARNING] THREE.WebGLRenderer: Texture marked for update but image is incomplete @ https://app.spline.design/assets/chunks/chunk-C1GBGJcI.js:4
[   50038ms] [WARNING] THREE.WebGLRenderer: Texture marked for update but image is incomplete @ https://app.spline.design/assets/chunks/chunk-C1GBGJcI.js:4
[   50052ms] [WARNING] THREE.WebGLRenderer: Texture marked for update but image is incomplete @ https://app.spline.design/assets/chunks/chunk-C1GBGJcI.js:4
[   50065ms] [WARNING] THREE.WebGLRenderer: Texture marked for update but image is incomplete @ https://app.spline.design/assets/chunks/chunk-C1GBGJcI.js:4
[   50078ms] [WARNING] THREE.WebGLRenderer: Texture marked for update but image is incomplete @ https://app.spline.design/assets/chunks/chunk-C1GBGJcI.js:4
[   50091ms] [WARNING] THREE.WebGLRenderer: Texture marked for update but image is incomplete @ https://app.spline.design/assets/chunks/chunk-C1GBGJcI.js:4
[   50105ms] [WARNING] THREE.WebGLRenderer: Texture marked for update but image is incomplete @ https://app.spline.design/assets/chunks/chunk-C1GBGJcI.js:4
[   50119ms] [WARNING] THREE.WebGLRenderer: Texture marked for update but image is incomplete @ https://app.spline.design/assets/chunks/chunk-C1GBGJcI.js:4
[   50131ms] [WARNING] THREE.WebGLRenderer: Texture marked for update but image is incomplete @ https://app.spline.design/assets/chunks/chunk-C1GBGJcI.js:4
[   50144ms] [WARNING] THREE.WebGLRenderer: Texture marked for update but image is incomplete @ https://app.spline.design/assets/chunks/chunk-C1GBGJcI.js:4
[   50158ms] [WARNING] THREE.WebGLRenderer: Texture marked for update but image is incomplete @ https://app.spline.design/assets/chunks/chunk-C1GBGJcI.js:4
[   50172ms] [WARNING] THREE.WebGLRenderer: Texture marked for update but image is incomplete @ https://app.spline.design/assets/chunks/chunk-C1GBGJcI.js:4
[   50184ms] [WARNING] THREE.WebGLRenderer: Texture marked for update but image is incomplete @ https://app.spline.design/assets/chunks/chunk-C1GBGJcI.js:4
[   50198ms] [WARNING] THREE.WebGLRenderer: Texture marked for update but image is incomplete @ https://app.spline.design/assets/chunks/chunk-C1GBGJcI.js:4
[   50213ms] [WARNING] THREE.WebGLRenderer: Texture marked for update but image is incomplete @ https://app.spline.design/assets/chunks/chunk-C1GBGJcI.js:4
[   50226ms] [WARNING] THREE.WebGLRenderer: Texture marked for update but image is incomplete @ https://app.spline.design/assets/chunks/chunk-C1GBGJcI.js:4
[   50238ms] [WARNING] THREE.WebGLRenderer: Texture marked for update but image is incomplete @ https://app.spline.design/assets/chunks/chunk-C1GBGJcI.js:4
[   50252ms] [WARNING] THREE.WebGLRenderer: Texture marked for update but image is incomplete @ https://app.spline.design/assets/chunks/chunk-C1GBGJcI.js:4
[   50266ms] [WARNING] THREE.WebGLRenderer: Texture marked for update but image is incomplete @ https://app.spline.design/assets/chunks/chunk-C1GBGJcI.js:4
[   50279ms] [WARNING] THREE.WebGLRenderer: Texture marked for update but image is incomplete @ https://app.spline.design/assets/chunks/chunk-C1GBGJcI.js:4
[   50292ms] [WARNING] THREE.WebGLRenderer: Texture marked for update but image is incomplete @ https://app.spline.design/assets/chunks/chunk-C1GBGJcI.js:4
[   50306ms] [WARNING] THREE.WebGLRenderer: Texture marked for update but image is incomplete @ https://app.spline.design/assets/chunks/chunk-C1GBGJcI.js:4
[   50319ms] [WARNING] THREE.WebGLRenderer: Texture marked for update but image is incomplete @ https://app.spline.design/assets/chunks/chunk-C1GBGJcI.js:4
[   50332ms] [WARNING] THREE.WebGLRenderer: Texture marked for update but image is incomplete @ https://app.spline.design/assets/chunks/chunk-C1GBGJcI.js:4
[   50345ms] [WARNING] THREE.WebGLRenderer: Texture marked for update but image is incomplete @ https://app.spline.design/assets/chunks/chunk-C1GBGJcI.js:4
[   50358ms] [WARNING] THREE.WebGLRenderer: Texture marked for update but image is incomplete @ https://app.spline.design/assets/chunks/chunk-C1GBGJcI.js:4
[   50371ms] [WARNING] THREE.WebGLRenderer: Texture marked for update but image is incomplete @ https://app.spline.design/assets/chunks/chunk-C1GBGJcI.js:4
[   50385ms] [WARNING] THREE.WebGLRenderer: Texture marked for update but image is incomplete @ https://app.spline.design/assets/chunks/chunk-C1GBGJcI.js:4
[   50398ms] [WARNING] THREE.WebGLRenderer: Texture marked for update but image is incomplete @ https://app.spline.design/assets/chunks/chunk-C1GBGJcI.js:4
[   50413ms] [WARNING] THREE.WebGLRenderer: Texture marked for update but image is incomplete @ https://app.spline.design/assets/chunks/chunk-C1GBGJcI.js:4
[   50425ms] [WARNING] THREE.WebGLRenderer: Texture marked for update but image is incomplete @ https://app.spline.design/assets/chunks/chunk-C1GBGJcI.js:4
[   50439ms] [WARNING] THREE.WebGLRenderer: Texture marked for update but image is incomplete @ https://app.spline.design/assets/chunks/chunk-C1GBGJcI.js:4
[   50453ms] [WARNING] THREE.WebGLRenderer: Texture marked for update but image is incomplete @ https://app.spline.design/assets/chunks/chunk-C1GBGJcI.js:4
[   50465ms] [WARNING] THREE.WebGLRenderer: Texture marked for update but image is incomplete @ https://app.spline.design/assets/chunks/chunk-C1GBGJcI.js:4
[   50479ms] [WARNING] THREE.WebGLRenderer: Texture marked for update but image is incomplete @ https://app.spline.design/assets/chunks/chunk-C1GBGJcI.js:4
[   50492ms] [WARNING] THREE.WebGLRenderer: Texture marked for update but image is incomplete @ https://app.spline.design/assets/chunks/chunk-C1GBGJcI.js:4
[   50506ms] [WARNING] THREE.WebGLRenderer: Texture marked for update but image is incomplete @ https://app.spline.design/assets/chunks/chunk-C1GBGJcI.js:4
[   50519ms] [WARNING] THREE.WebGLRenderer: Texture marked for update but image is incomplete @ https://app.spline.design/assets/chunks/chunk-C1GBGJcI.js:4
[   50532ms] [WARNING] THREE.WebGLRenderer: Texture marked for update but image is incomplete @ https://app.spline.design/assets/chunks/chunk-C1GBGJcI.js:4
[   50545ms] [WARNING] THREE.WebGLRenderer: Texture marked for update but image is incomplete @ https://app.spline.design/assets/chunks/chunk-C1GBGJcI.js:4
[   50559ms] [WARNING] THREE.WebGLRenderer: Texture marked for update but image is incomplete @ https://app.spline.design/assets/chunks/chunk-C1GBGJcI.js:4
[   50572ms] [WARNING] THREE.WebGLRenderer: Texture marked for update but image is incomplete @ https://app.spline.design/assets/chunks/chunk-C1GBGJcI.js:4
[   50586ms] [WARNING] THREE.WebGLRenderer: Texture marked for update but image is incomplete @ https://app.spline.design/assets/chunks/chunk-C1GBGJcI.js:4
[   50598ms] [WARNING] THREE.WebGLRenderer: Texture marked for update but image is incomplete @ https://app.spline.design/assets/chunks/chunk-C1GBGJcI.js:4
[   50613ms] [WARNING] THREE.WebGLRenderer: Texture marked for update but image is incomplete @ https://app.spline.design/assets/chunks/chunk-C1GBGJcI.js:4
[   50626ms] [WARNING] THREE.WebGLRenderer: Texture marked for update but image is incomplete @ https://app.spline.design/assets/chunks/chunk-C1GBGJcI.js:4
[   50639ms] [WARNING] THREE.WebGLRenderer: Texture marked for update but image is incomplete @ https://app.spline.design/assets/chunks/chunk-C1GBGJcI.js:4
[   50651ms] [WARNING] THREE.WebGLRenderer: Texture marked for update but image is incomplete @ https://app.spline.design/assets/chunks/chunk-C1GBGJcI.js:4
[   50665ms] [WARNING] THREE.WebGLRenderer: Texture marked for update but image is incomplete @ https://app.spline.design/assets/chunks/chunk-C1GBGJcI.js:4
[   50680ms] [WARNING] THREE.WebGLRenderer: Texture marked for update but image is incomplete @ https://app.spline.design/assets/chunks/chunk-C1GBGJcI.js:4
[   50692ms] [WARNING] THREE.WebGLRenderer: Texture marked for update but image is incomplete @ https://app.spline.design/assets/chunks/chunk-C1GBGJcI.js:4
[   50706ms] [WARNING] THREE.WebGLRenderer: Texture marked for update but image is incomplete @ https://app.spline.design/assets/chunks/chunk-C1GBGJcI.js:4
[   50719ms] [WARNING] THREE.WebGLRenderer: Texture marked for update but image is incomplete @ https://app.spline.design/assets/chunks/chunk-C1GBGJcI.js:4
[   50732ms] [WARNING] THREE.WebGLRenderer: Texture marked for update but image is incomplete @ https://app.spline.design/assets/chunks/chunk-C1GBGJcI.js:4
[   50745ms] [WARNING] THREE.WebGLRenderer: Texture marked for update but image is incomplete @ https://app.spline.design/assets/chunks/chunk-C1GBGJcI.js:4
[   50758ms] [WARNING] THREE.WebGLRenderer: Texture marked for update but image is incomplete @ https://app.spline.design/assets/chunks/chunk-C1GBGJcI.js:4
[   50772ms] [WARNING] THREE.WebGLRenderer: Texture marked for update but image is incomplete @ https://app.spline.design/assets/chunks/chunk-C1GBGJcI.js:4
[   50786ms] [WARNING] THREE.WebGLRenderer: Texture marked for update but image is incomplete @ https://app.spline.design/assets/chunks/chunk-C1GBGJcI.js:4
[   50798ms] [WARNING] THREE.WebGLRenderer: Texture marked for update but image is incomplete @ https://app.spline.design/assets/chunks/chunk-C1GBGJcI.js:4
[   50813ms] [WARNING] THREE.WebGLRenderer: Texture marked for update but image is incomplete @ https://app.spline.design/assets/chunks/chunk-C1GBGJcI.js:4
[   50825ms] [WARNING] THREE.WebGLRenderer: Texture marked for update but image is incomplete @ https://app.spline.design/assets/chunks/chunk-C1GBGJcI.js:4
[   50839ms] [WARNING] THREE.WebGLRenderer: Texture marked for update but image is incomplete @ https://app.spline.design/assets/chunks/chunk-C1GBGJcI.js:4
[   50852ms] [WARNING] THREE.WebGLRenderer: Texture marked for update but image is incomplete @ https://app.spline.design/assets/chunks/chunk-C1GBGJcI.js:4
[   50866ms] [WARNING] THREE.WebGLRenderer: Texture marked for update but image is incomplete @ https://app.spline.design/assets/chunks/chunk-C1GBGJcI.js:4
[   50879ms] [WARNING] THREE.WebGLRenderer: Texture marked for update but image is incomplete @ https://app.spline.design/assets/chunks/chunk-C1GBGJcI.js:4
[   50892ms] [WARNING] THREE.WebGLRenderer: Texture marked for update but image is incomplete @ https://app.spline.design/assets/chunks/chunk-C1GBGJcI.js:4
[   50905ms] [WARNING] THREE.WebGLRenderer: Texture marked for update but image is incomplete @ https://app.spline.design/assets/chunks/chunk-C1GBGJcI.js:4
[   50919ms] [WARNING] THREE.WebGLRenderer: Texture marked for update but image is incomplete @ https://app.spline.design/assets/chunks/chunk-C1GBGJcI.js:4
[   50932ms] [WARNING] THREE.WebGLRenderer: Texture marked for update but image is incomplete @ https://app.spline.design/assets/chunks/chunk-C1GBGJcI.js:4
[   50946ms] [WARNING] THREE.WebGLRenderer: Texture marked for update but image is incomplete @ https://app.spline.design/assets/chunks/chunk-C1GBGJcI.js:4
[   50958ms] [WARNING] THREE.WebGLRenderer: Texture marked for update but image is incomplete @ https://app.spline.design/assets/chunks/chunk-C1GBGJcI.js:4
[   50972ms] [WARNING] THREE.WebGLRenderer: Texture marked for update but image is incomplete @ https://app.spline.design/assets/chunks/chunk-C1GBGJcI.js:4
[   50986ms] [WARNING] THREE.WebGLRenderer: Texture marked for update but image is incomplete @ https://app.spline.design/assets/chunks/chunk-C1GBGJcI.js:4
[   50999ms] [WARNING] THREE.WebGLRenderer: Texture marked for update but image is incomplete @ https://app.spline.design/assets/chunks/chunk-C1GBGJcI.js:4
[   51012ms] [WARNING] THREE.WebGLRenderer: Texture marked for update but image is incomplete @ https://app.spline.design/assets/chunks/chunk-C1GBGJcI.js:4
[   51025ms] [WARNING] THREE.WebGLRenderer: Texture marked for update but image is incomplete @ https://app.spline.design/assets/chunks/chunk-C1GBGJcI.js:4
[   51039ms] [WARNING] THREE.WebGLRenderer: Texture marked for update but image is incomplete @ https://app.spline.design/assets/chunks/chunk-C1GBGJcI.js:4
[   51052ms] [WARNING] THREE.WebGLRenderer: Texture marked for update but image is incomplete @ https://app.spline.design/assets/chunks/chunk-C1GBGJcI.js:4
[   51065ms] [WARNING] THREE.WebGLRenderer: Texture marked for update but image is incomplete @ https://app.spline.design/assets/chunks/chunk-C1GBGJcI.js:4
[   51079ms] [WARNING] THREE.WebGLRenderer: Texture marked for update but image is incomplete @ https://app.spline.design/assets/chunks/chunk-C1GBGJcI.js:4
[   51092ms] [WARNING] THREE.WebGLRenderer: Texture marked for update but image is incomplete @ https://app.spline.design/assets/chunks/chunk-C1GBGJcI.js:4
[   51105ms] [WARNING] THREE.WebGLRenderer: Texture marked for update but image is incomplete @ https://app.spline.design/assets/chunks/chunk-C1GBGJcI.js:4
[   51118ms] [WARNING] THREE.WebGLRenderer: Texture marked for update but image is incomplete @ https://app.spline.design/assets/chunks/chunk-C1GBGJcI.js:4
[   51133ms] [WARNING] THREE.WebGLRenderer: Texture marked for update but image is incomplete @ https://app.spline.design/assets/chunks/chunk-C1GBGJcI.js:4
[   51145ms] [WARNING] THREE.WebGLRenderer: Texture marked for update but image is incomplete @ https://app.spline.design/assets/chunks/chunk-C1GBGJcI.js:4
[   51158ms] [WARNING] THREE.WebGLRenderer: Texture marked for update but image is incomplete @ https://app.spline.design/assets/chunks/chunk-C1GBGJcI.js:4
[   51172ms] [WARNING] THREE.WebGLRenderer: Texture marked for update but image is incomplete @ https://app.spline.design/assets/chunks/chunk-C1GBGJcI.js:4
[   51186ms] [WARNING] THREE.WebGLRenderer: Texture marked for update but image is incomplete @ https://app.spline.design/assets/chunks/chunk-C1GBGJcI.js:4
[   51198ms] [WARNING] THREE.WebGLRenderer: Texture marked for update but image is incomplete @ https://app.spline.design/assets/chunks/chunk-C1GBGJcI.js:4
[   51212ms] [WARNING] THREE.WebGLRenderer: Texture marked for update but image is incomplete @ https://app.spline.design/assets/chunks/chunk-C1GBGJcI.js:4
[   51225ms] [WARNING] THREE.WebGLRenderer: Texture marked for update but image is incomplete @ https://app.spline.design/assets/chunks/chunk-C1GBGJcI.js:4
[   51238ms] [WARNING] THREE.WebGLRenderer: Texture marked for update but image is incomplete @ https://app.spline.design/assets/chunks/chunk-C1GBGJcI.js:4
[   51251ms] [WARNING] THREE.WebGLRenderer: Texture marked for update but image is incomplete @ https://app.spline.design/assets/chunks/chunk-C1GBGJcI.js:4
[   51266ms] [WARNING] THREE.WebGLRenderer: Texture marked for update but image is incomplete @ https://app.spline.design/assets/chunks/chunk-C1GBGJcI.js:4
[   51278ms] [WARNING] THREE.WebGLRenderer: Texture marked for update but image is incomplete @ https://app.spline.design/assets/chunks/chunk-C1GBGJcI.js:4
[   51292ms] [WARNING] THREE.WebGLRenderer: Texture marked for update but image is incomplete @ https://app.spline.design/assets/chunks/chunk-C1GBGJcI.js:4
[   51305ms] [WARNING] THREE.WebGLRenderer: Texture marked for update but image is incomplete @ https://app.spline.design/assets/chunks/chunk-C1GBGJcI.js:4
[   51319ms] [WARNING] THREE.WebGLRenderer: Texture marked for update but image is incomplete @ https://app.spline.design/assets/chunks/chunk-C1GBGJcI.js:4
[   51332ms] [WARNING] THREE.WebGLRenderer: Texture marked for update but image is incomplete @ https://app.spline.design/assets/chunks/chunk-C1GBGJcI.js:4
[   51346ms] [WARNING] THREE.WebGLRenderer: Texture marked for update but image is incomplete @ https://app.spline.design/assets/chunks/chunk-C1GBGJcI.js:4
[   51358ms] [WARNING] THREE.WebGLRenderer: Texture marked for update but image is incomplete @ https://app.spline.design/assets/chunks/chunk-C1GBGJcI.js:4
[   51373ms] [WARNING] THREE.WebGLRenderer: Texture marked for update but image is incomplete @ https://app.spline.design/assets/chunks/chunk-C1GBGJcI.js:4
[   51385ms] [WARNING] THREE.WebGLRenderer: Texture marked for update but image is incomplete @ https://app.spline.design/assets/chunks/chunk-C1GBGJcI.js:4
[   51399ms] [WARNING] THREE.WebGLRenderer: Texture marked for update but image is incomplete @ https://app.spline.design/assets/chunks/chunk-C1GBGJcI.js:4
[   51413ms] [WARNING] THREE.WebGLRenderer: Texture marked for update but image is incomplete @ https://app.spline.design/assets/chunks/chunk-C1GBGJcI.js:4
[   51425ms] [WARNING] THREE.WebGLRenderer: Texture marked for update but image is incomplete @ https://app.spline.design/assets/chunks/chunk-C1GBGJcI.js:4
[   51438ms] [WARNING] THREE.WebGLRenderer: Texture marked for update but image is incomplete @ https://app.spline.design/assets/chunks/chunk-C1GBGJcI.js:4
[   51452ms] [WARNING] THREE.WebGLRenderer: Texture marked for update but image is incomplete @ https://app.spline.design/assets/chunks/chunk-C1GBGJcI.js:4
[   51494ms] [WARNING] THREE.WebGLRenderer: Texture marked for update but image is incomplete @ https://app.spline.design/assets/chunks/chunk-C1GBGJcI.js:4
[   51498ms] [WARNING] THREE.WebGLRenderer: Texture marked for update but image is incomplete @ https://app.spline.design/assets/chunks/chunk-C1GBGJcI.js:4
[   51510ms] [WARNING] THREE.WebGLRenderer: Texture marked for update but image is incomplete @ https://app.spline.design/assets/chunks/chunk-C1GBGJcI.js:4
[   51519ms] [WARNING] THREE.WebGLRenderer: Texture marked for update but image is incomplete @ https://app.spline.design/assets/chunks/chunk-C1GBGJcI.js:4
[   51533ms] [WARNING] THREE.WebGLRenderer: Texture marked for update but image is incomplete @ https://app.spline.design/assets/chunks/chunk-C1GBGJcI.js:4
[   51546ms] [WARNING] THREE.WebGLRenderer: Texture marked for update but image is incomplete @ https://app.spline.design/assets/chunks/chunk-C1GBGJcI.js:4
[   51559ms] [WARNING] THREE.WebGLRenderer: Texture marked for update but image is incomplete @ https://app.spline.design/assets/chunks/chunk-C1GBGJcI.js:4
[   51573ms] [WARNING] THREE.WebGLRenderer: Texture marked for update but image is incomplete @ https://app.spline.design/assets/chunks/chunk-C1GBGJcI.js:4
[   51586ms] [WARNING] THREE.WebGLRenderer: Texture marked for update but image is incomplete @ https://app.spline.design/assets/chunks/chunk-C1GBGJcI.js:4
[   51612ms] [WARNING] THREE.WebGLRenderer: Texture marked for update but image is incomplete @ https://app.spline.design/assets/chunks/chunk-C1GBGJcI.js:4
[   51614ms] [WARNING] THREE.WebGLRenderer: Texture marked for update but image is incomplete @ https://app.spline.design/assets/chunks/chunk-C1GBGJcI.js:4
[   51625ms] [WARNING] THREE.WebGLRenderer: Texture marked for update but image is incomplete @ https://app.spline.design/assets/chunks/chunk-C1GBGJcI.js:4
[   51639ms] [WARNING] THREE.WebGLRenderer: Texture marked for update but image is incomplete @ https://app.spline.design/assets/chunks/chunk-C1GBGJcI.js:4
[   51653ms] [WARNING] THREE.WebGLRenderer: Texture marked for update but image is incomplete @ https://app.spline.design/assets/chunks/chunk-C1GBGJcI.js:4
[   51666ms] [WARNING] THREE.WebGLRenderer: Texture marked for update but image is incomplete @ https://app.spline.design/assets/chunks/chunk-C1GBGJcI.js:4
[   51679ms] [WARNING] THREE.WebGLRenderer: Texture marked for update but image is incomplete @ https://app.spline.design/assets/chunks/chunk-C1GBGJcI.js:4
[   51693ms] [WARNING] THREE.WebGLRenderer: Texture marked for update but image is incomplete @ https://app.spline.design/assets/chunks/chunk-C1GBGJcI.js:4
[   51706ms] [WARNING] THREE.WebGLRenderer: Texture marked for update but image is incomplete @ https://app.spline.design/assets/chunks/chunk-C1GBGJcI.js:4
[   51719ms] [WARNING] THREE.WebGLRenderer: Texture marked for update but image is incomplete @ https://app.spline.design/assets/chunks/chunk-C1GBGJcI.js:4
[   51732ms] [WARNING] THREE.WebGLRenderer: Texture marked for update but image is incomplete @ https://app.spline.design/assets/chunks/chunk-C1GBGJcI.js:4
[   51746ms] [WARNING] THREE.WebGLRenderer: Texture marked for update but image is incomplete @ https://app.spline.design/assets/chunks/chunk-C1GBGJcI.js:4
[   51759ms] [WARNING] THREE.WebGLRenderer: Texture marked for update but image is incomplete @ https://app.spline.design/assets/chunks/chunk-C1GBGJcI.js:4
[   51772ms] [WARNING] THREE.WebGLRenderer: Texture marked for update but image is incomplete @ https://app.spline.design/assets/chunks/chunk-C1GBGJcI.js:4
[   51785ms] [WARNING] THREE.WebGLRenderer: Texture marked for update but image is incomplete @ https://app.spline.design/assets/chunks/chunk-C1GBGJcI.js:4
[   51799ms] [WARNING] THREE.WebGLRenderer: Texture marked for update but image is incomplete @ https://app.spline.design/assets/chunks/chunk-C1GBGJcI.js:4
[   51812ms] [WARNING] THREE.WebGLRenderer: Texture marked for update but image is incomplete @ https://app.spline.design/assets/chunks/chunk-C1GBGJcI.js:4
[   51825ms] [WARNING] THREE.WebGLRenderer: Texture marked for update but image is incomplete @ https://app.spline.design/assets/chunks/chunk-C1GBGJcI.js:4
[   51839ms] [WARNING] THREE.WebGLRenderer: Texture marked for update but image is incomplete @ https://app.spline.design/assets/chunks/chunk-C1GBGJcI.js:4
[   51853ms] [WARNING] THREE.WebGLRenderer: Texture marked for update but image is incomplete @ https://app.spline.design/assets/chunks/chunk-C1GBGJcI.js:4
[   51866ms] [WARNING] THREE.WebGLRenderer: Texture marked for update but image is incomplete @ https://app.spline.design/assets/chunks/chunk-C1GBGJcI.js:4
[   51879ms] [WARNING] THREE.WebGLRenderer: Texture marked for update but image is incomplete @ https://app.spline.design/assets/chunks/chunk-C1GBGJcI.js:4
[   51892ms] [WARNING] THREE.WebGLRenderer: Texture marked for update but image is incomplete @ https://app.spline.design/assets/chunks/chunk-C1GBGJcI.js:4
[   51905ms] [WARNING] THREE.WebGLRenderer: Texture marked for update but image is incomplete @ https://app.spline.design/assets/chunks/chunk-C1GBGJcI.js:4
[   51919ms] [WARNING] THREE.WebGLRenderer: Texture marked for update but image is incomplete @ https://app.spline.design/assets/chunks/chunk-C1GBGJcI.js:4
[   51932ms] [WARNING] THREE.WebGLRenderer: Texture marked for update but image is incomplete @ https://app.spline.design/assets/chunks/chunk-C1GBGJcI.js:4
[   51945ms] [WARNING] THREE.WebGLRenderer: Texture marked for update but image is incomplete @ https://app.spline.design/assets/chunks/chunk-C1GBGJcI.js:4
[   51958ms] [WARNING] THREE.WebGLRenderer: Texture marked for update but image is incomplete @ https://app.spline.design/assets/chunks/chunk-C1GBGJcI.js:4
[   51972ms] [WARNING] THREE.WebGLRenderer: Texture marked for update but image is incomplete @ https://app.spline.design/assets/chunks/chunk-C1GBGJcI.js:4
[   51985ms] [WARNING] THREE.WebGLRenderer: Texture marked for update but image is incomplete @ https://app.spline.design/assets/chunks/chunk-C1GBGJcI.js:4
[   51998ms] [WARNING] THREE.WebGLRenderer: Texture marked for update but image is incomplete @ https://app.spline.design/assets/chunks/chunk-C1GBGJcI.js:4
[   52012ms] [WARNING] THREE.WebGLRenderer: Texture marked for update but image is incomplete @ https://app.spline.design/assets/chunks/chunk-C1GBGJcI.js:4
[   52026ms] [WARNING] THREE.WebGLRenderer: Texture marked for update but image is incomplete @ https://app.spline.design/assets/chunks/chunk-C1GBGJcI.js:4
[   52039ms] [WARNING] THREE.WebGLRenderer: Texture marked for update but image is incomplete @ https://app.spline.design/assets/chunks/chunk-C1GBGJcI.js:4
[   52053ms] [WARNING] THREE.WebGLRenderer: Texture marked for update but image is incomplete @ https://app.spline.design/assets/chunks/chunk-C1GBGJcI.js:4
[   52066ms] [WARNING] THREE.WebGLRenderer: Texture marked for update but image is incomplete @ https://app.spline.design/assets/chunks/chunk-C1GBGJcI.js:4
[   52079ms] [WARNING] THREE.WebGLRenderer: Texture marked for update but image is incomplete @ https://app.spline.design/assets/chunks/chunk-C1GBGJcI.js:4
[   52092ms] [WARNING] THREE.WebGLRenderer: Texture marked for update but image is incomplete @ https://app.spline.design/assets/chunks/chunk-C1GBGJcI.js:4
[   52105ms] [WARNING] THREE.WebGLRenderer: Texture marked for update but image is incomplete @ https://app.spline.design/assets/chunks/chunk-C1GBGJcI.js:4
[   52119ms] [WARNING] THREE.WebGLRenderer: Texture marked for update but image is incomplete @ https://app.spline.design/assets/chunks/chunk-C1GBGJcI.js:4
[   52132ms] [WARNING] THREE.WebGLRenderer: Texture marked for update but image is incomplete @ https://app.spline.design/assets/chunks/chunk-C1GBGJcI.js:4
[   52146ms] [WARNING] THREE.WebGLRenderer: Texture marked for update but image is incomplete @ https://app.spline.design/assets/chunks/chunk-C1GBGJcI.js:4
[   52158ms] [WARNING] THREE.WebGLRenderer: Texture marked for update but image is incomplete @ https://app.spline.design/assets/chunks/chunk-C1GBGJcI.js:4
[   52173ms] [WARNING] THREE.WebGLRenderer: Texture marked for update but image is incomplete @ https://app.spline.design/assets/chunks/chunk-C1GBGJcI.js:4
[   52186ms] [WARNING] THREE.WebGLRenderer: Texture marked for update but image is incomplete @ https://app.spline.design/assets/chunks/chunk-C1GBGJcI.js:4
[   52199ms] [WARNING] THREE.WebGLRenderer: Texture marked for update but image is incomplete @ https://app.spline.design/assets/chunks/chunk-C1GBGJcI.js:4
[   52213ms] [WARNING] THREE.WebGLRenderer: Texture marked for update but image is incomplete @ https://app.spline.design/assets/chunks/chunk-C1GBGJcI.js:4
[   52226ms] [WARNING] THREE.WebGLRenderer: Texture marked for update but image is incomplete @ https://app.spline.design/assets/chunks/chunk-C1GBGJcI.js:4
[   52238ms] [WARNING] THREE.WebGLRenderer: Texture marked for update but image is incomplete @ https://app.spline.design/assets/chunks/chunk-C1GBGJcI.js:4
[   52253ms] [WARNING] THREE.WebGLRenderer: Texture marked for update but image is incomplete @ https://app.spline.design/assets/chunks/chunk-C1GBGJcI.js:4
[   52265ms] [WARNING] THREE.WebGLRenderer: Texture marked for update but image is incomplete @ https://app.spline.design/assets/chunks/chunk-C1GBGJcI.js:4
[   52279ms] [WARNING] THREE.WebGLRenderer: Texture marked for update but image is incomplete @ https://app.spline.design/assets/chunks/chunk-C1GBGJcI.js:4
[   52292ms] [WARNING] THREE.WebGLRenderer: Texture marked for update but image is incomplete @ https://app.spline.design/assets/chunks/chunk-C1GBGJcI.js:4
[   52338ms] [WARNING] THREE.WebGLRenderer: Texture marked for update but image is incomplete @ https://app.spline.design/assets/chunks/chunk-C1GBGJcI.js:4
[   52341ms] [WARNING] THREE.WebGLRenderer: Texture marked for update but image is incomplete @ https://app.spline.design/assets/chunks/chunk-C1GBGJcI.js:4
[   52382ms] [WARNING] THREE.WebGLRenderer: Texture marked for update but image is incomplete @ https://app.spline.design/assets/chunks/chunk-C1GBGJcI.js:4
[   52385ms] [WARNING] THREE.WebGLRenderer: Texture marked for update but image is incomplete @ https://app.spline.design/assets/chunks/chunk-C1GBGJcI.js:4
[   52399ms] [WARNING] THREE.WebGLRenderer: Texture marked for update but image is incomplete @ https://app.spline.design/assets/chunks/chunk-C1GBGJcI.js:4
[   52413ms] [WARNING] THREE.WebGLRenderer: Texture marked for update but image is incomplete @ https://app.spline.design/assets/chunks/chunk-C1GBGJcI.js:4
[   52426ms] [WARNING] THREE.WebGLRenderer: Texture marked for update but image is incomplete @ https://app.spline.design/assets/chunks/chunk-C1GBGJcI.js:4
[   52439ms] [WARNING] THREE.WebGLRenderer: Texture marked for update but image is incomplete @ https://app.spline.design/assets/chunks/chunk-C1GBGJcI.js:4
[   52453ms] [WARNING] THREE.WebGLRenderer: Texture marked for update but image is incomplete @ https://app.spline.design/assets/chunks/chunk-C1GBGJcI.js:4
[   52466ms] [WARNING] THREE.WebGLRenderer: Texture marked for update but image is incomplete @ https://app.spline.design/assets/chunks/chunk-C1GBGJcI.js:4
[   52479ms] [WARNING] THREE.WebGLRenderer: Texture marked for update but image is incomplete @ https://app.spline.design/assets/chunks/chunk-C1GBGJcI.js:4
[   52492ms] [WARNING] THREE.WebGLRenderer: Texture marked for update but image is incomplete @ https://app.spline.design/assets/chunks/chunk-C1GBGJcI.js:4
[   52506ms] [WARNING] THREE.WebGLRenderer: Texture marked for update but image is incomplete @ https://app.spline.design/assets/chunks/chunk-C1GBGJcI.js:4
[   52632ms] [WARNING] THREE.WebGLRenderer: Texture marked for update but image is incomplete @ https://app.spline.design/assets/chunks/chunk-C1GBGJcI.js:4
[   52634ms] [WARNING] THREE.WebGLRenderer: Texture marked for update but image is incomplete @ https://app.spline.design/assets/chunks/chunk-C1GBGJcI.js:4
[   52641ms] [WARNING] THREE.WebGLRenderer: Texture marked for update but image is incomplete @ https://app.spline.design/assets/chunks/chunk-C1GBGJcI.js:4
[   52653ms] [WARNING] THREE.WebGLRenderer: Texture marked for update but image is incomplete @ https://app.spline.design/assets/chunks/chunk-C1GBGJcI.js:4
[   52666ms] [WARNING] THREE.WebGLRenderer: Texture marked for update but image is incomplete @ https://app.spline.design/assets/chunks/chunk-C1GBGJcI.js:4
[   52680ms] [WARNING] THREE.WebGLRenderer: Texture marked for update but image is incomplete @ https://app.spline.design/assets/chunks/chunk-C1GBGJcI.js:4
[   52693ms] [WARNING] THREE.WebGLRenderer: Texture marked for update but image is incomplete @ https://app.spline.design/assets/chunks/chunk-C1GBGJcI.js:4
[   52706ms] [WARNING] THREE.WebGLRenderer: Texture marked for update but image is incomplete @ https://app.spline.design/assets/chunks/chunk-C1GBGJcI.js:4
[   52720ms] [WARNING] THREE.WebGLRenderer: Texture marked for update but image is incomplete @ https://app.spline.design/assets/chunks/chunk-C1GBGJcI.js:4
[   52733ms] [WARNING] THREE.WebGLRenderer: Texture marked for update but image is incomplete @ https://app.spline.design/assets/chunks/chunk-C1GBGJcI.js:4
[   52746ms] [WARNING] THREE.WebGLRenderer: Texture marked for update but image is incomplete @ https://app.spline.design/assets/chunks/chunk-C1GBGJcI.js:4
[   52759ms] [WARNING] THREE.WebGLRenderer: Texture marked for update but image is incomplete @ https://app.spline.design/assets/chunks/chunk-C1GBGJcI.js:4
[   52773ms] [WARNING] THREE.WebGLRenderer: Texture marked for update but image is incomplete @ https://app.spline.design/assets/chunks/chunk-C1GBGJcI.js:4
[   52786ms] [WARNING] THREE.WebGLRenderer: Texture marked for update but image is incomplete @ https://app.spline.design/assets/chunks/chunk-C1GBGJcI.js:4
[   52799ms] [WARNING] THREE.WebGLRenderer: Texture marked for update but image is incomplete @ https://app.spline.design/assets/chunks/chunk-C1GBGJcI.js:4
[   52812ms] [WARNING] THREE.WebGLRenderer: Texture marked for update but image is incomplete @ https://app.spline.design/assets/chunks/chunk-C1GBGJcI.js:4
[   52826ms] [WARNING] THREE.WebGLRenderer: Texture marked for update but image is incomplete @ https://app.spline.design/assets/chunks/chunk-C1GBGJcI.js:4
[   52839ms] [WARNING] THREE.WebGLRenderer: Texture marked for update but image is incomplete @ https://app.spline.design/assets/chunks/chunk-C1GBGJcI.js:4
[   52853ms] [WARNING] THREE.WebGLRenderer: Texture marked for update but image is incomplete @ https://app.spline.design/assets/chunks/chunk-C1GBGJcI.js:4
[   52866ms] [WARNING] THREE.WebGLRenderer: Texture marked for update but image is incomplete @ https://app.spline.design/assets/chunks/chunk-C1GBGJcI.js:4
[   52879ms] [WARNING] THREE.WebGLRenderer: Texture marked for update but image is incomplete @ https://app.spline.design/assets/chunks/chunk-C1GBGJcI.js:4
[   52892ms] [WARNING] THREE.WebGLRenderer: Texture marked for update but image is incomplete @ https://app.spline.design/assets/chunks/chunk-C1GBGJcI.js:4
[   52906ms] [WARNING] THREE.WebGLRenderer: Texture marked for update but image is incomplete @ https://app.spline.design/assets/chunks/chunk-C1GBGJcI.js:4
[   52919ms] [WARNING] THREE.WebGLRenderer: Texture marked for update but image is incomplete @ https://app.spline.design/assets/chunks/chunk-C1GBGJcI.js:4
[   52933ms] [WARNING] THREE.WebGLRenderer: Texture marked for update but image is incomplete @ https://app.spline.design/assets/chunks/chunk-C1GBGJcI.js:4
[   52946ms] [WARNING] THREE.WebGLRenderer: Texture marked for update but image is incomplete @ https://app.spline.design/assets/chunks/chunk-C1GBGJcI.js:4
[   52959ms] [WARNING] THREE.WebGLRenderer: Texture marked for update but image is incomplete @ https://app.spline.design/assets/chunks/chunk-C1GBGJcI.js:4
[   52973ms] [WARNING] THREE.WebGLRenderer: Texture marked for update but image is incomplete @ https://app.spline.design/assets/chunks/chunk-C1GBGJcI.js:4
[   52986ms] [WARNING] THREE.WebGLRenderer: Texture marked for update but image is incomplete @ https://app.spline.design/assets/chunks/chunk-C1GBGJcI.js:4
[   52999ms] [WARNING] THREE.WebGLRenderer: Texture marked for update but image is incomplete @ https://app.spline.design/assets/chunks/chunk-C1GBGJcI.js:4
[   53013ms] [WARNING] THREE.WebGLRenderer: Texture marked for update but image is incomplete @ https://app.spline.design/assets/chunks/chunk-C1GBGJcI.js:4
[   53025ms] [WARNING] THREE.WebGLRenderer: Texture marked for update but image is incomplete @ https://app.spline.design/assets/chunks/chunk-C1GBGJcI.js:4
[   53040ms] [WARNING] THREE.WebGLRenderer: Texture marked for update but image is incomplete @ https://app.spline.design/assets/chunks/chunk-C1GBGJcI.js:4
[   53053ms] [WARNING] THREE.WebGLRenderer: Texture marked for update but image is incomplete @ https://app.spline.design/assets/chunks/chunk-C1GBGJcI.js:4
[   53066ms] [WARNING] THREE.WebGLRenderer: Texture marked for update but image is incomplete @ https://app.spline.design/assets/chunks/chunk-C1GBGJcI.js:4
[   53080ms] [WARNING] THREE.WebGLRenderer: Texture marked for update but image is incomplete @ https://app.spline.design/assets/chunks/chunk-C1GBGJcI.js:4
[   53092ms] [WARNING] THREE.WebGLRenderer: Texture marked for update but image is incomplete @ https://app.spline.design/assets/chunks/chunk-C1GBGJcI.js:4
[   53107ms] [WARNING] THREE.WebGLRenderer: Texture marked for update but image is incomplete @ https://app.spline.design/assets/chunks/chunk-C1GBGJcI.js:4
[   53119ms] [WARNING] THREE.WebGLRenderer: Texture marked for update but image is incomplete @ https://app.spline.design/assets/chunks/chunk-C1GBGJcI.js:4
[   53134ms] [WARNING] THREE.WebGLRenderer: Texture marked for update but image is incomplete @ https://app.spline.design/assets/chunks/chunk-C1GBGJcI.js:4
[   53146ms] [WARNING] THREE.WebGLRenderer: Texture marked for update but image is incomplete @ https://app.spline.design/assets/chunks/chunk-C1GBGJcI.js:4
[   53159ms] [WARNING] THREE.WebGLRenderer: Texture marked for update but image is incomplete @ https://app.spline.design/assets/chunks/chunk-C1GBGJcI.js:4
[   53173ms] [WARNING] THREE.WebGLRenderer: Texture marked for update but image is incomplete @ https://app.spline.design/assets/chunks/chunk-C1GBGJcI.js:4
[   53186ms] [WARNING] THREE.WebGLRenderer: Texture marked for update but image is incomplete @ https://app.spline.design/assets/chunks/chunk-C1GBGJcI.js:4
[   53199ms] [WARNING] THREE.WebGLRenderer: Texture marked for update but image is incomplete @ https://app.spline.design/assets/chunks/chunk-C1GBGJcI.js:4
[   53213ms] [WARNING] THREE.WebGLRenderer: Texture marked for update but image is incomplete @ https://app.spline.design/assets/chunks/chunk-C1GBGJcI.js:4
[   53226ms] [WARNING] THREE.WebGLRenderer: Texture marked for update but image is incomplete @ https://app.spline.design/assets/chunks/chunk-C1GBGJcI.js:4
[   53239ms] [WARNING] THREE.WebGLRenderer: Texture marked for update but image is incomplete @ https://app.spline.design/assets/chunks/chunk-C1GBGJcI.js:4
[   53253ms] [WARNING] THREE.WebGLRenderer: Texture marked for update but image is incomplete @ https://app.spline.design/assets/chunks/chunk-C1GBGJcI.js:4
[   53267ms] [WARNING] THREE.WebGLRenderer: Texture marked for update but image is incomplete @ https://app.spline.design/assets/chunks/chunk-C1GBGJcI.js:4
[   53280ms] [WARNING] THREE.WebGLRenderer: Texture marked for update but image is incomplete @ https://app.spline.design/assets/chunks/chunk-C1GBGJcI.js:4
[   53292ms] [WARNING] THREE.WebGLRenderer: Texture marked for update but image is incomplete @ https://app.spline.design/assets/chunks/chunk-C1GBGJcI.js:4
[   53306ms] [WARNING] THREE.WebGLRenderer: Texture marked for update but image is incomplete @ https://app.spline.design/assets/chunks/chunk-C1GBGJcI.js:4
[   53320ms] [WARNING] THREE.WebGLRenderer: Texture marked for update but image is incomplete @ https://app.spline.design/assets/chunks/chunk-C1GBGJcI.js:4
[   53334ms] [WARNING] THREE.WebGLRenderer: Texture marked for update but image is incomplete @ https://app.spline.design/assets/chunks/chunk-C1GBGJcI.js:4
[   53346ms] [WARNING] THREE.WebGLRenderer: Texture marked for update but image is incomplete @ https://app.spline.design/assets/chunks/chunk-C1GBGJcI.js:4
[   53359ms] [WARNING] THREE.WebGLRenderer: Texture marked for update but image is incomplete @ https://app.spline.design/assets/chunks/chunk-C1GBGJcI.js:4
[   53373ms] [WARNING] THREE.WebGLRenderer: Texture marked for update but image is incomplete @ https://app.spline.design/assets/chunks/chunk-C1GBGJcI.js:4
[   53386ms] [WARNING] THREE.WebGLRenderer: Texture marked for update but image is incomplete @ https://app.spline.design/assets/chunks/chunk-C1GBGJcI.js:4
[   53400ms] [WARNING] THREE.WebGLRenderer: Texture marked for update but image is incomplete @ https://app.spline.design/assets/chunks/chunk-C1GBGJcI.js:4
[   53413ms] [WARNING] THREE.WebGLRenderer: Texture marked for update but image is incomplete @ https://app.spline.design/assets/chunks/chunk-C1GBGJcI.js:4
[   53426ms] [WARNING] THREE.WebGLRenderer: Texture marked for update but image is incomplete @ https://app.spline.design/assets/chunks/chunk-C1GBGJcI.js:4
[   53439ms] [WARNING] THREE.WebGLRenderer: Texture marked for update but image is incomplete @ https://app.spline.design/assets/chunks/chunk-C1GBGJcI.js:4
[   53453ms] [WARNING] THREE.WebGLRenderer: Texture marked for update but image is incomplete @ https://app.spline.design/assets/chunks/chunk-C1GBGJcI.js:4
[   53466ms] [WARNING] THREE.WebGLRenderer: Texture marked for update but image is incomplete @ https://app.spline.design/assets/chunks/chunk-C1GBGJcI.js:4
[   53479ms] [WARNING] THREE.WebGLRenderer: Texture marked for update but image is incomplete @ https://app.spline.design/assets/chunks/chunk-C1GBGJcI.js:4
[   53493ms] [WARNING] THREE.WebGLRenderer: Texture marked for update but image is incomplete @ https://app.spline.design/assets/chunks/chunk-C1GBGJcI.js:4
[   53506ms] [WARNING] THREE.WebGLRenderer: Texture marked for update but image is incomplete @ https://app.spline.design/assets/chunks/chunk-C1GBGJcI.js:4
[   53520ms] [WARNING] THREE.WebGLRenderer: Texture marked for update but image is incomplete @ https://app.spline.design/assets/chunks/chunk-C1GBGJcI.js:4
[   53533ms] [WARNING] THREE.WebGLRenderer: Texture marked for update but image is incomplete @ https://app.spline.design/assets/chunks/chunk-C1GBGJcI.js:4
[   53546ms] [WARNING] THREE.WebGLRenderer: Texture marked for update but image is incomplete @ https://app.spline.design/assets/chunks/chunk-C1GBGJcI.js:4
[   53559ms] [WARNING] THREE.WebGLRenderer: Texture marked for update but image is incomplete @ https://app.spline.design/assets/chunks/chunk-C1GBGJcI.js:4
[   53573ms] [WARNING] THREE.WebGLRenderer: Texture marked for update but image is incomplete @ https://app.spline.design/assets/chunks/chunk-C1GBGJcI.js:4
[   53586ms] [WARNING] THREE.WebGLRenderer: Texture marked for update but image is incomplete @ https://app.spline.design/assets/chunks/chunk-C1GBGJcI.js:4
[   53600ms] [WARNING] THREE.WebGLRenderer: Texture marked for update but image is incomplete @ https://app.spline.design/assets/chunks/chunk-C1GBGJcI.js:4
[   53613ms] [WARNING] THREE.WebGLRenderer: Texture marked for update but image is incomplete @ https://app.spline.design/assets/chunks/chunk-C1GBGJcI.js:4
[   53626ms] [WARNING] THREE.WebGLRenderer: Texture marked for update but image is incomplete @ https://app.spline.design/assets/chunks/chunk-C1GBGJcI.js:4
[   53640ms] [WARNING] THREE.WebGLRenderer: Texture marked for update but image is incomplete @ https://app.spline.design/assets/chunks/chunk-C1GBGJcI.js:4
[   53653ms] [WARNING] THREE.WebGLRenderer: Texture marked for update but image is incomplete @ https://app.spline.design/assets/chunks/chunk-C1GBGJcI.js:4
[   53667ms] [WARNING] THREE.WebGLRenderer: Texture marked for update but image is incomplete @ https://app.spline.design/assets/chunks/chunk-C1GBGJcI.js:4
[   53680ms] [WARNING] THREE.WebGLRenderer: Texture marked for update but image is incomplete @ https://app.spline.design/assets/chunks/chunk-C1GBGJcI.js:4
[   53693ms] [WARNING] THREE.WebGLRenderer: Texture marked for update but image is incomplete @ https://app.spline.design/assets/chunks/chunk-C1GBGJcI.js:4
[   53707ms] [WARNING] THREE.WebGLRenderer: Texture marked for update but image is incomplete @ https://app.spline.design/assets/chunks/chunk-C1GBGJcI.js:4
[   53719ms] [WARNING] THREE.WebGLRenderer: Texture marked for update but image is incomplete @ https://app.spline.design/assets/chunks/chunk-C1GBGJcI.js:4
[   53732ms] [WARNING] THREE.WebGLRenderer: Texture marked for update but image is incomplete @ https://app.spline.design/assets/chunks/chunk-C1GBGJcI.js:4
[   53746ms] [WARNING] THREE.WebGLRenderer: Texture marked for update but image is incomplete @ https://app.spline.design/assets/chunks/chunk-C1GBGJcI.js:4
[   53759ms] [WARNING] THREE.WebGLRenderer: Texture marked for update but image is incomplete @ https://app.spline.design/assets/chunks/chunk-C1GBGJcI.js:4
[   53772ms] [WARNING] THREE.WebGLRenderer: Texture marked for update but image is incomplete @ https://app.spline.design/assets/chunks/chunk-C1GBGJcI.js:4
[   53787ms] [WARNING] THREE.WebGLRenderer: Texture marked for update but image is incomplete @ https://app.spline.design/assets/chunks/chunk-C1GBGJcI.js:4
[   53800ms] [WARNING] THREE.WebGLRenderer: Texture marked for update but image is incomplete @ https://app.spline.design/assets/chunks/chunk-C1GBGJcI.js:4
[   53813ms] [WARNING] THREE.WebGLRenderer: Texture marked for update but image is incomplete @ https://app.spline.design/assets/chunks/chunk-C1GBGJcI.js:4
[   53826ms] [WARNING] THREE.WebGLRenderer: Texture marked for update but image is incomplete @ https://app.spline.design/assets/chunks/chunk-C1GBGJcI.js:4
[   53839ms] [WARNING] THREE.WebGLRenderer: Texture marked for update but image is incomplete @ https://app.spline.design/assets/chunks/chunk-C1GBGJcI.js:4
[   53854ms] [WARNING] THREE.WebGLRenderer: Texture marked for update but image is incomplete @ https://app.spline.design/assets/chunks/chunk-C1GBGJcI.js:4
[   53866ms] [WARNING] THREE.WebGLRenderer: Texture marked for update but image is incomplete @ https://app.spline.design/assets/chunks/chunk-C1GBGJcI.js:4
[   53879ms] [WARNING] THREE.WebGLRenderer: Texture marked for update but image is incomplete @ https://app.spline.design/assets/chunks/chunk-C1GBGJcI.js:4
[   53892ms] [WARNING] THREE.WebGLRenderer: Texture marked for update but image is incomplete @ https://app.spline.design/assets/chunks/chunk-C1GBGJcI.js:4
[   53906ms] [WARNING] THREE.WebGLRenderer: Texture marked for update but image is incomplete @ https://app.spline.design/assets/chunks/chunk-C1GBGJcI.js:4
[   53920ms] [WARNING] THREE.WebGLRenderer: Texture marked for update but image is incomplete @ https://app.spline.design/assets/chunks/chunk-C1GBGJcI.js:4
[   53934ms] [WARNING] THREE.WebGLRenderer: Texture marked for update but image is incomplete @ https://app.spline.design/assets/chunks/chunk-C1GBGJcI.js:4
[   53947ms] [WARNING] THREE.WebGLRenderer: Texture marked for update but image is incomplete @ https://app.spline.design/assets/chunks/chunk-C1GBGJcI.js:4
[   53959ms] [WARNING] THREE.WebGLRenderer: Texture marked for update but image is incomplete @ https://app.spline.design/assets/chunks/chunk-C1GBGJcI.js:4
[   53973ms] [WARNING] THREE.WebGLRenderer: Texture marked for update but image is incomplete @ https://app.spline.design/assets/chunks/chunk-C1GBGJcI.js:4
[   53987ms] [WARNING] THREE.WebGLRenderer: Texture marked for update but image is incomplete @ https://app.spline.design/assets/chunks/chunk-C1GBGJcI.js:4
[   54000ms] [WARNING] THREE.WebGLRenderer: Texture marked for update but image is incomplete @ https://app.spline.design/assets/chunks/chunk-C1GBGJcI.js:4
[   54014ms] [WARNING] THREE.WebGLRenderer: Texture marked for update but image is incomplete @ https://app.spline.design/assets/chunks/chunk-C1GBGJcI.js:4
[   54027ms] [WARNING] THREE.WebGLRenderer: Texture marked for update but image is incomplete @ https://app.spline.design/assets/chunks/chunk-C1GBGJcI.js:4
[   54039ms] [WARNING] THREE.WebGLRenderer: Texture marked for update but image is incomplete @ https://app.spline.design/assets/chunks/chunk-C1GBGJcI.js:4
[   54053ms] [WARNING] THREE.WebGLRenderer: Texture marked for update but image is incomplete @ https://app.spline.design/assets/chunks/chunk-C1GBGJcI.js:4
[   54066ms] [WARNING] THREE.WebGLRenderer: Texture marked for update but image is incomplete @ https://app.spline.design/assets/chunks/chunk-C1GBGJcI.js:4
[   54079ms] [WARNING] THREE.WebGLRenderer: Texture marked for update but image is incomplete @ https://app.spline.design/assets/chunks/chunk-C1GBGJcI.js:4
[   54092ms] [WARNING] THREE.WebGLRenderer: Texture marked for update but image is incomplete @ https://app.spline.design/assets/chunks/chunk-C1GBGJcI.js:4
[   54106ms] [WARNING] THREE.WebGLRenderer: Texture marked for update but image is incomplete @ https://app.spline.design/assets/chunks/chunk-C1GBGJcI.js:4
[   54119ms] [WARNING] THREE.WebGLRenderer: Texture marked for update but image is incomplete @ https://app.spline.design/assets/chunks/chunk-C1GBGJcI.js:4
[   54132ms] [WARNING] THREE.WebGLRenderer: Texture marked for update but image is incomplete @ https://app.spline.design/assets/chunks/chunk-C1GBGJcI.js:4
[   54146ms] [WARNING] THREE.WebGLRenderer: Texture marked for update but image is incomplete @ https://app.spline.design/assets/chunks/chunk-C1GBGJcI.js:4
[   54159ms] [WARNING] THREE.WebGLRenderer: Texture marked for update but image is incomplete @ https://app.spline.design/assets/chunks/chunk-C1GBGJcI.js:4
[   54172ms] [WARNING] THREE.WebGLRenderer: Texture marked for update but image is incomplete @ https://app.spline.design/assets/chunks/chunk-C1GBGJcI.js:4
[   54187ms] [WARNING] THREE.WebGLRenderer: Texture marked for update but image is incomplete @ https://app.spline.design/assets/chunks/chunk-C1GBGJcI.js:4
[   54200ms] [WARNING] THREE.WebGLRenderer: Texture marked for update but image is incomplete @ https://app.spline.design/assets/chunks/chunk-C1GBGJcI.js:4
[   54213ms] [WARNING] THREE.WebGLRenderer: Texture marked for update but image is incomplete @ https://app.spline.design/assets/chunks/chunk-C1GBGJcI.js:4
[   54226ms] [WARNING] THREE.WebGLRenderer: Texture marked for update but image is incomplete @ https://app.spline.design/assets/chunks/chunk-C1GBGJcI.js:4
[   54239ms] [WARNING] THREE.WebGLRenderer: Texture marked for update but image is incomplete @ https://app.spline.design/assets/chunks/chunk-C1GBGJcI.js:4
[   54252ms] [WARNING] THREE.WebGLRenderer: Texture marked for update but image is incomplete @ https://app.spline.design/assets/chunks/chunk-C1GBGJcI.js:4
[   54266ms] [WARNING] THREE.WebGLRenderer: Texture marked for update but image is incomplete @ https://app.spline.design/assets/chunks/chunk-C1GBGJcI.js:4
[   54279ms] [WARNING] THREE.WebGLRenderer: Texture marked for update but image is incomplete @ https://app.spline.design/assets/chunks/chunk-C1GBGJcI.js:4
[   54293ms] [WARNING] THREE.WebGLRenderer: Texture marked for update but image is incomplete @ https://app.spline.design/assets/chunks/chunk-C1GBGJcI.js:4
[   54306ms] [WARNING] THREE.WebGLRenderer: Texture marked for update but image is incomplete @ https://app.spline.design/assets/chunks/chunk-C1GBGJcI.js:4
[   54319ms] [WARNING] THREE.WebGLRenderer: Texture marked for update but image is incomplete @ https://app.spline.design/assets/chunks/chunk-C1GBGJcI.js:4
[   54333ms] [WARNING] THREE.WebGLRenderer: Texture marked for update but image is incomplete @ https://app.spline.design/assets/chunks/chunk-C1GBGJcI.js:4
[   54346ms] [WARNING] THREE.WebGLRenderer: Texture marked for update but image is incomplete @ https://app.spline.design/assets/chunks/chunk-C1GBGJcI.js:4
[   54359ms] [WARNING] THREE.WebGLRenderer: Texture marked for update but image is incomplete @ https://app.spline.design/assets/chunks/chunk-C1GBGJcI.js:4
[   54373ms] [WARNING] THREE.WebGLRenderer: Texture marked for update but image is incomplete @ https://app.spline.design/assets/chunks/chunk-C1GBGJcI.js:4
[   54386ms] [WARNING] THREE.WebGLRenderer: Texture marked for update but image is incomplete @ https://app.spline.design/assets/chunks/chunk-C1GBGJcI.js:4
[   54400ms] [WARNING] THREE.WebGLRenderer: Texture marked for update but image is incomplete @ https://app.spline.design/assets/chunks/chunk-C1GBGJcI.js:4
[   54413ms] [WARNING] THREE.WebGLRenderer: Texture marked for update but image is incomplete @ https://app.spline.design/assets/chunks/chunk-C1GBGJcI.js:4
[   54426ms] [WARNING] THREE.WebGLRenderer: Texture marked for update but image is incomplete @ https://app.spline.design/assets/chunks/chunk-C1GBGJcI.js:4
[   54439ms] [WARNING] THREE.WebGLRenderer: Texture marked for update but image is incomplete @ https://app.spline.design/assets/chunks/chunk-C1GBGJcI.js:4
[   54454ms] [WARNING] THREE.WebGLRenderer: Texture marked for update but image is incomplete @ https://app.spline.design/assets/chunks/chunk-C1GBGJcI.js:4
[   54466ms] [WARNING] THREE.WebGLRenderer: Texture marked for update but image is incomplete @ https://app.spline.design/assets/chunks/chunk-C1GBGJcI.js:4
[   54480ms] [WARNING] THREE.WebGLRenderer: Texture marked for update but image is incomplete @ https://app.spline.design/assets/chunks/chunk-C1GBGJcI.js:4
[   54492ms] [WARNING] THREE.WebGLRenderer: Texture marked for update but image is incomplete @ https://app.spline.design/assets/chunks/chunk-C1GBGJcI.js:4
[   54506ms] [WARNING] THREE.WebGLRenderer: Texture marked for update but image is incomplete @ https://app.spline.design/assets/chunks/chunk-C1GBGJcI.js:4
[   54520ms] [WARNING] THREE.WebGLRenderer: Texture marked for update but image is incomplete @ https://app.spline.design/assets/chunks/chunk-C1GBGJcI.js:4
[   54533ms] [WARNING] THREE.WebGLRenderer: Texture marked for update but image is incomplete @ https://app.spline.design/assets/chunks/chunk-C1GBGJcI.js:4
[   54546ms] [WARNING] THREE.WebGLRenderer: Texture marked for update but image is incomplete @ https://app.spline.design/assets/chunks/chunk-C1GBGJcI.js:4
[   54560ms] [WARNING] THREE.WebGLRenderer: Texture marked for update but image is incomplete @ https://app.spline.design/assets/chunks/chunk-C1GBGJcI.js:4
[   54574ms] [WARNING] THREE.WebGLRenderer: Texture marked for update but image is incomplete @ https://app.spline.design/assets/chunks/chunk-C1GBGJcI.js:4
[   54586ms] [WARNING] THREE.WebGLRenderer: Texture marked for update but image is incomplete @ https://app.spline.design/assets/chunks/chunk-C1GBGJcI.js:4
[   54599ms] [WARNING] THREE.WebGLRenderer: Texture marked for update but image is incomplete @ https://app.spline.design/assets/chunks/chunk-C1GBGJcI.js:4
[   54613ms] [WARNING] THREE.WebGLRenderer: Texture marked for update but image is incomplete @ https://app.spline.design/assets/chunks/chunk-C1GBGJcI.js:4
[   54626ms] [WARNING] THREE.WebGLRenderer: Texture marked for update but image is incomplete @ https://app.spline.design/assets/chunks/chunk-C1GBGJcI.js:4
[   54641ms] [WARNING] THREE.WebGLRenderer: Texture marked for update but image is incomplete @ https://app.spline.design/assets/chunks/chunk-C1GBGJcI.js:4
[   54653ms] [WARNING] THREE.WebGLRenderer: Texture marked for update but image is incomplete @ https://app.spline.design/assets/chunks/chunk-C1GBGJcI.js:4
[   54667ms] [WARNING] THREE.WebGLRenderer: Texture marked for update but image is incomplete @ https://app.spline.design/assets/chunks/chunk-C1GBGJcI.js:4
[   54680ms] [WARNING] THREE.WebGLRenderer: Texture marked for update but image is incomplete @ https://app.spline.design/assets/chunks/chunk-C1GBGJcI.js:4
[   54693ms] [WARNING] THREE.WebGLRenderer: Texture marked for update but image is incomplete @ https://app.spline.design/assets/chunks/chunk-C1GBGJcI.js:4
[   54706ms] [WARNING] THREE.WebGLRenderer: Texture marked for update but image is incomplete @ https://app.spline.design/assets/chunks/chunk-C1GBGJcI.js:4
[   54720ms] [WARNING] THREE.WebGLRenderer: Texture marked for update but image is incomplete @ https://app.spline.design/assets/chunks/chunk-C1GBGJcI.js:4
[   54733ms] [WARNING] THREE.WebGLRenderer: Texture marked for update but image is incomplete @ https://app.spline.design/assets/chunks/chunk-C1GBGJcI.js:4
[   54746ms] [WARNING] THREE.WebGLRenderer: Texture marked for update but image is incomplete @ https://app.spline.design/assets/chunks/chunk-C1GBGJcI.js:4
[   54760ms] [WARNING] THREE.WebGLRenderer: Texture marked for update but image is incomplete @ https://app.spline.design/assets/chunks/chunk-C1GBGJcI.js:4
[   54773ms] [WARNING] THREE.WebGLRenderer: Texture marked for update but image is incomplete @ https://app.spline.design/assets/chunks/chunk-C1GBGJcI.js:4
[   54786ms] [WARNING] THREE.WebGLRenderer: Texture marked for update but image is incomplete @ https://app.spline.design/assets/chunks/chunk-C1GBGJcI.js:4
[   54799ms] [WARNING] THREE.WebGLRenderer: Texture marked for update but image is incomplete @ https://app.spline.design/assets/chunks/chunk-C1GBGJcI.js:4
[   54813ms] [WARNING] THREE.WebGLRenderer: Texture marked for update but image is incomplete @ https://app.spline.design/assets/chunks/chunk-C1GBGJcI.js:4
[   54826ms] [WARNING] THREE.WebGLRenderer: Texture marked for update but image is incomplete @ https://app.spline.design/assets/chunks/chunk-C1GBGJcI.js:4
[   54840ms] [WARNING] THREE.WebGLRenderer: Texture marked for update but image is incomplete @ https://app.spline.design/assets/chunks/chunk-C1GBGJcI.js:4
[   54854ms] [WARNING] THREE.WebGLRenderer: Texture marked for update but image is incomplete @ https://app.spline.design/assets/chunks/chunk-C1GBGJcI.js:4
[   54868ms] [WARNING] THREE.WebGLRenderer: Texture marked for update but image is incomplete @ https://app.spline.design/assets/chunks/chunk-C1GBGJcI.js:4
[   54880ms] [WARNING] THREE.WebGLRenderer: Texture marked for update but image is incomplete @ https://app.spline.design/assets/chunks/chunk-C1GBGJcI.js:4
[   54893ms] [WARNING] THREE.WebGLRenderer: Texture marked for update but image is incomplete @ https://app.spline.design/assets/chunks/chunk-C1GBGJcI.js:4
[   54907ms] [WARNING] THREE.WebGLRenderer: Texture marked for update but image is incomplete @ https://app.spline.design/assets/chunks/chunk-C1GBGJcI.js:4
[   54920ms] [WARNING] THREE.WebGLRenderer: Texture marked for update but image is incomplete @ https://app.spline.design/assets/chunks/chunk-C1GBGJcI.js:4
[   54933ms] [WARNING] THREE.WebGLRenderer: Texture marked for update but image is incomplete @ https://app.spline.design/assets/chunks/chunk-C1GBGJcI.js:4
[   54947ms] [WARNING] THREE.WebGLRenderer: Texture marked for update but image is incomplete @ https://app.spline.design/assets/chunks/chunk-C1GBGJcI.js:4
[   54960ms] [WARNING] THREE.WebGLRenderer: Texture marked for update but image is incomplete @ https://app.spline.design/assets/chunks/chunk-C1GBGJcI.js:4
[   54973ms] [WARNING] THREE.WebGLRenderer: Texture marked for update but image is incomplete @ https://app.spline.design/assets/chunks/chunk-C1GBGJcI.js:4
[   54986ms] [WARNING] THREE.WebGLRenderer: Texture marked for update but image is incomplete @ https://app.spline.design/assets/chunks/chunk-C1GBGJcI.js:4
[   55000ms] [WARNING] THREE.WebGLRenderer: Texture marked for update but image is incomplete @ https://app.spline.design/assets/chunks/chunk-C1GBGJcI.js:4
[   55014ms] [WARNING] THREE.WebGLRenderer: Texture marked for update but image is incomplete @ https://app.spline.design/assets/chunks/chunk-C1GBGJcI.js:4
[   55026ms] [WARNING] THREE.WebGLRenderer: Texture marked for update but image is incomplete @ https://app.spline.design/assets/chunks/chunk-C1GBGJcI.js:4
[   55040ms] [WARNING] THREE.WebGLRenderer: Texture marked for update but image is incomplete @ https://app.spline.design/assets/chunks/chunk-C1GBGJcI.js:4
[   55055ms] [WARNING] THREE.WebGLRenderer: Texture marked for update but image is incomplete @ https://app.spline.design/assets/chunks/chunk-C1GBGJcI.js:4
[   55068ms] [WARNING] THREE.WebGLRenderer: Texture marked for update but image is incomplete @ https://app.spline.design/assets/chunks/chunk-C1GBGJcI.js:4
[   55080ms] [WARNING] THREE.WebGLRenderer: Texture marked for update but image is incomplete @ https://app.spline.design/assets/chunks/chunk-C1GBGJcI.js:4
[   55114ms] [WARNING] THREE.WebGLRenderer: Texture marked for update but image is incomplete @ https://app.spline.design/assets/chunks/chunk-C1GBGJcI.js:4
[   55117ms] [WARNING] THREE.WebGLRenderer: Texture marked for update but image is incomplete @ https://app.spline.design/assets/chunks/chunk-C1GBGJcI.js:4
[   55120ms] [WARNING] THREE.WebGLRenderer: Texture marked for update but image is incomplete @ https://app.spline.design/assets/chunks/chunk-C1GBGJcI.js:4
[   55134ms] [WARNING] THREE.WebGLRenderer: Texture marked for update but image is incomplete @ https://app.spline.design/assets/chunks/chunk-C1GBGJcI.js:4
[   55147ms] [WARNING] THREE.WebGLRenderer: Texture marked for update but image is incomplete @ https://app.spline.design/assets/chunks/chunk-C1GBGJcI.js:4
[   55180ms] [WARNING] THREE.WebGLRenderer: Texture marked for update but image is incomplete @ https://app.spline.design/assets/chunks/chunk-C1GBGJcI.js:4
[   55182ms] [WARNING] THREE.WebGLRenderer: Texture marked for update but image is incomplete @ https://app.spline.design/assets/chunks/chunk-C1GBGJcI.js:4
[   55188ms] [WARNING] THREE.WebGLRenderer: Texture marked for update but image is incomplete @ https://app.spline.design/assets/chunks/chunk-C1GBGJcI.js:4
[   55200ms] [WARNING] THREE.WebGLRenderer: Texture marked for update but image is incomplete @ https://app.spline.design/assets/chunks/chunk-C1GBGJcI.js:4
[   55214ms] [WARNING] THREE.WebGLRenderer: Texture marked for update but image is incomplete @ https://app.spline.design/assets/chunks/chunk-C1GBGJcI.js:4
[   55227ms] [WARNING] THREE.WebGLRenderer: Texture marked for update but image is incomplete @ https://app.spline.design/assets/chunks/chunk-C1GBGJcI.js:4
[   55240ms] [WARNING] THREE.WebGLRenderer: Texture marked for update but image is incomplete @ https://app.spline.design/assets/chunks/chunk-C1GBGJcI.js:4
[   55375ms] [WARNING] THREE.WebGLRenderer: Texture marked for update but image is incomplete @ https://app.spline.design/assets/chunks/chunk-C1GBGJcI.js:4
[   55377ms] [WARNING] THREE.WebGLRenderer: Texture marked for update but image is incomplete @ https://app.spline.design/assets/chunks/chunk-C1GBGJcI.js:4
[   55387ms] [WARNING] THREE.WebGLRenderer: Texture marked for update but image is incomplete @ https://app.spline.design/assets/chunks/chunk-C1GBGJcI.js:4
[   55401ms] [WARNING] THREE.WebGLRenderer: Texture marked for update but image is incomplete @ https://app.spline.design/assets/chunks/chunk-C1GBGJcI.js:4
[   55414ms] [WARNING] THREE.WebGLRenderer: Texture marked for update but image is incomplete @ https://app.spline.design/assets/chunks/chunk-C1GBGJcI.js:4
[   55427ms] [WARNING] THREE.WebGLRenderer: Texture marked for update but image is incomplete @ https://app.spline.design/assets/chunks/chunk-C1GBGJcI.js:4
[   55441ms] [WARNING] THREE.WebGLRenderer: Texture marked for update but image is incomplete @ https://app.spline.design/assets/chunks/chunk-C1GBGJcI.js:4
[   55453ms] [WARNING] THREE.WebGLRenderer: Texture marked for update but image is incomplete @ https://app.spline.design/assets/chunks/chunk-C1GBGJcI.js:4
[   55467ms] [WARNING] THREE.WebGLRenderer: Texture marked for update but image is incomplete @ https://app.spline.design/assets/chunks/chunk-C1GBGJcI.js:4
[   55481ms] [WARNING] THREE.WebGLRenderer: Texture marked for update but image is incomplete @ https://app.spline.design/assets/chunks/chunk-C1GBGJcI.js:4
[   55493ms] [WARNING] THREE.WebGLRenderer: Texture marked for update but image is incomplete @ https://app.spline.design/assets/chunks/chunk-C1GBGJcI.js:4
[   55507ms] [WARNING] THREE.WebGLRenderer: Texture marked for update but image is incomplete @ https://app.spline.design/assets/chunks/chunk-C1GBGJcI.js:4
[   55520ms] [WARNING] THREE.WebGLRenderer: Texture marked for update but image is incomplete @ https://app.spline.design/assets/chunks/chunk-C1GBGJcI.js:4
[   55534ms] [WARNING] THREE.WebGLRenderer: Texture marked for update but image is incomplete @ https://app.spline.design/assets/chunks/chunk-C1GBGJcI.js:4
[   55547ms] [WARNING] THREE.WebGLRenderer: Texture marked for update but image is incomplete @ https://app.spline.design/assets/chunks/chunk-C1GBGJcI.js:4
[   55560ms] [WARNING] THREE.WebGLRenderer: Texture marked for update but image is incomplete @ https://app.spline.design/assets/chunks/chunk-C1GBGJcI.js:4
[   55574ms] [WARNING] THREE.WebGLRenderer: Texture marked for update but image is incomplete @ https://app.spline.design/assets/chunks/chunk-C1GBGJcI.js:4
[   55588ms] [WARNING] THREE.WebGLRenderer: Texture marked for update but image is incomplete @ https://app.spline.design/assets/chunks/chunk-C1GBGJcI.js:4
[   55601ms] [WARNING] THREE.WebGLRenderer: Texture marked for update but image is incomplete @ https://app.spline.design/assets/chunks/chunk-C1GBGJcI.js:4
[   55614ms] [WARNING] THREE.WebGLRenderer: Texture marked for update but image is incomplete @ https://app.spline.design/assets/chunks/chunk-C1GBGJcI.js:4
[   55627ms] [WARNING] THREE.WebGLRenderer: Texture marked for update but image is incomplete @ https://app.spline.design/assets/chunks/chunk-C1GBGJcI.js:4
[   55640ms] [WARNING] THREE.WebGLRenderer: Texture marked for update but image is incomplete @ https://app.spline.design/assets/chunks/chunk-C1GBGJcI.js:4
[   55654ms] [WARNING] THREE.WebGLRenderer: Texture marked for update but image is incomplete @ https://app.spline.design/assets/chunks/chunk-C1GBGJcI.js:4
[   55667ms] [WARNING] THREE.WebGLRenderer: Texture marked for update but image is incomplete @ https://app.spline.design/assets/chunks/chunk-C1GBGJcI.js:4
[   55680ms] [WARNING] THREE.WebGLRenderer: Texture marked for update but image is incomplete @ https://app.spline.design/assets/chunks/chunk-C1GBGJcI.js:4
[   55693ms] [WARNING] THREE.WebGLRenderer: Texture marked for update but image is incomplete @ https://app.spline.design/assets/chunks/chunk-C1GBGJcI.js:4
[   55706ms] [WARNING] THREE.WebGLRenderer: Texture marked for update but image is incomplete @ https://app.spline.design/assets/chunks/chunk-C1GBGJcI.js:4
[   55720ms] [WARNING] THREE.WebGLRenderer: Texture marked for update but image is incomplete @ https://app.spline.design/assets/chunks/chunk-C1GBGJcI.js:4
[   55734ms] [WARNING] THREE.WebGLRenderer: Texture marked for update but image is incomplete @ https://app.spline.design/assets/chunks/chunk-C1GBGJcI.js:4
[   55747ms] [WARNING] THREE.WebGLRenderer: Texture marked for update but image is incomplete @ https://app.spline.design/assets/chunks/chunk-C1GBGJcI.js:4
[   55760ms] [WARNING] THREE.WebGLRenderer: Texture marked for update but image is incomplete @ https://app.spline.design/assets/chunks/chunk-C1GBGJcI.js:4
[   55774ms] [WARNING] THREE.WebGLRenderer: Texture marked for update but image is incomplete @ https://app.spline.design/assets/chunks/chunk-C1GBGJcI.js:4
[   55787ms] [WARNING] THREE.WebGLRenderer: Texture marked for update but image is incomplete @ https://app.spline.design/assets/chunks/chunk-C1GBGJcI.js:4
[   55801ms] [WARNING] THREE.WebGLRenderer: Texture marked for update but image is incomplete @ https://app.spline.design/assets/chunks/chunk-C1GBGJcI.js:4
[   55814ms] [WARNING] THREE.WebGLRenderer: Texture marked for update but image is incomplete @ https://app.spline.design/assets/chunks/chunk-C1GBGJcI.js:4
[   55827ms] [WARNING] THREE.WebGLRenderer: Texture marked for update but image is incomplete @ https://app.spline.design/assets/chunks/chunk-C1GBGJcI.js:4
[   55840ms] [WARNING] THREE.WebGLRenderer: Texture marked for update but image is incomplete @ https://app.spline.design/assets/chunks/chunk-C1GBGJcI.js:4
[   55854ms] [WARNING] THREE.WebGLRenderer: Texture marked for update but image is incomplete @ https://app.spline.design/assets/chunks/chunk-C1GBGJcI.js:4
[   55867ms] [WARNING] THREE.WebGLRenderer: Texture marked for update but image is incomplete @ https://app.spline.design/assets/chunks/chunk-C1GBGJcI.js:4
[   55880ms] [WARNING] THREE.WebGLRenderer: Texture marked for update but image is incomplete @ https://app.spline.design/assets/chunks/chunk-C1GBGJcI.js:4
[   55894ms] [WARNING] THREE.WebGLRenderer: Texture marked for update but image is incomplete @ https://app.spline.design/assets/chunks/chunk-C1GBGJcI.js:4
[   55907ms] [WARNING] THREE.WebGLRenderer: Texture marked for update but image is incomplete @ https://app.spline.design/assets/chunks/chunk-C1GBGJcI.js:4
[   55921ms] [WARNING] THREE.WebGLRenderer: Texture marked for update but image is incomplete @ https://app.spline.design/assets/chunks/chunk-C1GBGJcI.js:4
[   55934ms] [WARNING] THREE.WebGLRenderer: Texture marked for update but image is incomplete @ https://app.spline.design/assets/chunks/chunk-C1GBGJcI.js:4
[   55946ms] [WARNING] THREE.WebGLRenderer: Texture marked for update but image is incomplete @ https://app.spline.design/assets/chunks/chunk-C1GBGJcI.js:4
[   55961ms] [WARNING] THREE.WebGLRenderer: Texture marked for update but image is incomplete @ https://app.spline.design/assets/chunks/chunk-C1GBGJcI.js:4
[   55973ms] [WARNING] THREE.WebGLRenderer: Texture marked for update but image is incomplete @ https://app.spline.design/assets/chunks/chunk-C1GBGJcI.js:4
[   55987ms] [WARNING] THREE.WebGLRenderer: Texture marked for update but image is incomplete @ https://app.spline.design/assets/chunks/chunk-C1GBGJcI.js:4
[   56000ms] [WARNING] THREE.WebGLRenderer: Texture marked for update but image is incomplete @ https://app.spline.design/assets/chunks/chunk-C1GBGJcI.js:4
[   56014ms] [WARNING] THREE.WebGLRenderer: Texture marked for update but image is incomplete @ https://app.spline.design/assets/chunks/chunk-C1GBGJcI.js:4
[   56028ms] [WARNING] THREE.WebGLRenderer: Texture marked for update but image is incomplete @ https://app.spline.design/assets/chunks/chunk-C1GBGJcI.js:4
[   56040ms] [WARNING] THREE.WebGLRenderer: Texture marked for update but image is incomplete @ https://app.spline.design/assets/chunks/chunk-C1GBGJcI.js:4
[   56054ms] [WARNING] THREE.WebGLRenderer: Texture marked for update but image is incomplete @ https://app.spline.design/assets/chunks/chunk-C1GBGJcI.js:4
[   56068ms] [WARNING] THREE.WebGLRenderer: Texture marked for update but image is incomplete @ https://app.spline.design/assets/chunks/chunk-C1GBGJcI.js:4
[   56081ms] [WARNING] THREE.WebGLRenderer: Texture marked for update but image is incomplete @ https://app.spline.design/assets/chunks/chunk-C1GBGJcI.js:4
[   56094ms] [WARNING] THREE.WebGLRenderer: Texture marked for update but image is incomplete @ https://app.spline.design/assets/chunks/chunk-C1GBGJcI.js:4
[   56108ms] [WARNING] THREE.WebGLRenderer: Texture marked for update but image is incomplete @ https://app.spline.design/assets/chunks/chunk-C1GBGJcI.js:4
[   56122ms] [WARNING] THREE.WebGLRenderer: Texture marked for update but image is incomplete @ https://app.spline.design/assets/chunks/chunk-C1GBGJcI.js:4
[   56134ms] [WARNING] THREE.WebGLRenderer: Texture marked for update but image is incomplete @ https://app.spline.design/assets/chunks/chunk-C1GBGJcI.js:4
[   56147ms] [WARNING] THREE.WebGLRenderer: Texture marked for update but image is incomplete @ https://app.spline.design/assets/chunks/chunk-C1GBGJcI.js:4
[   56160ms] [WARNING] THREE.WebGLRenderer: Texture marked for update but image is incomplete @ https://app.spline.design/assets/chunks/chunk-C1GBGJcI.js:4
[   56174ms] [WARNING] THREE.WebGLRenderer: Texture marked for update but image is incomplete @ https://app.spline.design/assets/chunks/chunk-C1GBGJcI.js:4
[   56187ms] [WARNING] THREE.WebGLRenderer: Texture marked for update but image is incomplete @ https://app.spline.design/assets/chunks/chunk-C1GBGJcI.js:4
[   56201ms] [WARNING] THREE.WebGLRenderer: Texture marked for update but image is incomplete @ https://app.spline.design/assets/chunks/chunk-C1GBGJcI.js:4
[   56214ms] [WARNING] THREE.WebGLRenderer: Texture marked for update but image is incomplete @ https://app.spline.design/assets/chunks/chunk-C1GBGJcI.js:4
[   56227ms] [WARNING] THREE.WebGLRenderer: Texture marked for update but image is incomplete @ https://app.spline.design/assets/chunks/chunk-C1GBGJcI.js:4
[   56239ms] [WARNING] THREE.WebGLRenderer: Texture marked for update but image is incomplete @ https://app.spline.design/assets/chunks/chunk-C1GBGJcI.js:4
[   56254ms] [WARNING] THREE.WebGLRenderer: Texture marked for update but image is incomplete @ https://app.spline.design/assets/chunks/chunk-C1GBGJcI.js:4
[   56268ms] [WARNING] THREE.WebGLRenderer: Texture marked for update but image is incomplete @ https://app.spline.design/assets/chunks/chunk-C1GBGJcI.js:4
[   56280ms] [WARNING] THREE.WebGLRenderer: Texture marked for update but image is incomplete @ https://app.spline.design/assets/chunks/chunk-C1GBGJcI.js:4
[   56294ms] [WARNING] THREE.WebGLRenderer: Texture marked for update but image is incomplete @ https://app.spline.design/assets/chunks/chunk-C1GBGJcI.js:4
[   56307ms] [WARNING] THREE.WebGLRenderer: Texture marked for update but image is incomplete @ https://app.spline.design/assets/chunks/chunk-C1GBGJcI.js:4
[   56321ms] [WARNING] THREE.WebGLRenderer: Texture marked for update but image is incomplete @ https://app.spline.design/assets/chunks/chunk-C1GBGJcI.js:4
[   56335ms] [WARNING] THREE.WebGLRenderer: Texture marked for update but image is incomplete @ https://app.spline.design/assets/chunks/chunk-C1GBGJcI.js:4
[   56347ms] [WARNING] THREE.WebGLRenderer: Texture marked for update but image is incomplete @ https://app.spline.design/assets/chunks/chunk-C1GBGJcI.js:4
[   56360ms] [WARNING] THREE.WebGLRenderer: Texture marked for update but image is incomplete @ https://app.spline.design/assets/chunks/chunk-C1GBGJcI.js:4
[   56374ms] [WARNING] THREE.WebGLRenderer: Texture marked for update but image is incomplete @ https://app.spline.design/assets/chunks/chunk-C1GBGJcI.js:4
[   56388ms] [WARNING] THREE.WebGLRenderer: Texture marked for update but image is incomplete @ https://app.spline.design/assets/chunks/chunk-C1GBGJcI.js:4
[   56400ms] [WARNING] THREE.WebGLRenderer: Texture marked for update but image is incomplete @ https://app.spline.design/assets/chunks/chunk-C1GBGJcI.js:4
[   56415ms] [WARNING] THREE.WebGLRenderer: Texture marked for update but image is incomplete @ https://app.spline.design/assets/chunks/chunk-C1GBGJcI.js:4
[   56427ms] [WARNING] THREE.WebGLRenderer: Texture marked for update but image is incomplete @ https://app.spline.design/assets/chunks/chunk-C1GBGJcI.js:4
[   56440ms] [WARNING] THREE.WebGLRenderer: Texture marked for update but image is incomplete @ https://app.spline.design/assets/chunks/chunk-C1GBGJcI.js:4
[   56454ms] [WARNING] THREE.WebGLRenderer: Texture marked for update but image is incomplete @ https://app.spline.design/assets/chunks/chunk-C1GBGJcI.js:4
[   56468ms] [WARNING] THREE.WebGLRenderer: Texture marked for update but image is incomplete @ https://app.spline.design/assets/chunks/chunk-C1GBGJcI.js:4
[   56481ms] [WARNING] THREE.WebGLRenderer: Texture marked for update but image is incomplete @ https://app.spline.design/assets/chunks/chunk-C1GBGJcI.js:4
[   56494ms] [WARNING] THREE.WebGLRenderer: Texture marked for update but image is incomplete @ https://app.spline.design/assets/chunks/chunk-C1GBGJcI.js:4
[   56508ms] [WARNING] THREE.WebGLRenderer: Texture marked for update but image is incomplete @ https://app.spline.design/assets/chunks/chunk-C1GBGJcI.js:4
[   56520ms] [WARNING] THREE.WebGLRenderer: Texture marked for update but image is incomplete @ https://app.spline.design/assets/chunks/chunk-C1GBGJcI.js:4
[   56534ms] [WARNING] THREE.WebGLRenderer: Texture marked for update but image is incomplete @ https://app.spline.design/assets/chunks/chunk-C1GBGJcI.js:4
[   56547ms] [WARNING] THREE.WebGLRenderer: Texture marked for update but image is incomplete @ https://app.spline.design/assets/chunks/chunk-C1GBGJcI.js:4
[   56560ms] [WARNING] THREE.WebGLRenderer: Texture marked for update but image is incomplete @ https://app.spline.design/assets/chunks/chunk-C1GBGJcI.js:4
[   56573ms] [WARNING] THREE.WebGLRenderer: Texture marked for update but image is incomplete @ https://app.spline.design/assets/chunks/chunk-C1GBGJcI.js:4
[   56588ms] [WARNING] THREE.WebGLRenderer: Texture marked for update but image is incomplete @ https://app.spline.design/assets/chunks/chunk-C1GBGJcI.js:4
[   56601ms] [WARNING] THREE.WebGLRenderer: Texture marked for update but image is incomplete @ https://app.spline.design/assets/chunks/chunk-C1GBGJcI.js:4
[   56614ms] [WARNING] THREE.WebGLRenderer: Texture marked for update but image is incomplete @ https://app.spline.design/assets/chunks/chunk-C1GBGJcI.js:4
[   56627ms] [WARNING] THREE.WebGLRenderer: Texture marked for update but image is incomplete @ https://app.spline.design/assets/chunks/chunk-C1GBGJcI.js:4
[   56640ms] [WARNING] THREE.WebGLRenderer: Texture marked for update but image is incomplete @ https://app.spline.design/assets/chunks/chunk-C1GBGJcI.js:4
[   56655ms] [WARNING] THREE.WebGLRenderer: Texture marked for update but image is incomplete @ https://app.spline.design/assets/chunks/chunk-C1GBGJcI.js:4
[   56667ms] [WARNING] THREE.WebGLRenderer: Texture marked for update but image is incomplete @ https://app.spline.design/assets/chunks/chunk-C1GBGJcI.js:4
[   56681ms] [WARNING] THREE.WebGLRenderer: Texture marked for update but image is incomplete @ https://app.spline.design/assets/chunks/chunk-C1GBGJcI.js:4
[   56693ms] [WARNING] THREE.WebGLRenderer: Texture marked for update but image is incomplete @ https://app.spline.design/assets/chunks/chunk-C1GBGJcI.js:4
[   56707ms] [WARNING] THREE.WebGLRenderer: Texture marked for update but image is incomplete @ https://app.spline.design/assets/chunks/chunk-C1GBGJcI.js:4
[   56721ms] [WARNING] THREE.WebGLRenderer: Texture marked for update but image is incomplete @ https://app.spline.design/assets/chunks/chunk-C1GBGJcI.js:4
[   56733ms] [WARNING] THREE.WebGLRenderer: Texture marked for update but image is incomplete @ https://app.spline.design/assets/chunks/chunk-C1GBGJcI.js:4
[   56747ms] [WARNING] THREE.WebGLRenderer: Texture marked for update but image is incomplete @ https://app.spline.design/assets/chunks/chunk-C1GBGJcI.js:4
[   56760ms] [WARNING] THREE.WebGLRenderer: Texture marked for update but image is incomplete @ https://app.spline.design/assets/chunks/chunk-C1GBGJcI.js:4
[   56774ms] [WARNING] THREE.WebGLRenderer: Texture marked for update but image is incomplete @ https://app.spline.design/assets/chunks/chunk-C1GBGJcI.js:4
[   56787ms] [WARNING] THREE.WebGLRenderer: Texture marked for update but image is incomplete @ https://app.spline.design/assets/chunks/chunk-C1GBGJcI.js:4
[   56801ms] [WARNING] THREE.WebGLRenderer: Texture marked for update but image is incomplete @ https://app.spline.design/assets/chunks/chunk-C1GBGJcI.js:4
[   56814ms] [WARNING] THREE.WebGLRenderer: Texture marked for update but image is incomplete @ https://app.spline.design/assets/chunks/chunk-C1GBGJcI.js:4
[   56827ms] [WARNING] THREE.WebGLRenderer: Texture marked for update but image is incomplete @ https://app.spline.design/assets/chunks/chunk-C1GBGJcI.js:4
[   56840ms] [WARNING] THREE.WebGLRenderer: Texture marked for update but image is incomplete @ https://app.spline.design/assets/chunks/chunk-C1GBGJcI.js:4
[   56855ms] [WARNING] THREE.WebGLRenderer: Texture marked for update but image is incomplete @ https://app.spline.design/assets/chunks/chunk-C1GBGJcI.js:4
[   56867ms] [WARNING] THREE.WebGLRenderer: Texture marked for update but image is incomplete @ https://app.spline.design/assets/chunks/chunk-C1GBGJcI.js:4
[   56880ms] [WARNING] THREE.WebGLRenderer: Texture marked for update but image is incomplete @ https://app.spline.design/assets/chunks/chunk-C1GBGJcI.js:4
[   56893ms] [WARNING] THREE.WebGLRenderer: Texture marked for update but image is incomplete @ https://app.spline.design/assets/chunks/chunk-C1GBGJcI.js:4
[   56907ms] [WARNING] THREE.WebGLRenderer: Texture marked for update but image is incomplete @ https://app.spline.design/assets/chunks/chunk-C1GBGJcI.js:4
[   56920ms] [WARNING] THREE.WebGLRenderer: Texture marked for update but image is incomplete @ https://app.spline.design/assets/chunks/chunk-C1GBGJcI.js:4
[   56934ms] [WARNING] THREE.WebGLRenderer: Texture marked for update but image is incomplete @ https://app.spline.design/assets/chunks/chunk-C1GBGJcI.js:4
[   56947ms] [WARNING] THREE.WebGLRenderer: Texture marked for update but image is incomplete @ https://app.spline.design/assets/chunks/chunk-C1GBGJcI.js:4
[   56961ms] [WARNING] THREE.WebGLRenderer: Texture marked for update but image is incomplete @ https://app.spline.design/assets/chunks/chunk-C1GBGJcI.js:4
[   56974ms] [WARNING] THREE.WebGLRenderer: Texture marked for update but image is incomplete @ https://app.spline.design/assets/chunks/chunk-C1GBGJcI.js:4
[   56987ms] [WARNING] THREE.WebGLRenderer: Texture marked for update but image is incomplete @ https://app.spline.design/assets/chunks/chunk-C1GBGJcI.js:4
[   57001ms] [WARNING] THREE.WebGLRenderer: Texture marked for update but image is incomplete @ https://app.spline.design/assets/chunks/chunk-C1GBGJcI.js:4
[   57014ms] [WARNING] THREE.WebGLRenderer: Texture marked for update but image is incomplete @ https://app.spline.design/assets/chunks/chunk-C1GBGJcI.js:4
[   57028ms] [WARNING] THREE.WebGLRenderer: Texture marked for update but image is incomplete @ https://app.spline.design/assets/chunks/chunk-C1GBGJcI.js:4
[   57041ms] [WARNING] THREE.WebGLRenderer: Texture marked for update but image is incomplete @ https://app.spline.design/assets/chunks/chunk-C1GBGJcI.js:4
[   57054ms] [WARNING] THREE.WebGLRenderer: Texture marked for update but image is incomplete @ https://app.spline.design/assets/chunks/chunk-C1GBGJcI.js:4
[   57068ms] [WARNING] THREE.WebGLRenderer: Texture marked for update but image is incomplete @ https://app.spline.design/assets/chunks/chunk-C1GBGJcI.js:4
[   57080ms] [WARNING] THREE.WebGLRenderer: Texture marked for update but image is incomplete @ https://app.spline.design/assets/chunks/chunk-C1GBGJcI.js:4
[   57093ms] [WARNING] THREE.WebGLRenderer: Texture marked for update but image is incomplete @ https://app.spline.design/assets/chunks/chunk-C1GBGJcI.js:4
[   57107ms] [WARNING] THREE.WebGLRenderer: Texture marked for update but image is incomplete @ https://app.spline.design/assets/chunks/chunk-C1GBGJcI.js:4
[   57120ms] [WARNING] THREE.WebGLRenderer: Texture marked for update but image is incomplete @ https://app.spline.design/assets/chunks/chunk-C1GBGJcI.js:4
[   57133ms] [WARNING] THREE.WebGLRenderer: Texture marked for update but image is incomplete @ https://app.spline.design/assets/chunks/chunk-C1GBGJcI.js:4
[   57148ms] [WARNING] THREE.WebGLRenderer: Texture marked for update but image is incomplete @ https://app.spline.design/assets/chunks/chunk-C1GBGJcI.js:4
[   57160ms] [WARNING] THREE.WebGLRenderer: Texture marked for update but image is incomplete @ https://app.spline.design/assets/chunks/chunk-C1GBGJcI.js:4
[   57174ms] [WARNING] THREE.WebGLRenderer: Texture marked for update but image is incomplete @ https://app.spline.design/assets/chunks/chunk-C1GBGJcI.js:4
[   57187ms] [WARNING] THREE.WebGLRenderer: Texture marked for update but image is incomplete @ https://app.spline.design/assets/chunks/chunk-C1GBGJcI.js:4
[   57200ms] [WARNING] THREE.WebGLRenderer: Texture marked for update but image is incomplete @ https://app.spline.design/assets/chunks/chunk-C1GBGJcI.js:4
[   57213ms] [WARNING] THREE.WebGLRenderer: Texture marked for update but image is incomplete @ https://app.spline.design/assets/chunks/chunk-C1GBGJcI.js:4
[   57227ms] [WARNING] THREE.WebGLRenderer: Texture marked for update but image is incomplete @ https://app.spline.design/assets/chunks/chunk-C1GBGJcI.js:4
[   57241ms] [WARNING] THREE.WebGLRenderer: Texture marked for update but image is incomplete @ https://app.spline.design/assets/chunks/chunk-C1GBGJcI.js:4
[   57254ms] [WARNING] THREE.WebGLRenderer: Texture marked for update but image is incomplete @ https://app.spline.design/assets/chunks/chunk-C1GBGJcI.js:4
[   57268ms] [WARNING] THREE.WebGLRenderer: Texture marked for update but image is incomplete @ https://app.spline.design/assets/chunks/chunk-C1GBGJcI.js:4
[   57280ms] [WARNING] THREE.WebGLRenderer: Texture marked for update but image is incomplete @ https://app.spline.design/assets/chunks/chunk-C1GBGJcI.js:4
[   57295ms] [WARNING] THREE.WebGLRenderer: Texture marked for update but image is incomplete @ https://app.spline.design/assets/chunks/chunk-C1GBGJcI.js:4
[   57307ms] [WARNING] THREE.WebGLRenderer: Texture marked for update but image is incomplete @ https://app.spline.design/assets/chunks/chunk-C1GBGJcI.js:4
[   57321ms] [WARNING] THREE.WebGLRenderer: Texture marked for update but image is incomplete @ https://app.spline.design/assets/chunks/chunk-C1GBGJcI.js:4
[   57334ms] [WARNING] THREE.WebGLRenderer: Texture marked for update but image is incomplete @ https://app.spline.design/assets/chunks/chunk-C1GBGJcI.js:4
[   57347ms] [WARNING] THREE.WebGLRenderer: Texture marked for update but image is incomplete @ https://app.spline.design/assets/chunks/chunk-C1GBGJcI.js:4
[   57361ms] [WARNING] THREE.WebGLRenderer: Texture marked for update but image is incomplete @ https://app.spline.design/assets/chunks/chunk-C1GBGJcI.js:4
[   57373ms] [WARNING] THREE.WebGLRenderer: Texture marked for update but image is incomplete @ https://app.spline.design/assets/chunks/chunk-C1GBGJcI.js:4
[   57387ms] [WARNING] THREE.WebGLRenderer: Texture marked for update but image is incomplete @ https://app.spline.design/assets/chunks/chunk-C1GBGJcI.js:4
[   57401ms] [WARNING] THREE.WebGLRenderer: Texture marked for update but image is incomplete @ https://app.spline.design/assets/chunks/chunk-C1GBGJcI.js:4
[   57414ms] [WARNING] THREE.WebGLRenderer: Texture marked for update but image is incomplete @ https://app.spline.design/assets/chunks/chunk-C1GBGJcI.js:4
[   57428ms] [WARNING] THREE.WebGLRenderer: Texture marked for update but image is incomplete @ https://app.spline.design/assets/chunks/chunk-C1GBGJcI.js:4
[   57440ms] [WARNING] THREE.WebGLRenderer: Texture marked for update but image is incomplete @ https://app.spline.design/assets/chunks/chunk-C1GBGJcI.js:4
[   57454ms] [WARNING] THREE.WebGLRenderer: Texture marked for update but image is incomplete @ https://app.spline.design/assets/chunks/chunk-C1GBGJcI.js:4
[   57468ms] [WARNING] THREE.WebGLRenderer: Texture marked for update but image is incomplete @ https://app.spline.design/assets/chunks/chunk-C1GBGJcI.js:4
[   57481ms] [WARNING] THREE.WebGLRenderer: Texture marked for update but image is incomplete @ https://app.spline.design/assets/chunks/chunk-C1GBGJcI.js:4
[   57494ms] [WARNING] THREE.WebGLRenderer: Texture marked for update but image is incomplete @ https://app.spline.design/assets/chunks/chunk-C1GBGJcI.js:4
[   57507ms] [WARNING] THREE.WebGLRenderer: Texture marked for update but image is incomplete @ https://app.spline.design/assets/chunks/chunk-C1GBGJcI.js:4
[   57520ms] [WARNING] THREE.WebGLRenderer: Texture marked for update but image is incomplete @ https://app.spline.design/assets/chunks/chunk-C1GBGJcI.js:4
[   57535ms] [WARNING] THREE.WebGLRenderer: Texture marked for update but image is incomplete @ https://app.spline.design/assets/chunks/chunk-C1GBGJcI.js:4
[   57548ms] [WARNING] THREE.WebGLRenderer: Texture marked for update but image is incomplete @ https://app.spline.design/assets/chunks/chunk-C1GBGJcI.js:4
[   57561ms] [WARNING] THREE.WebGLRenderer: Texture marked for update but image is incomplete @ https://app.spline.design/assets/chunks/chunk-C1GBGJcI.js:4
[   57574ms] [WARNING] THREE.WebGLRenderer: Texture marked for update but image is incomplete @ https://app.spline.design/assets/chunks/chunk-C1GBGJcI.js:4
[   57588ms] [WARNING] THREE.WebGLRenderer: Texture marked for update but image is incomplete @ https://app.spline.design/assets/chunks/chunk-C1GBGJcI.js:4
[   57601ms] [WARNING] THREE.WebGLRenderer: Texture marked for update but image is incomplete @ https://app.spline.design/assets/chunks/chunk-C1GBGJcI.js:4
[   57614ms] [WARNING] THREE.WebGLRenderer: Texture marked for update but image is incomplete @ https://app.spline.design/assets/chunks/chunk-C1GBGJcI.js:4
[   57627ms] [WARNING] THREE.WebGLRenderer: Texture marked for update but image is incomplete @ https://app.spline.design/assets/chunks/chunk-C1GBGJcI.js:4
[   57641ms] [WARNING] THREE.WebGLRenderer: Texture marked for update but image is incomplete @ https://app.spline.design/assets/chunks/chunk-C1GBGJcI.js:4
[   57655ms] [WARNING] THREE.WebGLRenderer: Texture marked for update but image is incomplete @ https://app.spline.design/assets/chunks/chunk-C1GBGJcI.js:4
[   57668ms] [WARNING] THREE.WebGLRenderer: Texture marked for update but image is incomplete @ https://app.spline.design/assets/chunks/chunk-C1GBGJcI.js:4
[   57681ms] [WARNING] THREE.WebGLRenderer: Texture marked for update but image is incomplete @ https://app.spline.design/assets/chunks/chunk-C1GBGJcI.js:4
[   57694ms] [WARNING] THREE.WebGLRenderer: Texture marked for update but image is incomplete @ https://app.spline.design/assets/chunks/chunk-C1GBGJcI.js:4
[   57707ms] [WARNING] THREE.WebGLRenderer: Texture marked for update but image is incomplete @ https://app.spline.design/assets/chunks/chunk-C1GBGJcI.js:4
[   57722ms] [WARNING] THREE.WebGLRenderer: Texture marked for update but image is incomplete @ https://app.spline.design/assets/chunks/chunk-C1GBGJcI.js:4
[   57735ms] [WARNING] THREE.WebGLRenderer: Texture marked for update but image is incomplete @ https://app.spline.design/assets/chunks/chunk-C1GBGJcI.js:4
[   57747ms] [WARNING] THREE.WebGLRenderer: Texture marked for update but image is incomplete @ https://app.spline.design/assets/chunks/chunk-C1GBGJcI.js:4
[   57761ms] [WARNING] THREE.WebGLRenderer: Texture marked for update but image is incomplete @ https://app.spline.design/assets/chunks/chunk-C1GBGJcI.js:4
[   57774ms] [WARNING] THREE.WebGLRenderer: Texture marked for update but image is incomplete @ https://app.spline.design/assets/chunks/chunk-C1GBGJcI.js:4
[   57787ms] [WARNING] THREE.WebGLRenderer: Texture marked for update but image is incomplete @ https://app.spline.design/assets/chunks/chunk-C1GBGJcI.js:4
[   57801ms] [WARNING] THREE.WebGLRenderer: Texture marked for update but image is incomplete @ https://app.spline.design/assets/chunks/chunk-C1GBGJcI.js:4
[   57814ms] [WARNING] THREE.WebGLRenderer: Texture marked for update but image is incomplete @ https://app.spline.design/assets/chunks/chunk-C1GBGJcI.js:4
[   57828ms] [WARNING] THREE.WebGLRenderer: Texture marked for update but image is incomplete @ https://app.spline.design/assets/chunks/chunk-C1GBGJcI.js:4
[   57840ms] [WARNING] THREE.WebGLRenderer: Texture marked for update but image is incomplete @ https://app.spline.design/assets/chunks/chunk-C1GBGJcI.js:4
[   57855ms] [WARNING] THREE.WebGLRenderer: Texture marked for update but image is incomplete @ https://app.spline.design/assets/chunks/chunk-C1GBGJcI.js:4
[   57868ms] [WARNING] THREE.WebGLRenderer: Texture marked for update but image is incomplete @ https://app.spline.design/assets/chunks/chunk-C1GBGJcI.js:4
[   57881ms] [WARNING] THREE.WebGLRenderer: Texture marked for update but image is incomplete @ https://app.spline.design/assets/chunks/chunk-C1GBGJcI.js:4
[   57894ms] [WARNING] THREE.WebGLRenderer: Texture marked for update but image is incomplete @ https://app.spline.design/assets/chunks/chunk-C1GBGJcI.js:4
[   57907ms] [WARNING] THREE.WebGLRenderer: Texture marked for update but image is incomplete @ https://app.spline.design/assets/chunks/chunk-C1GBGJcI.js:4
[   57922ms] [WARNING] THREE.WebGLRenderer: Texture marked for update but image is incomplete @ https://app.spline.design/assets/chunks/chunk-C1GBGJcI.js:4
[   57934ms] [WARNING] THREE.WebGLRenderer: Texture marked for update but image is incomplete @ https://app.spline.design/assets/chunks/chunk-C1GBGJcI.js:4
[   57948ms] [WARNING] THREE.WebGLRenderer: Texture marked for update but image is incomplete @ https://app.spline.design/assets/chunks/chunk-C1GBGJcI.js:4
[   57961ms] [WARNING] THREE.WebGLRenderer: Texture marked for update but image is incomplete @ https://app.spline.design/assets/chunks/chunk-C1GBGJcI.js:4
[   57974ms] [WARNING] THREE.WebGLRenderer: Texture marked for update but image is incomplete @ https://app.spline.design/assets/chunks/chunk-C1GBGJcI.js:4
[   57988ms] [WARNING] THREE.WebGLRenderer: Texture marked for update but image is incomplete @ https://app.spline.design/assets/chunks/chunk-C1GBGJcI.js:4
[   58001ms] [WARNING] THREE.WebGLRenderer: Texture marked for update but image is incomplete @ https://app.spline.design/assets/chunks/chunk-C1GBGJcI.js:4
[   58015ms] [WARNING] THREE.WebGLRenderer: Texture marked for update but image is incomplete @ https://app.spline.design/assets/chunks/chunk-C1GBGJcI.js:4
[   58028ms] [WARNING] THREE.WebGLRenderer: Texture marked for update but image is incomplete @ https://app.spline.design/assets/chunks/chunk-C1GBGJcI.js:4
[   58041ms] [WARNING] THREE.WebGLRenderer: Texture marked for update but image is incomplete @ https://app.spline.design/assets/chunks/chunk-C1GBGJcI.js:4
[   58054ms] [WARNING] THREE.WebGLRenderer: Texture marked for update but image is incomplete @ https://app.spline.design/assets/chunks/chunk-C1GBGJcI.js:4
[   58068ms] [WARNING] THREE.WebGLRenderer: Texture marked for update but image is incomplete @ https://app.spline.design/assets/chunks/chunk-C1GBGJcI.js:4
[   58081ms] [WARNING] THREE.WebGLRenderer: Texture marked for update but image is incomplete @ https://app.spline.design/assets/chunks/chunk-C1GBGJcI.js:4
[   58094ms] [WARNING] THREE.WebGLRenderer: Texture marked for update but image is incomplete @ https://app.spline.design/assets/chunks/chunk-C1GBGJcI.js:4
[   58107ms] [WARNING] THREE.WebGLRenderer: Texture marked for update but image is incomplete @ https://app.spline.design/assets/chunks/chunk-C1GBGJcI.js:4
[   58120ms] [WARNING] THREE.WebGLRenderer: Texture marked for update but image is incomplete @ https://app.spline.design/assets/chunks/chunk-C1GBGJcI.js:4
[   58135ms] [WARNING] THREE.WebGLRenderer: Texture marked for update but image is incomplete @ https://app.spline.design/assets/chunks/chunk-C1GBGJcI.js:4
[   58148ms] [WARNING] THREE.WebGLRenderer: Texture marked for update but image is incomplete @ https://app.spline.design/assets/chunks/chunk-C1GBGJcI.js:4
[   58161ms] [WARNING] THREE.WebGLRenderer: Texture marked for update but image is incomplete @ https://app.spline.design/assets/chunks/chunk-C1GBGJcI.js:4
[   58174ms] [WARNING] THREE.WebGLRenderer: Texture marked for update but image is incomplete @ https://app.spline.design/assets/chunks/chunk-C1GBGJcI.js:4
[   58188ms] [WARNING] THREE.WebGLRenderer: Texture marked for update but image is incomplete @ https://app.spline.design/assets/chunks/chunk-C1GBGJcI.js:4
[   58201ms] [WARNING] THREE.WebGLRenderer: Texture marked for update but image is incomplete @ https://app.spline.design/assets/chunks/chunk-C1GBGJcI.js:4
[   58214ms] [WARNING] THREE.WebGLRenderer: Texture marked for update but image is incomplete @ https://app.spline.design/assets/chunks/chunk-C1GBGJcI.js:4
[   58228ms] [WARNING] THREE.WebGLRenderer: Texture marked for update but image is incomplete @ https://app.spline.design/assets/chunks/chunk-C1GBGJcI.js:4
[   58241ms] [WARNING] THREE.WebGLRenderer: Texture marked for update but image is incomplete @ https://app.spline.design/assets/chunks/chunk-C1GBGJcI.js:4
[   58254ms] [WARNING] THREE.WebGLRenderer: Texture marked for update but image is incomplete @ https://app.spline.design/assets/chunks/chunk-C1GBGJcI.js:4
[   58269ms] [WARNING] THREE.WebGLRenderer: Texture marked for update but image is incomplete @ https://app.spline.design/assets/chunks/chunk-C1GBGJcI.js:4
[   58282ms] [WARNING] THREE.WebGLRenderer: Texture marked for update but image is incomplete @ https://app.spline.design/assets/chunks/chunk-C1GBGJcI.js:4
[   58295ms] [WARNING] THREE.WebGLRenderer: Texture marked for update but image is incomplete @ https://app.spline.design/assets/chunks/chunk-C1GBGJcI.js:4
[   58307ms] [WARNING] THREE.WebGLRenderer: Texture marked for update but image is incomplete @ https://app.spline.design/assets/chunks/chunk-C1GBGJcI.js:4
[   58322ms] [WARNING] THREE.WebGLRenderer: Texture marked for update but image is incomplete @ https://app.spline.design/assets/chunks/chunk-C1GBGJcI.js:4
[   58334ms] [WARNING] THREE.WebGLRenderer: Texture marked for update but image is incomplete @ https://app.spline.design/assets/chunks/chunk-C1GBGJcI.js:4
[   58348ms] [WARNING] THREE.WebGLRenderer: Texture marked for update but image is incomplete @ https://app.spline.design/assets/chunks/chunk-C1GBGJcI.js:4
[   58361ms] [WARNING] THREE.WebGLRenderer: Texture marked for update but image is incomplete @ https://app.spline.design/assets/chunks/chunk-C1GBGJcI.js:4
[   58374ms] [WARNING] THREE.WebGLRenderer: Texture marked for update but image is incomplete @ https://app.spline.design/assets/chunks/chunk-C1GBGJcI.js:4
[   58388ms] [WARNING] THREE.WebGLRenderer: Texture marked for update but image is incomplete @ https://app.spline.design/assets/chunks/chunk-C1GBGJcI.js:4
[   58400ms] [WARNING] THREE.WebGLRenderer: Texture marked for update but image is incomplete @ https://app.spline.design/assets/chunks/chunk-C1GBGJcI.js:4
[   58415ms] [WARNING] THREE.WebGLRenderer: Texture marked for update but image is incomplete @ https://app.spline.design/assets/chunks/chunk-C1GBGJcI.js:4
[   58428ms] [WARNING] THREE.WebGLRenderer: Texture marked for update but image is incomplete @ https://app.spline.design/assets/chunks/chunk-C1GBGJcI.js:4
[   58441ms] [WARNING] THREE.WebGLRenderer: Texture marked for update but image is incomplete @ https://app.spline.design/assets/chunks/chunk-C1GBGJcI.js:4
[   58454ms] [WARNING] THREE.WebGLRenderer: Texture marked for update but image is incomplete @ https://app.spline.design/assets/chunks/chunk-C1GBGJcI.js:4
[   58468ms] [WARNING] THREE.WebGLRenderer: Texture marked for update but image is incomplete @ https://app.spline.design/assets/chunks/chunk-C1GBGJcI.js:4
[   58481ms] [WARNING] THREE.WebGLRenderer: Texture marked for update but image is incomplete @ https://app.spline.design/assets/chunks/chunk-C1GBGJcI.js:4
[   58494ms] [WARNING] THREE.WebGLRenderer: Texture marked for update but image is incomplete @ https://app.spline.design/assets/chunks/chunk-C1GBGJcI.js:4
[   58509ms] [WARNING] THREE.WebGLRenderer: Texture marked for update but image is incomplete @ https://app.spline.design/assets/chunks/chunk-C1GBGJcI.js:4
[   58521ms] [WARNING] THREE.WebGLRenderer: Texture marked for update but image is incomplete @ https://app.spline.design/assets/chunks/chunk-C1GBGJcI.js:4
[   58535ms] [WARNING] THREE.WebGLRenderer: Texture marked for update but image is incomplete @ https://app.spline.design/assets/chunks/chunk-C1GBGJcI.js:4
[   58548ms] [WARNING] THREE.WebGLRenderer: Texture marked for update but image is incomplete @ https://app.spline.design/assets/chunks/chunk-C1GBGJcI.js:4
[   58561ms] [WARNING] THREE.WebGLRenderer: Texture marked for update but image is incomplete @ https://app.spline.design/assets/chunks/chunk-C1GBGJcI.js:4
[   58575ms] [WARNING] THREE.WebGLRenderer: Texture marked for update but image is incomplete @ https://app.spline.design/assets/chunks/chunk-C1GBGJcI.js:4
[   58588ms] [WARNING] THREE.WebGLRenderer: Texture marked for update but image is incomplete @ https://app.spline.design/assets/chunks/chunk-C1GBGJcI.js:4
[   58601ms] [WARNING] THREE.WebGLRenderer: Texture marked for update but image is incomplete @ https://app.spline.design/assets/chunks/chunk-C1GBGJcI.js:4
[   58615ms] [WARNING] THREE.WebGLRenderer: Texture marked for update but image is incomplete @ https://app.spline.design/assets/chunks/chunk-C1GBGJcI.js:4
[   58628ms] [WARNING] THREE.WebGLRenderer: Texture marked for update but image is incomplete @ https://app.spline.design/assets/chunks/chunk-C1GBGJcI.js:4
[   58642ms] [WARNING] THREE.WebGLRenderer: Texture marked for update but image is incomplete @ https://app.spline.design/assets/chunks/chunk-C1GBGJcI.js:4
[   58655ms] [WARNING] THREE.WebGLRenderer: Texture marked for update but image is incomplete @ https://app.spline.design/assets/chunks/chunk-C1GBGJcI.js:4
[   58669ms] [WARNING] THREE.WebGLRenderer: Texture marked for update but image is incomplete @ https://app.spline.design/assets/chunks/chunk-C1GBGJcI.js:4
[   58682ms] [WARNING] THREE.WebGLRenderer: Texture marked for update but image is incomplete @ https://app.spline.design/assets/chunks/chunk-C1GBGJcI.js:4
[   58696ms] [WARNING] THREE.WebGLRenderer: Texture marked for update but image is incomplete @ https://app.spline.design/assets/chunks/chunk-C1GBGJcI.js:4
[   58708ms] [WARNING] THREE.WebGLRenderer: Texture marked for update but image is incomplete @ https://app.spline.design/assets/chunks/chunk-C1GBGJcI.js:4
[   58721ms] [WARNING] THREE.WebGLRenderer: Texture marked for update but image is incomplete @ https://app.spline.design/assets/chunks/chunk-C1GBGJcI.js:4
[   58735ms] [WARNING] THREE.WebGLRenderer: Texture marked for update but image is incomplete @ https://app.spline.design/assets/chunks/chunk-C1GBGJcI.js:4
[   58748ms] [WARNING] THREE.WebGLRenderer: Texture marked for update but image is incomplete @ https://app.spline.design/assets/chunks/chunk-C1GBGJcI.js:4
[   58761ms] [WARNING] THREE.WebGLRenderer: Texture marked for update but image is incomplete @ https://app.spline.design/assets/chunks/chunk-C1GBGJcI.js:4
[   58774ms] [WARNING] THREE.WebGLRenderer: Texture marked for update but image is incomplete @ https://app.spline.design/assets/chunks/chunk-C1GBGJcI.js:4
[   58787ms] [WARNING] THREE.WebGLRenderer: Texture marked for update but image is incomplete @ https://app.spline.design/assets/chunks/chunk-C1GBGJcI.js:4
[   58802ms] [WARNING] THREE.WebGLRenderer: Texture marked for update but image is incomplete @ https://app.spline.design/assets/chunks/chunk-C1GBGJcI.js:4
[   58815ms] [WARNING] THREE.WebGLRenderer: Texture marked for update but image is incomplete @ https://app.spline.design/assets/chunks/chunk-C1GBGJcI.js:4
[   58828ms] [WARNING] THREE.WebGLRenderer: Texture marked for update but image is incomplete @ https://app.spline.design/assets/chunks/chunk-C1GBGJcI.js:4
[   58841ms] [WARNING] THREE.WebGLRenderer: Texture marked for update but image is incomplete @ https://app.spline.design/assets/chunks/chunk-C1GBGJcI.js:4
[   58854ms] [WARNING] THREE.WebGLRenderer: Texture marked for update but image is incomplete @ https://app.spline.design/assets/chunks/chunk-C1GBGJcI.js:4
[   58869ms] [WARNING] THREE.WebGLRenderer: Texture marked for update but image is incomplete @ https://app.spline.design/assets/chunks/chunk-C1GBGJcI.js:4
[   58882ms] [WARNING] THREE.WebGLRenderer: Texture marked for update but image is incomplete @ https://app.spline.design/assets/chunks/chunk-C1GBGJcI.js:4
[   58895ms] [WARNING] THREE.WebGLRenderer: Texture marked for update but image is incomplete @ https://app.spline.design/assets/chunks/chunk-C1GBGJcI.js:4
[   58908ms] [WARNING] THREE.WebGLRenderer: Texture marked for update but image is incomplete @ https://app.spline.design/assets/chunks/chunk-C1GBGJcI.js:4
[   58922ms] [WARNING] THREE.WebGLRenderer: Texture marked for update but image is incomplete @ https://app.spline.design/assets/chunks/chunk-C1GBGJcI.js:4
[   58935ms] [WARNING] THREE.WebGLRenderer: Texture marked for update but image is incomplete @ https://app.spline.design/assets/chunks/chunk-C1GBGJcI.js:4
[   58948ms] [WARNING] THREE.WebGLRenderer: Texture marked for update but image is incomplete @ https://app.spline.design/assets/chunks/chunk-C1GBGJcI.js:4
[   58961ms] [WARNING] THREE.WebGLRenderer: Texture marked for update but image is incomplete @ https://app.spline.design/assets/chunks/chunk-C1GBGJcI.js:4
[   58974ms] [WARNING] THREE.WebGLRenderer: Texture marked for update but image is incomplete @ https://app.spline.design/assets/chunks/chunk-C1GBGJcI.js:4
[   58987ms] [WARNING] THREE.WebGLRenderer: Texture marked for update but image is incomplete @ https://app.spline.design/assets/chunks/chunk-C1GBGJcI.js:4
[   59002ms] [WARNING] THREE.WebGLRenderer: Texture marked for update but image is incomplete @ https://app.spline.design/assets/chunks/chunk-C1GBGJcI.js:4
[   59015ms] [WARNING] THREE.WebGLRenderer: Texture marked for update but image is incomplete @ https://app.spline.design/assets/chunks/chunk-C1GBGJcI.js:4
[   59028ms] [WARNING] THREE.WebGLRenderer: Texture marked for update but image is incomplete @ https://app.spline.design/assets/chunks/chunk-C1GBGJcI.js:4
[   59042ms] [WARNING] THREE.WebGLRenderer: Texture marked for update but image is incomplete @ https://app.spline.design/assets/chunks/chunk-C1GBGJcI.js:4
[   59059ms] [WARNING] THREE.WebGLRenderer: Texture marked for update but image is incomplete @ https://app.spline.design/assets/chunks/chunk-C1GBGJcI.js:4
[   59068ms] [WARNING] THREE.WebGLRenderer: Texture marked for update but image is incomplete @ https://app.spline.design/assets/chunks/chunk-C1GBGJcI.js:4
[   59081ms] [WARNING] THREE.WebGLRenderer: Texture marked for update but image is incomplete @ https://app.spline.design/assets/chunks/chunk-C1GBGJcI.js:4
[   59095ms] [WARNING] THREE.WebGLRenderer: Texture marked for update but image is incomplete @ https://app.spline.design/assets/chunks/chunk-C1GBGJcI.js:4
[   59108ms] [WARNING] THREE.WebGLRenderer: Texture marked for update but image is incomplete @ https://app.spline.design/assets/chunks/chunk-C1GBGJcI.js:4
[   59122ms] [WARNING] THREE.WebGLRenderer: Texture marked for update but image is incomplete @ https://app.spline.design/assets/chunks/chunk-C1GBGJcI.js:4
[   59135ms] [WARNING] THREE.WebGLRenderer: Texture marked for update but image is incomplete @ https://app.spline.design/assets/chunks/chunk-C1GBGJcI.js:4
[   59148ms] [WARNING] THREE.WebGLRenderer: Texture marked for update but image is incomplete @ https://app.spline.design/assets/chunks/chunk-C1GBGJcI.js:4
[   59161ms] [WARNING] THREE.WebGLRenderer: Texture marked for update but image is incomplete @ https://app.spline.design/assets/chunks/chunk-C1GBGJcI.js:4
[   59175ms] [WARNING] THREE.WebGLRenderer: Texture marked for update but image is incomplete @ https://app.spline.design/assets/chunks/chunk-C1GBGJcI.js:4
[   59189ms] [WARNING] THREE.WebGLRenderer: Texture marked for update but image is incomplete @ https://app.spline.design/assets/chunks/chunk-C1GBGJcI.js:4
[   59202ms] [WARNING] THREE.WebGLRenderer: Texture marked for update but image is incomplete @ https://app.spline.design/assets/chunks/chunk-C1GBGJcI.js:4
[   59215ms] [WARNING] THREE.WebGLRenderer: Texture marked for update but image is incomplete @ https://app.spline.design/assets/chunks/chunk-C1GBGJcI.js:4
[   59228ms] [WARNING] THREE.WebGLRenderer: Texture marked for update but image is incomplete @ https://app.spline.design/assets/chunks/chunk-C1GBGJcI.js:4
[   59241ms] [WARNING] THREE.WebGLRenderer: Texture marked for update but image is incomplete @ https://app.spline.design/assets/chunks/chunk-C1GBGJcI.js:4
[   59255ms] [WARNING] THREE.WebGLRenderer: Texture marked for update but image is incomplete @ https://app.spline.design/assets/chunks/chunk-C1GBGJcI.js:4
[   59269ms] [WARNING] THREE.WebGLRenderer: Texture marked for update but image is incomplete @ https://app.spline.design/assets/chunks/chunk-C1GBGJcI.js:4
[   59281ms] [WARNING] THREE.WebGLRenderer: Texture marked for update but image is incomplete @ https://app.spline.design/assets/chunks/chunk-C1GBGJcI.js:4
[   59294ms] [WARNING] THREE.WebGLRenderer: Texture marked for update but image is incomplete @ https://app.spline.design/assets/chunks/chunk-C1GBGJcI.js:4
[   59308ms] [WARNING] THREE.WebGLRenderer: Texture marked for update but image is incomplete @ https://app.spline.design/assets/chunks/chunk-C1GBGJcI.js:4
[   59322ms] [WARNING] THREE.WebGLRenderer: Texture marked for update but image is incomplete @ https://app.spline.design/assets/chunks/chunk-C1GBGJcI.js:4
[   59335ms] [WARNING] THREE.WebGLRenderer: Texture marked for update but image is incomplete @ https://app.spline.design/assets/chunks/chunk-C1GBGJcI.js:4
[   59348ms] [WARNING] THREE.WebGLRenderer: Texture marked for update but image is incomplete @ https://app.spline.design/assets/chunks/chunk-C1GBGJcI.js:4
[   59361ms] [WARNING] THREE.WebGLRenderer: Texture marked for update but image is incomplete @ https://app.spline.design/assets/chunks/chunk-C1GBGJcI.js:4
[   59374ms] [WARNING] THREE.WebGLRenderer: Texture marked for update but image is incomplete @ https://app.spline.design/assets/chunks/chunk-C1GBGJcI.js:4
[   59389ms] [WARNING] THREE.WebGLRenderer: Texture marked for update but image is incomplete @ https://app.spline.design/assets/chunks/chunk-C1GBGJcI.js:4
[   59402ms] [WARNING] THREE.WebGLRenderer: Texture marked for update but image is incomplete @ https://app.spline.design/assets/chunks/chunk-C1GBGJcI.js:4
[   59415ms] [WARNING] THREE.WebGLRenderer: Texture marked for update but image is incomplete @ https://app.spline.design/assets/chunks/chunk-C1GBGJcI.js:4
[   59428ms] [WARNING] THREE.WebGLRenderer: Texture marked for update but image is incomplete @ https://app.spline.design/assets/chunks/chunk-C1GBGJcI.js:4
[   59441ms] [WARNING] THREE.WebGLRenderer: Texture marked for update but image is incomplete @ https://app.spline.design/assets/chunks/chunk-C1GBGJcI.js:4
[   59455ms] [WARNING] THREE.WebGLRenderer: Texture marked for update but image is incomplete @ https://app.spline.design/assets/chunks/chunk-C1GBGJcI.js:4
[   59468ms] [WARNING] THREE.WebGLRenderer: Texture marked for update but image is incomplete @ https://app.spline.design/assets/chunks/chunk-C1GBGJcI.js:4
[   59481ms] [WARNING] THREE.WebGLRenderer: Texture marked for update but image is incomplete @ https://app.spline.design/assets/chunks/chunk-C1GBGJcI.js:4
[   59495ms] [WARNING] THREE.WebGLRenderer: Texture marked for update but image is incomplete @ https://app.spline.design/assets/chunks/chunk-C1GBGJcI.js:4
[   59508ms] [WARNING] THREE.WebGLRenderer: Texture marked for update but image is incomplete @ https://app.spline.design/assets/chunks/chunk-C1GBGJcI.js:4
[   59524ms] [WARNING] THREE.WebGLRenderer: Texture marked for update but image is incomplete @ https://app.spline.design/assets/chunks/chunk-C1GBGJcI.js:4
[   59535ms] [WARNING] THREE.WebGLRenderer: Texture marked for update but image is incomplete @ https://app.spline.design/assets/chunks/chunk-C1GBGJcI.js:4
[   59548ms] [WARNING] THREE.WebGLRenderer: Texture marked for update but image is incomplete @ https://app.spline.design/assets/chunks/chunk-C1GBGJcI.js:4
[   59561ms] [WARNING] THREE.WebGLRenderer: Texture marked for update but image is incomplete @ https://app.spline.design/assets/chunks/chunk-C1GBGJcI.js:4
[   59575ms] [WARNING] THREE.WebGLRenderer: Texture marked for update but image is incomplete @ https://app.spline.design/assets/chunks/chunk-C1GBGJcI.js:4
[   59589ms] [WARNING] THREE.WebGLRenderer: Texture marked for update but image is incomplete @ https://app.spline.design/assets/chunks/chunk-C1GBGJcI.js:4
[   59602ms] [WARNING] THREE.WebGLRenderer: Texture marked for update but image is incomplete @ https://app.spline.design/assets/chunks/chunk-C1GBGJcI.js:4
[   59615ms] [WARNING] THREE.WebGLRenderer: Texture marked for update but image is incomplete @ https://app.spline.design/assets/chunks/chunk-C1GBGJcI.js:4
[   59628ms] [WARNING] THREE.WebGLRenderer: Texture marked for update but image is incomplete @ https://app.spline.design/assets/chunks/chunk-C1GBGJcI.js:4
[   59642ms] [WARNING] THREE.WebGLRenderer: Texture marked for update but image is incomplete @ https://app.spline.design/assets/chunks/chunk-C1GBGJcI.js:4
[   59655ms] [WARNING] THREE.WebGLRenderer: Texture marked for update but image is incomplete @ https://app.spline.design/assets/chunks/chunk-C1GBGJcI.js:4
[   59668ms] [WARNING] THREE.WebGLRenderer: Texture marked for update but image is incomplete @ https://app.spline.design/assets/chunks/chunk-C1GBGJcI.js:4
[   59681ms] [WARNING] THREE.WebGLRenderer: Texture marked for update but image is incomplete @ https://app.spline.design/assets/chunks/chunk-C1GBGJcI.js:4
[   59695ms] [WARNING] THREE.WebGLRenderer: Texture marked for update but image is incomplete @ https://app.spline.design/assets/chunks/chunk-C1GBGJcI.js:4
[   59708ms] [WARNING] THREE.WebGLRenderer: Texture marked for update but image is incomplete @ https://app.spline.design/assets/chunks/chunk-C1GBGJcI.js:4
[   59722ms] [WARNING] THREE.WebGLRenderer: Texture marked for update but image is incomplete @ https://app.spline.design/assets/chunks/chunk-C1GBGJcI.js:4
[   59735ms] [WARNING] THREE.WebGLRenderer: Texture marked for update but image is incomplete @ https://app.spline.design/assets/chunks/chunk-C1GBGJcI.js:4
[   59749ms] [WARNING] THREE.WebGLRenderer: Texture marked for update but image is incomplete @ https://app.spline.design/assets/chunks/chunk-C1GBGJcI.js:4
[   59761ms] [WARNING] THREE.WebGLRenderer: Texture marked for update but image is incomplete @ https://app.spline.design/assets/chunks/chunk-C1GBGJcI.js:4
[   59776ms] [WARNING] THREE.WebGLRenderer: Texture marked for update but image is incomplete @ https://app.spline.design/assets/chunks/chunk-C1GBGJcI.js:4
[   59787ms] [WARNING] THREE.WebGLRenderer: Texture marked for update but image is incomplete @ https://app.spline.design/assets/chunks/chunk-C1GBGJcI.js:4
[   59802ms] [WARNING] THREE.WebGLRenderer: Texture marked for update but image is incomplete @ https://app.spline.design/assets/chunks/chunk-C1GBGJcI.js:4
[   59815ms] [WARNING] THREE.WebGLRenderer: Texture marked for update but image is incomplete @ https://app.spline.design/assets/chunks/chunk-C1GBGJcI.js:4
[   59828ms] [WARNING] THREE.WebGLRenderer: Texture marked for update but image is incomplete @ https://app.spline.design/assets/chunks/chunk-C1GBGJcI.js:4
[   59841ms] [WARNING] THREE.WebGLRenderer: Texture marked for update but image is incomplete @ https://app.spline.design/assets/chunks/chunk-C1GBGJcI.js:4
[   59856ms] [WARNING] THREE.WebGLRenderer: Texture marked for update but image is incomplete @ https://app.spline.design/assets/chunks/chunk-C1GBGJcI.js:4
[   59868ms] [WARNING] THREE.WebGLRenderer: Texture marked for update but image is incomplete @ https://app.spline.design/assets/chunks/chunk-C1GBGJcI.js:4
[   59881ms] [WARNING] THREE.WebGLRenderer: Texture marked for update but image is incomplete @ https://app.spline.design/assets/chunks/chunk-C1GBGJcI.js:4
[   59895ms] [WARNING] THREE.WebGLRenderer: Texture marked for update but image is incomplete @ https://app.spline.design/assets/chunks/chunk-C1GBGJcI.js:4
[   59907ms] [WARNING] THREE.WebGLRenderer: Texture marked for update but image is incomplete @ https://app.spline.design/assets/chunks/chunk-C1GBGJcI.js:4
[   59921ms] [WARNING] THREE.WebGLRenderer: Texture marked for update but image is incomplete @ https://app.spline.design/assets/chunks/chunk-C1GBGJcI.js:4
[   59936ms] [WARNING] THREE.WebGLRenderer: Texture marked for update but image is incomplete @ https://app.spline.design/assets/chunks/chunk-C1GBGJcI.js:4
[   59949ms] [WARNING] THREE.WebGLRenderer: Texture marked for update but image is incomplete @ https://app.spline.design/assets/chunks/chunk-C1GBGJcI.js:4
[   59963ms] [WARNING] THREE.WebGLRenderer: Texture marked for update but image is incomplete @ https://app.spline.design/assets/chunks/chunk-C1GBGJcI.js:4
[   59975ms] [WARNING] THREE.WebGLRenderer: Texture marked for update but image is incomplete @ https://app.spline.design/assets/chunks/chunk-C1GBGJcI.js:4
[   59989ms] [WARNING] THREE.WebGLRenderer: Texture marked for update but image is incomplete @ https://app.spline.design/assets/chunks/chunk-C1GBGJcI.js:4
[   60002ms] [WARNING] THREE.WebGLRenderer: Texture marked for update but image is incomplete @ https://app.spline.design/assets/chunks/chunk-C1GBGJcI.js:4
[   60015ms] [WARNING] THREE.WebGLRenderer: Texture marked for update but image is incomplete @ https://app.spline.design/assets/chunks/chunk-C1GBGJcI.js:4
[   60029ms] [WARNING] THREE.WebGLRenderer: Texture marked for update but image is incomplete @ https://app.spline.design/assets/chunks/chunk-C1GBGJcI.js:4
[   60041ms] [WARNING] THREE.WebGLRenderer: Texture marked for update but image is incomplete @ https://app.spline.design/assets/chunks/chunk-C1GBGJcI.js:4
[   60055ms] [WARNING] THREE.WebGLRenderer: Texture marked for update but image is incomplete @ https://app.spline.design/assets/chunks/chunk-C1GBGJcI.js:4
[   60069ms] [WARNING] THREE.WebGLRenderer: Texture marked for update but image is incomplete @ https://app.spline.design/assets/chunks/chunk-C1GBGJcI.js:4
[   60082ms] [WARNING] THREE.WebGLRenderer: Texture marked for update but image is incomplete @ https://app.spline.design/assets/chunks/chunk-C1GBGJcI.js:4
[   60095ms] [WARNING] THREE.WebGLRenderer: Texture marked for update but image is incomplete @ https://app.spline.design/assets/chunks/chunk-C1GBGJcI.js:4
[   60108ms] [WARNING] THREE.WebGLRenderer: Texture marked for update but image is incomplete @ https://app.spline.design/assets/chunks/chunk-C1GBGJcI.js:4
[   60122ms] [WARNING] THREE.WebGLRenderer: Texture marked for update but image is incomplete @ https://app.spline.design/assets/chunks/chunk-C1GBGJcI.js:4
[   60135ms] [WARNING] THREE.WebGLRenderer: Texture marked for update but image is incomplete @ https://app.spline.design/assets/chunks/chunk-C1GBGJcI.js:4
[   60148ms] [WARNING] THREE.WebGLRenderer: Texture marked for update but image is incomplete @ https://app.spline.design/assets/chunks/chunk-C1GBGJcI.js:4
[   60161ms] [WARNING] THREE.WebGLRenderer: Texture marked for update but image is incomplete @ https://app.spline.design/assets/chunks/chunk-C1GBGJcI.js:4
[   60174ms] [WARNING] THREE.WebGLRenderer: Texture marked for update but image is incomplete @ https://app.spline.design/assets/chunks/chunk-C1GBGJcI.js:4
[   60188ms] [WARNING] THREE.WebGLRenderer: Texture marked for update but image is incomplete @ https://app.spline.design/assets/chunks/chunk-C1GBGJcI.js:4
[   60201ms] [WARNING] THREE.WebGLRenderer: Texture marked for update but image is incomplete @ https://app.spline.design/assets/chunks/chunk-C1GBGJcI.js:4
[   60216ms] [WARNING] THREE.WebGLRenderer: Texture marked for update but image is incomplete @ https://app.spline.design/assets/chunks/chunk-C1GBGJcI.js:4
[   60228ms] [WARNING] THREE.WebGLRenderer: Texture marked for update but image is incomplete @ https://app.spline.design/assets/chunks/chunk-C1GBGJcI.js:4
[   60243ms] [WARNING] THREE.WebGLRenderer: Texture marked for update but image is incomplete @ https://app.spline.design/assets/chunks/chunk-C1GBGJcI.js:4
[   60255ms] [WARNING] THREE.WebGLRenderer: Texture marked for update but image is incomplete @ https://app.spline.design/assets/chunks/chunk-C1GBGJcI.js:4
[   60268ms] [WARNING] THREE.WebGLRenderer: Texture marked for update but image is incomplete @ https://app.spline.design/assets/chunks/chunk-C1GBGJcI.js:4
[   60281ms] [WARNING] THREE.WebGLRenderer: Texture marked for update but image is incomplete @ https://app.spline.design/assets/chunks/chunk-C1GBGJcI.js:4
[   60295ms] [WARNING] THREE.WebGLRenderer: Texture marked for update but image is incomplete @ https://app.spline.design/assets/chunks/chunk-C1GBGJcI.js:4
[   60308ms] [WARNING] THREE.WebGLRenderer: Texture marked for update but image is incomplete @ https://app.spline.design/assets/chunks/chunk-C1GBGJcI.js:4
[   60323ms] [WARNING] THREE.WebGLRenderer: Texture marked for update but image is incomplete @ https://app.spline.design/assets/chunks/chunk-C1GBGJcI.js:4
[   60336ms] [WARNING] THREE.WebGLRenderer: Texture marked for update but image is incomplete @ https://app.spline.design/assets/chunks/chunk-C1GBGJcI.js:4
[   60349ms] [WARNING] THREE.WebGLRenderer: Texture marked for update but image is incomplete @ https://app.spline.design/assets/chunks/chunk-C1GBGJcI.js:4
[   60361ms] [WARNING] THREE.WebGLRenderer: Texture marked for update but image is incomplete @ https://app.spline.design/assets/chunks/chunk-C1GBGJcI.js:4
[   60375ms] [WARNING] THREE.WebGLRenderer: Texture marked for update but image is incomplete @ https://app.spline.design/assets/chunks/chunk-C1GBGJcI.js:4
[   60388ms] [WARNING] THREE.WebGLRenderer: Texture marked for update but image is incomplete @ https://app.spline.design/assets/chunks/chunk-C1GBGJcI.js:4
[   60401ms] [WARNING] THREE.WebGLRenderer: Texture marked for update but image is incomplete @ https://app.spline.design/assets/chunks/chunk-C1GBGJcI.js:4
[   60416ms] [WARNING] THREE.WebGLRenderer: Texture marked for update but image is incomplete @ https://app.spline.design/assets/chunks/chunk-C1GBGJcI.js:4
[   60429ms] [WARNING] THREE.WebGLRenderer: Texture marked for update but image is incomplete @ https://app.spline.design/assets/chunks/chunk-C1GBGJcI.js:4
[   60442ms] [WARNING] THREE.WebGLRenderer: Texture marked for update but image is incomplete @ https://app.spline.design/assets/chunks/chunk-C1GBGJcI.js:4
[   60455ms] [WARNING] THREE.WebGLRenderer: Texture marked for update but image is incomplete @ https://app.spline.design/assets/chunks/chunk-C1GBGJcI.js:4
[   60468ms] [WARNING] THREE.WebGLRenderer: Texture marked for update but image is incomplete @ https://app.spline.design/assets/chunks/chunk-C1GBGJcI.js:4
[   60481ms] [WARNING] THREE.WebGLRenderer: Texture marked for update but image is incomplete @ https://app.spline.design/assets/chunks/chunk-C1GBGJcI.js:4
[   60496ms] [WARNING] THREE.WebGLRenderer: Texture marked for update but image is incomplete @ https://app.spline.design/assets/chunks/chunk-C1GBGJcI.js:4
[   60508ms] [WARNING] THREE.WebGLRenderer: Texture marked for update but image is incomplete @ https://app.spline.design/assets/chunks/chunk-C1GBGJcI.js:4
[   60522ms] [WARNING] THREE.WebGLRenderer: Texture marked for update but image is incomplete @ https://app.spline.design/assets/chunks/chunk-C1GBGJcI.js:4
[   60535ms] [WARNING] THREE.WebGLRenderer: Texture marked for update but image is incomplete @ https://app.spline.design/assets/chunks/chunk-C1GBGJcI.js:4
[   60548ms] [WARNING] THREE.WebGLRenderer: Texture marked for update but image is incomplete @ https://app.spline.design/assets/chunks/chunk-C1GBGJcI.js:4
[   60562ms] [WARNING] THREE.WebGLRenderer: Texture marked for update but image is incomplete @ https://app.spline.design/assets/chunks/chunk-C1GBGJcI.js:4
[   60575ms] [WARNING] THREE.WebGLRenderer: Texture marked for update but image is incomplete @ https://app.spline.design/assets/chunks/chunk-C1GBGJcI.js:4
[   60589ms] [WARNING] THREE.WebGLRenderer: Texture marked for update but image is incomplete @ https://app.spline.design/assets/chunks/chunk-C1GBGJcI.js:4
[   60603ms] [WARNING] THREE.WebGLRenderer: Texture marked for update but image is incomplete @ https://app.spline.design/assets/chunks/chunk-C1GBGJcI.js:4
[   60616ms] [WARNING] THREE.WebGLRenderer: Texture marked for update but image is incomplete @ https://app.spline.design/assets/chunks/chunk-C1GBGJcI.js:4
[   60629ms] [WARNING] THREE.WebGLRenderer: Texture marked for update but image is incomplete @ https://app.spline.design/assets/chunks/chunk-C1GBGJcI.js:4
[   60642ms] [WARNING] THREE.WebGLRenderer: Texture marked for update but image is incomplete @ https://app.spline.design/assets/chunks/chunk-C1GBGJcI.js:4
[   60656ms] [WARNING] THREE.WebGLRenderer: Texture marked for update but image is incomplete @ https://app.spline.design/assets/chunks/chunk-C1GBGJcI.js:4
[   60669ms] [WARNING] THREE.WebGLRenderer: Texture marked for update but image is incomplete @ https://app.spline.design/assets/chunks/chunk-C1GBGJcI.js:4
[   60681ms] [WARNING] THREE.WebGLRenderer: Texture marked for update but image is incomplete @ https://app.spline.design/assets/chunks/chunk-C1GBGJcI.js:4
[   60695ms] [WARNING] THREE.WebGLRenderer: Texture marked for update but image is incomplete @ https://app.spline.design/assets/chunks/chunk-C1GBGJcI.js:4
[   60709ms] [WARNING] THREE.WebGLRenderer: Texture marked for update but image is incomplete @ https://app.spline.design/assets/chunks/chunk-C1GBGJcI.js:4
[   60722ms] [WARNING] THREE.WebGLRenderer: Texture marked for update but image is incomplete @ https://app.spline.design/assets/chunks/chunk-C1GBGJcI.js:4
[   60734ms] [WARNING] THREE.WebGLRenderer: Texture marked for update but image is incomplete @ https://app.spline.design/assets/chunks/chunk-C1GBGJcI.js:4
[   60748ms] [WARNING] THREE.WebGLRenderer: Texture marked for update but image is incomplete @ https://app.spline.design/assets/chunks/chunk-C1GBGJcI.js:4
[   60762ms] [WARNING] THREE.WebGLRenderer: Texture marked for update but image is incomplete @ https://app.spline.design/assets/chunks/chunk-C1GBGJcI.js:4
[   60775ms] [WARNING] THREE.WebGLRenderer: Texture marked for update but image is incomplete @ https://app.spline.design/assets/chunks/chunk-C1GBGJcI.js:4
[   60789ms] [WARNING] THREE.WebGLRenderer: Texture marked for update but image is incomplete @ https://app.spline.design/assets/chunks/chunk-C1GBGJcI.js:4
[   60802ms] [WARNING] THREE.WebGLRenderer: Texture marked for update but image is incomplete @ https://app.spline.design/assets/chunks/chunk-C1GBGJcI.js:4
[   60816ms] [WARNING] THREE.WebGLRenderer: Texture marked for update but image is incomplete @ https://app.spline.design/assets/chunks/chunk-C1GBGJcI.js:4
[   60829ms] [WARNING] THREE.WebGLRenderer: Texture marked for update but image is incomplete @ https://app.spline.design/assets/chunks/chunk-C1GBGJcI.js:4
[   60842ms] [WARNING] THREE.WebGLRenderer: Texture marked for update but image is incomplete @ https://app.spline.design/assets/chunks/chunk-C1GBGJcI.js:4
[   60855ms] [WARNING] THREE.WebGLRenderer: Texture marked for update but image is incomplete @ https://app.spline.design/assets/chunks/chunk-C1GBGJcI.js:4
[   60869ms] [WARNING] THREE.WebGLRenderer: Texture marked for update but image is incomplete @ https://app.spline.design/assets/chunks/chunk-C1GBGJcI.js:4
[   60883ms] [WARNING] THREE.WebGLRenderer: Texture marked for update but image is incomplete @ https://app.spline.design/assets/chunks/chunk-C1GBGJcI.js:4
[   60896ms] [WARNING] THREE.WebGLRenderer: Texture marked for update but image is incomplete @ https://app.spline.design/assets/chunks/chunk-C1GBGJcI.js:4
[   60912ms] [WARNING] THREE.WebGLRenderer: Texture marked for update but image is incomplete @ https://app.spline.design/assets/chunks/chunk-C1GBGJcI.js:4
[   60921ms] [WARNING] THREE.WebGLRenderer: Texture marked for update but image is incomplete @ https://app.spline.design/assets/chunks/chunk-C1GBGJcI.js:4
[   60935ms] [WARNING] THREE.WebGLRenderer: Texture marked for update but image is incomplete @ https://app.spline.design/assets/chunks/chunk-C1GBGJcI.js:4
[   60948ms] [WARNING] THREE.WebGLRenderer: Texture marked for update but image is incomplete @ https://app.spline.design/assets/chunks/chunk-C1GBGJcI.js:4
[   60961ms] [WARNING] THREE.WebGLRenderer: Texture marked for update but image is incomplete @ https://app.spline.design/assets/chunks/chunk-C1GBGJcI.js:4
[   60975ms] [WARNING] THREE.WebGLRenderer: Texture marked for update but image is incomplete @ https://app.spline.design/assets/chunks/chunk-C1GBGJcI.js:4
[   60989ms] [WARNING] THREE.WebGLRenderer: Texture marked for update but image is incomplete @ https://app.spline.design/assets/chunks/chunk-C1GBGJcI.js:4
[   61002ms] [WARNING] THREE.WebGLRenderer: Texture marked for update but image is incomplete @ https://app.spline.design/assets/chunks/chunk-C1GBGJcI.js:4
[   61016ms] [WARNING] THREE.WebGLRenderer: Texture marked for update but image is incomplete @ https://app.spline.design/assets/chunks/chunk-C1GBGJcI.js:4
[   61029ms] [WARNING] THREE.WebGLRenderer: Texture marked for update but image is incomplete @ https://app.spline.design/assets/chunks/chunk-C1GBGJcI.js:4
[   61042ms] [WARNING] THREE.WebGLRenderer: Texture marked for update but image is incomplete @ https://app.spline.design/assets/chunks/chunk-C1GBGJcI.js:4
[   61056ms] [WARNING] THREE.WebGLRenderer: Texture marked for update but image is incomplete @ https://app.spline.design/assets/chunks/chunk-C1GBGJcI.js:4
[   61069ms] [WARNING] THREE.WebGLRenderer: Texture marked for update but image is incomplete @ https://app.spline.design/assets/chunks/chunk-C1GBGJcI.js:4
[   61082ms] [WARNING] THREE.WebGLRenderer: Texture marked for update but image is incomplete @ https://app.spline.design/assets/chunks/chunk-C1GBGJcI.js:4
[   61096ms] [WARNING] THREE.WebGLRenderer: Texture marked for update but image is incomplete @ https://app.spline.design/assets/chunks/chunk-C1GBGJcI.js:4
[   61109ms] [WARNING] THREE.WebGLRenderer: Texture marked for update but image is incomplete @ https://app.spline.design/assets/chunks/chunk-C1GBGJcI.js:4
[   61122ms] [WARNING] THREE.WebGLRenderer: Texture marked for update but image is incomplete @ https://app.spline.design/assets/chunks/chunk-C1GBGJcI.js:4
[   61135ms] [WARNING] THREE.WebGLRenderer: Texture marked for update but image is incomplete @ https://app.spline.design/assets/chunks/chunk-C1GBGJcI.js:4
[   61149ms] [WARNING] THREE.WebGLRenderer: Texture marked for update but image is incomplete @ https://app.spline.design/assets/chunks/chunk-C1GBGJcI.js:4
[   61162ms] [WARNING] THREE.WebGLRenderer: Texture marked for update but image is incomplete @ https://app.spline.design/assets/chunks/chunk-C1GBGJcI.js:4
[   61176ms] [WARNING] THREE.WebGLRenderer: Texture marked for update but image is incomplete @ https://app.spline.design/assets/chunks/chunk-C1GBGJcI.js:4
[   61190ms] [WARNING] THREE.WebGLRenderer: Texture marked for update but image is incomplete @ https://app.spline.design/assets/chunks/chunk-C1GBGJcI.js:4
[   61202ms] [WARNING] THREE.WebGLRenderer: Texture marked for update but image is incomplete @ https://app.spline.design/assets/chunks/chunk-C1GBGJcI.js:4
[   61215ms] [WARNING] THREE.WebGLRenderer: Texture marked for update but image is incomplete @ https://app.spline.design/assets/chunks/chunk-C1GBGJcI.js:4
[   61229ms] [WARNING] THREE.WebGLRenderer: Texture marked for update but image is incomplete @ https://app.spline.design/assets/chunks/chunk-C1GBGJcI.js:4
[   61242ms] [WARNING] THREE.WebGLRenderer: Texture marked for update but image is incomplete @ https://app.spline.design/assets/chunks/chunk-C1GBGJcI.js:4
[   61255ms] [WARNING] THREE.WebGLRenderer: Texture marked for update but image is incomplete @ https://app.spline.design/assets/chunks/chunk-C1GBGJcI.js:4
[   61270ms] [WARNING] THREE.WebGLRenderer: Texture marked for update but image is incomplete @ https://app.spline.design/assets/chunks/chunk-C1GBGJcI.js:4
[   61283ms] [WARNING] THREE.WebGLRenderer: Texture marked for update but image is incomplete @ https://app.spline.design/assets/chunks/chunk-C1GBGJcI.js:4
[   61296ms] [WARNING] THREE.WebGLRenderer: Texture marked for update but image is incomplete @ https://app.spline.design/assets/chunks/chunk-C1GBGJcI.js:4
[   61309ms] [WARNING] THREE.WebGLRenderer: Texture marked for update but image is incomplete @ https://app.spline.design/assets/chunks/chunk-C1GBGJcI.js:4
[   61323ms] [WARNING] THREE.WebGLRenderer: Texture marked for update but image is incomplete @ https://app.spline.design/assets/chunks/chunk-C1GBGJcI.js:4
[   61336ms] [WARNING] THREE.WebGLRenderer: Texture marked for update but image is incomplete @ https://app.spline.design/assets/chunks/chunk-C1GBGJcI.js:4
[   61349ms] [WARNING] THREE.WebGLRenderer: Texture marked for update but image is incomplete @ https://app.spline.design/assets/chunks/chunk-C1GBGJcI.js:4
[   61362ms] [WARNING] THREE.WebGLRenderer: Texture marked for update but image is incomplete @ https://app.spline.design/assets/chunks/chunk-C1GBGJcI.js:4
[   61375ms] [WARNING] THREE.WebGLRenderer: Texture marked for update but image is incomplete @ https://app.spline.design/assets/chunks/chunk-C1GBGJcI.js:4
[   61389ms] [WARNING] THREE.WebGLRenderer: Texture marked for update but image is incomplete @ https://app.spline.design/assets/chunks/chunk-C1GBGJcI.js:4
[   61403ms] [WARNING] THREE.WebGLRenderer: Texture marked for update but image is incomplete @ https://app.spline.design/assets/chunks/chunk-C1GBGJcI.js:4
[   61415ms] [WARNING] THREE.WebGLRenderer: Texture marked for update but image is incomplete @ https://app.spline.design/assets/chunks/chunk-C1GBGJcI.js:4
[   61428ms] [WARNING] THREE.WebGLRenderer: Texture marked for update but image is incomplete @ https://app.spline.design/assets/chunks/chunk-C1GBGJcI.js:4
[   61442ms] [WARNING] THREE.WebGLRenderer: Texture marked for update but image is incomplete @ https://app.spline.design/assets/chunks/chunk-C1GBGJcI.js:4
[   61455ms] [WARNING] THREE.WebGLRenderer: Texture marked for update but image is incomplete @ https://app.spline.design/assets/chunks/chunk-C1GBGJcI.js:4
[   61468ms] [WARNING] THREE.WebGLRenderer: Texture marked for update but image is incomplete @ https://app.spline.design/assets/chunks/chunk-C1GBGJcI.js:4
[   61482ms] [WARNING] THREE.WebGLRenderer: Texture marked for update but image is incomplete @ https://app.spline.design/assets/chunks/chunk-C1GBGJcI.js:4
[   61495ms] [WARNING] THREE.WebGLRenderer: Texture marked for update but image is incomplete @ https://app.spline.design/assets/chunks/chunk-C1GBGJcI.js:4
[   61509ms] [WARNING] THREE.WebGLRenderer: Texture marked for update but image is incomplete @ https://app.spline.design/assets/chunks/chunk-C1GBGJcI.js:4
[   61522ms] [WARNING] THREE.WebGLRenderer: Texture marked for update but image is incomplete @ https://app.spline.design/assets/chunks/chunk-C1GBGJcI.js:4
[   61535ms] [WARNING] THREE.WebGLRenderer: Texture marked for update but image is incomplete @ https://app.spline.design/assets/chunks/chunk-C1GBGJcI.js:4
[   61549ms] [WARNING] THREE.WebGLRenderer: Texture marked for update but image is incomplete @ https://app.spline.design/assets/chunks/chunk-C1GBGJcI.js:4
[   61563ms] [WARNING] THREE.WebGLRenderer: Texture marked for update but image is incomplete @ https://app.spline.design/assets/chunks/chunk-C1GBGJcI.js:4
[   61575ms] [WARNING] THREE.WebGLRenderer: Texture marked for update but image is incomplete @ https://app.spline.design/assets/chunks/chunk-C1GBGJcI.js:4
[   61589ms] [WARNING] THREE.WebGLRenderer: Texture marked for update but image is incomplete @ https://app.spline.design/assets/chunks/chunk-C1GBGJcI.js:4
[   61603ms] [WARNING] THREE.WebGLRenderer: Texture marked for update but image is incomplete @ https://app.spline.design/assets/chunks/chunk-C1GBGJcI.js:4
[   61616ms] [WARNING] THREE.WebGLRenderer: Texture marked for update but image is incomplete @ https://app.spline.design/assets/chunks/chunk-C1GBGJcI.js:4
[   61629ms] [WARNING] THREE.WebGLRenderer: Texture marked for update but image is incomplete @ https://app.spline.design/assets/chunks/chunk-C1GBGJcI.js:4
[   61642ms] [WARNING] THREE.WebGLRenderer: Texture marked for update but image is incomplete @ https://app.spline.design/assets/chunks/chunk-C1GBGJcI.js:4
[   61655ms] [WARNING] THREE.WebGLRenderer: Texture marked for update but image is incomplete @ https://app.spline.design/assets/chunks/chunk-C1GBGJcI.js:4
[   61668ms] [WARNING] THREE.WebGLRenderer: Texture marked for update but image is incomplete @ https://app.spline.design/assets/chunks/chunk-C1GBGJcI.js:4
[   61682ms] [WARNING] THREE.WebGLRenderer: Texture marked for update but image is incomplete @ https://app.spline.design/assets/chunks/chunk-C1GBGJcI.js:4
[   61697ms] [WARNING] THREE.WebGLRenderer: Texture marked for update but image is incomplete @ https://app.spline.design/assets/chunks/chunk-C1GBGJcI.js:4
[   61708ms] [WARNING] THREE.WebGLRenderer: Texture marked for update but image is incomplete @ https://app.spline.design/assets/chunks/chunk-C1GBGJcI.js:4
[   61722ms] [WARNING] THREE.WebGLRenderer: Texture marked for update but image is incomplete @ https://app.spline.design/assets/chunks/chunk-C1GBGJcI.js:4
[   61736ms] [WARNING] THREE.WebGLRenderer: Texture marked for update but image is incomplete @ https://app.spline.design/assets/chunks/chunk-C1GBGJcI.js:4
[   61750ms] [WARNING] THREE.WebGLRenderer: Texture marked for update but image is incomplete @ https://app.spline.design/assets/chunks/chunk-C1GBGJcI.js:4
[   61763ms] [WARNING] THREE.WebGLRenderer: Texture marked for update but image is incomplete @ https://app.spline.design/assets/chunks/chunk-C1GBGJcI.js:4
[   61775ms] [WARNING] THREE.WebGLRenderer: Texture marked for update but image is incomplete @ https://app.spline.design/assets/chunks/chunk-C1GBGJcI.js:4
[   61789ms] [WARNING] THREE.WebGLRenderer: Texture marked for update but image is incomplete @ https://app.spline.design/assets/chunks/chunk-C1GBGJcI.js:4
[   61802ms] [WARNING] THREE.WebGLRenderer: Texture marked for update but image is incomplete @ https://app.spline.design/assets/chunks/chunk-C1GBGJcI.js:4
[   61815ms] [WARNING] THREE.WebGLRenderer: Texture marked for update but image is incomplete @ https://app.spline.design/assets/chunks/chunk-C1GBGJcI.js:4
[   61829ms] [WARNING] THREE.WebGLRenderer: Texture marked for update but image is incomplete @ https://app.spline.design/assets/chunks/chunk-C1GBGJcI.js:4
[   61842ms] [WARNING] THREE.WebGLRenderer: Texture marked for update but image is incomplete @ https://app.spline.design/assets/chunks/chunk-C1GBGJcI.js:4
[   61855ms] [WARNING] THREE.WebGLRenderer: Texture marked for update but image is incomplete @ https://app.spline.design/assets/chunks/chunk-C1GBGJcI.js:4
[   61871ms] [WARNING] THREE.WebGLRenderer: Texture marked for update but image is incomplete @ https://app.spline.design/assets/chunks/chunk-C1GBGJcI.js:4
[   61883ms] [WARNING] THREE.WebGLRenderer: Texture marked for update but image is incomplete @ https://app.spline.design/assets/chunks/chunk-C1GBGJcI.js:4
[   61896ms] [WARNING] THREE.WebGLRenderer: Texture marked for update but image is incomplete @ https://app.spline.design/assets/chunks/chunk-C1GBGJcI.js:4
[   61909ms] [WARNING] THREE.WebGLRenderer: Texture marked for update but image is incomplete @ https://app.spline.design/assets/chunks/chunk-C1GBGJcI.js:4
[   61923ms] [WARNING] THREE.WebGLRenderer: Texture marked for update but image is incomplete @ https://app.spline.design/assets/chunks/chunk-C1GBGJcI.js:4
[   61936ms] [WARNING] THREE.WebGLRenderer: Texture marked for update but image is incomplete @ https://app.spline.design/assets/chunks/chunk-C1GBGJcI.js:4
[   61949ms] [WARNING] THREE.WebGLRenderer: Texture marked for update but image is incomplete @ https://app.spline.design/assets/chunks/chunk-C1GBGJcI.js:4
[   61962ms] [WARNING] THREE.WebGLRenderer: Texture marked for update but image is incomplete @ https://app.spline.design/assets/chunks/chunk-C1GBGJcI.js:4
[   61976ms] [WARNING] THREE.WebGLRenderer: Texture marked for update but image is incomplete @ https://app.spline.design/assets/chunks/chunk-C1GBGJcI.js:4
[   61990ms] [WARNING] THREE.WebGLRenderer: Texture marked for update but image is incomplete @ https://app.spline.design/assets/chunks/chunk-C1GBGJcI.js:4
[   62003ms] [WARNING] THREE.WebGLRenderer: Texture marked for update but image is incomplete @ https://app.spline.design/assets/chunks/chunk-C1GBGJcI.js:4
[   62017ms] [WARNING] THREE.WebGLRenderer: Texture marked for update but image is incomplete @ https://app.spline.design/assets/chunks/chunk-C1GBGJcI.js:4
[   62029ms] [WARNING] THREE.WebGLRenderer: Texture marked for update but image is incomplete @ https://app.spline.design/assets/chunks/chunk-C1GBGJcI.js:4
[   62042ms] [WARNING] THREE.WebGLRenderer: Texture marked for update but image is incomplete @ https://app.spline.design/assets/chunks/chunk-C1GBGJcI.js:4
[   62055ms] [WARNING] THREE.WebGLRenderer: Texture marked for update but image is incomplete @ https://app.spline.design/assets/chunks/chunk-C1GBGJcI.js:4
[   62068ms] [WARNING] THREE.WebGLRenderer: Texture marked for update but image is incomplete @ https://app.spline.design/assets/chunks/chunk-C1GBGJcI.js:4
[   62083ms] [WARNING] THREE.WebGLRenderer: Texture marked for update but image is incomplete @ https://app.spline.design/assets/chunks/chunk-C1GBGJcI.js:4
[   62096ms] [WARNING] THREE.WebGLRenderer: Texture marked for update but image is incomplete @ https://app.spline.design/assets/chunks/chunk-C1GBGJcI.js:4
[   62108ms] [WARNING] THREE.WebGLRenderer: Texture marked for update but image is incomplete @ https://app.spline.design/assets/chunks/chunk-C1GBGJcI.js:4
[   62124ms] [WARNING] THREE.WebGLRenderer: Texture marked for update but image is incomplete @ https://app.spline.design/assets/chunks/chunk-C1GBGJcI.js:4
[   62136ms] [WARNING] THREE.WebGLRenderer: Texture marked for update but image is incomplete @ https://app.spline.design/assets/chunks/chunk-C1GBGJcI.js:4
[   62150ms] [WARNING] THREE.WebGLRenderer: Texture marked for update but image is incomplete @ https://app.spline.design/assets/chunks/chunk-C1GBGJcI.js:4
[   62162ms] [WARNING] THREE.WebGLRenderer: Texture marked for update but image is incomplete @ https://app.spline.design/assets/chunks/chunk-C1GBGJcI.js:4
[   62175ms] [WARNING] THREE.WebGLRenderer: Texture marked for update but image is incomplete @ https://app.spline.design/assets/chunks/chunk-C1GBGJcI.js:4
[   62189ms] [WARNING] THREE.WebGLRenderer: Texture marked for update but image is incomplete @ https://app.spline.design/assets/chunks/chunk-C1GBGJcI.js:4
[   62203ms] [WARNING] THREE.WebGLRenderer: Texture marked for update but image is incomplete @ https://app.spline.design/assets/chunks/chunk-C1GBGJcI.js:4
[   62216ms] [WARNING] THREE.WebGLRenderer: Texture marked for update but image is incomplete @ https://app.spline.design/assets/chunks/chunk-C1GBGJcI.js:4
[   62229ms] [WARNING] THREE.WebGLRenderer: Texture marked for update but image is incomplete @ https://app.spline.design/assets/chunks/chunk-C1GBGJcI.js:4
[   62242ms] [WARNING] THREE.WebGLRenderer: Texture marked for update but image is incomplete @ https://app.spline.design/assets/chunks/chunk-C1GBGJcI.js:4
[   62256ms] [WARNING] THREE.WebGLRenderer: Texture marked for update but image is incomplete @ https://app.spline.design/assets/chunks/chunk-C1GBGJcI.js:4
[   62269ms] [WARNING] THREE.WebGLRenderer: Texture marked for update but image is incomplete @ https://app.spline.design/assets/chunks/chunk-C1GBGJcI.js:4
[   62283ms] [WARNING] THREE.WebGLRenderer: Texture marked for update but image is incomplete @ https://app.spline.design/assets/chunks/chunk-C1GBGJcI.js:4
[   62297ms] [WARNING] THREE.WebGLRenderer: Texture marked for update but image is incomplete @ https://app.spline.design/assets/chunks/chunk-C1GBGJcI.js:4
[   62310ms] [WARNING] THREE.WebGLRenderer: Texture marked for update but image is incomplete @ https://app.spline.design/assets/chunks/chunk-C1GBGJcI.js:4
[   62323ms] [WARNING] THREE.WebGLRenderer: Texture marked for update but image is incomplete @ https://app.spline.design/assets/chunks/chunk-C1GBGJcI.js:4
[   62337ms] [WARNING] THREE.WebGLRenderer: Texture marked for update but image is incomplete @ https://app.spline.design/assets/chunks/chunk-C1GBGJcI.js:4
[   62350ms] [WARNING] THREE.WebGLRenderer: Texture marked for update but image is incomplete @ https://app.spline.design/assets/chunks/chunk-C1GBGJcI.js:4
[   62363ms] [WARNING] THREE.WebGLRenderer: Texture marked for update but image is incomplete @ https://app.spline.design/assets/chunks/chunk-C1GBGJcI.js:4
[   62376ms] [WARNING] THREE.WebGLRenderer: Texture marked for update but image is incomplete @ https://app.spline.design/assets/chunks/chunk-C1GBGJcI.js:4
[   62389ms] [WARNING] THREE.WebGLRenderer: Texture marked for update but image is incomplete @ https://app.spline.design/assets/chunks/chunk-C1GBGJcI.js:4
[   62403ms] [WARNING] THREE.WebGLRenderer: Texture marked for update but image is incomplete @ https://app.spline.design/assets/chunks/chunk-C1GBGJcI.js:4
[   62416ms] [WARNING] THREE.WebGLRenderer: Texture marked for update but image is incomplete @ https://app.spline.design/assets/chunks/chunk-C1GBGJcI.js:4
[   62429ms] [WARNING] THREE.WebGLRenderer: Texture marked for update but image is incomplete @ https://app.spline.design/assets/chunks/chunk-C1GBGJcI.js:4
[   62442ms] [WARNING] THREE.WebGLRenderer: Texture marked for update but image is incomplete @ https://app.spline.design/assets/chunks/chunk-C1GBGJcI.js:4
[   62456ms] [WARNING] THREE.WebGLRenderer: Texture marked for update but image is incomplete @ https://app.spline.design/assets/chunks/chunk-C1GBGJcI.js:4
[   62470ms] [WARNING] THREE.WebGLRenderer: Texture marked for update but image is incomplete @ https://app.spline.design/assets/chunks/chunk-C1GBGJcI.js:4
[   62482ms] [WARNING] THREE.WebGLRenderer: Texture marked for update but image is incomplete @ https://app.spline.design/assets/chunks/chunk-C1GBGJcI.js:4
[   62495ms] [WARNING] THREE.WebGLRenderer: Texture marked for update but image is incomplete @ https://app.spline.design/assets/chunks/chunk-C1GBGJcI.js:4
[   62510ms] [WARNING] THREE.WebGLRenderer: Texture marked for update but image is incomplete @ https://app.spline.design/assets/chunks/chunk-C1GBGJcI.js:4
[   62523ms] [WARNING] THREE.WebGLRenderer: Texture marked for update but image is incomplete @ https://app.spline.design/assets/chunks/chunk-C1GBGJcI.js:4
[   62536ms] [WARNING] THREE.WebGLRenderer: Texture marked for update but image is incomplete @ https://app.spline.design/assets/chunks/chunk-C1GBGJcI.js:4
[   62550ms] [WARNING] THREE.WebGLRenderer: Texture marked for update but image is incomplete @ https://app.spline.design/assets/chunks/chunk-C1GBGJcI.js:4
[   62562ms] [WARNING] THREE.WebGLRenderer: Texture marked for update but image is incomplete @ https://app.spline.design/assets/chunks/chunk-C1GBGJcI.js:4
[   62576ms] [WARNING] THREE.WebGLRenderer: Texture marked for update but image is incomplete @ https://app.spline.design/assets/chunks/chunk-C1GBGJcI.js:4
[   62590ms] [WARNING] THREE.WebGLRenderer: Texture marked for update but image is incomplete @ https://app.spline.design/assets/chunks/chunk-C1GBGJcI.js:4
[   62603ms] [WARNING] THREE.WebGLRenderer: Texture marked for update but image is incomplete @ https://app.spline.design/assets/chunks/chunk-C1GBGJcI.js:4
[   62616ms] [WARNING] THREE.WebGLRenderer: Texture marked for update but image is incomplete @ https://app.spline.design/assets/chunks/chunk-C1GBGJcI.js:4
[   62629ms] [WARNING] THREE.WebGLRenderer: Texture marked for update but image is incomplete @ https://app.spline.design/assets/chunks/chunk-C1GBGJcI.js:4
[   62643ms] [WARNING] THREE.WebGLRenderer: Texture marked for update but image is incomplete @ https://app.spline.design/assets/chunks/chunk-C1GBGJcI.js:4
[   62656ms] [WARNING] THREE.WebGLRenderer: Texture marked for update but image is incomplete @ https://app.spline.design/assets/chunks/chunk-C1GBGJcI.js:4
[   62669ms] [WARNING] THREE.WebGLRenderer: Texture marked for update but image is incomplete @ https://app.spline.design/assets/chunks/chunk-C1GBGJcI.js:4
[   62682ms] [WARNING] THREE.WebGLRenderer: Texture marked for update but image is incomplete @ https://app.spline.design/assets/chunks/chunk-C1GBGJcI.js:4
[   62696ms] [WARNING] THREE.WebGLRenderer: Texture marked for update but image is incomplete @ https://app.spline.design/assets/chunks/chunk-C1GBGJcI.js:4
[   62709ms] [WARNING] THREE.WebGLRenderer: Texture marked for update but image is incomplete @ https://app.spline.design/assets/chunks/chunk-C1GBGJcI.js:4
[   62724ms] [WARNING] THREE.WebGLRenderer: Texture marked for update but image is incomplete @ https://app.spline.design/assets/chunks/chunk-C1GBGJcI.js:4
[   62736ms] [WARNING] THREE.WebGLRenderer: Texture marked for update but image is incomplete @ https://app.spline.design/assets/chunks/chunk-C1GBGJcI.js:4
[   62750ms] [WARNING] THREE.WebGLRenderer: Texture marked for update but image is incomplete @ https://app.spline.design/assets/chunks/chunk-C1GBGJcI.js:4
[   62762ms] [WARNING] THREE.WebGLRenderer: Texture marked for update but image is incomplete @ https://app.spline.design/assets/chunks/chunk-C1GBGJcI.js:4
[   62776ms] [WARNING] THREE.WebGLRenderer: Texture marked for update but image is incomplete @ https://app.spline.design/assets/chunks/chunk-C1GBGJcI.js:4
[   62789ms] [WARNING] THREE.WebGLRenderer: Texture marked for update but image is incomplete @ https://app.spline.design/assets/chunks/chunk-C1GBGJcI.js:4
[   62803ms] [WARNING] THREE.WebGLRenderer: Texture marked for update but image is incomplete @ https://app.spline.design/assets/chunks/chunk-C1GBGJcI.js:4
[   62816ms] [WARNING] THREE.WebGLRenderer: Texture marked for update but image is incomplete @ https://app.spline.design/assets/chunks/chunk-C1GBGJcI.js:4
[   62830ms] [WARNING] THREE.WebGLRenderer: Texture marked for update but image is incomplete @ https://app.spline.design/assets/chunks/chunk-C1GBGJcI.js:4
[   62842ms] [WARNING] THREE.WebGLRenderer: Texture marked for update but image is incomplete @ https://app.spline.design/assets/chunks/chunk-C1GBGJcI.js:4
[   62856ms] [WARNING] THREE.WebGLRenderer: Texture marked for update but image is incomplete @ https://app.spline.design/assets/chunks/chunk-C1GBGJcI.js:4
[   62869ms] [WARNING] THREE.WebGLRenderer: Texture marked for update but image is incomplete @ https://app.spline.design/assets/chunks/chunk-C1GBGJcI.js:4
[   62882ms] [WARNING] THREE.WebGLRenderer: Texture marked for update but image is incomplete @ https://app.spline.design/assets/chunks/chunk-C1GBGJcI.js:4
[   62896ms] [WARNING] THREE.WebGLRenderer: Texture marked for update but image is incomplete @ https://app.spline.design/assets/chunks/chunk-C1GBGJcI.js:4
[   62909ms] [WARNING] THREE.WebGLRenderer: Texture marked for update but image is incomplete @ https://app.spline.design/assets/chunks/chunk-C1GBGJcI.js:4
[   62923ms] [WARNING] THREE.WebGLRenderer: Texture marked for update but image is incomplete @ https://app.spline.design/assets/chunks/chunk-C1GBGJcI.js:4
[   62935ms] [WARNING] THREE.WebGLRenderer: Texture marked for update but image is incomplete @ https://app.spline.design/assets/chunks/chunk-C1GBGJcI.js:4
[   62949ms] [WARNING] THREE.WebGLRenderer: Texture marked for update but image is incomplete @ https://app.spline.design/assets/chunks/chunk-C1GBGJcI.js:4
[   62963ms] [WARNING] THREE.WebGLRenderer: Texture marked for update but image is incomplete @ https://app.spline.design/assets/chunks/chunk-C1GBGJcI.js:4
[   62975ms] [WARNING] THREE.WebGLRenderer: Texture marked for update but image is incomplete @ https://app.spline.design/assets/chunks/chunk-C1GBGJcI.js:4
[   62989ms] [WARNING] THREE.WebGLRenderer: Texture marked for update but image is incomplete @ https://app.spline.design/assets/chunks/chunk-C1GBGJcI.js:4
[   63003ms] [WARNING] THREE.WebGLRenderer: Texture marked for update but image is incomplete @ https://app.spline.design/assets/chunks/chunk-C1GBGJcI.js:4
[   63016ms] [WARNING] THREE.WebGLRenderer: Texture marked for update but image is incomplete @ https://app.spline.design/assets/chunks/chunk-C1GBGJcI.js:4
[   63029ms] [WARNING] THREE.WebGLRenderer: Texture marked for update but image is incomplete @ https://app.spline.design/assets/chunks/chunk-C1GBGJcI.js:4
[   63042ms] [WARNING] THREE.WebGLRenderer: Texture marked for update but image is incomplete @ https://app.spline.design/assets/chunks/chunk-C1GBGJcI.js:4
[   63056ms] [WARNING] THREE.WebGLRenderer: Texture marked for update but image is incomplete @ https://app.spline.design/assets/chunks/chunk-C1GBGJcI.js:4
[   63069ms] [WARNING] THREE.WebGLRenderer: Texture marked for update but image is incomplete @ https://app.spline.design/assets/chunks/chunk-C1GBGJcI.js:4
[   63084ms] [WARNING] THREE.WebGLRenderer: Texture marked for update but image is incomplete @ https://app.spline.design/assets/chunks/chunk-C1GBGJcI.js:4
[   63096ms] [WARNING] THREE.WebGLRenderer: Texture marked for update but image is incomplete @ https://app.spline.design/assets/chunks/chunk-C1GBGJcI.js:4
[   63109ms] [WARNING] THREE.WebGLRenderer: Texture marked for update but image is incomplete @ https://app.spline.design/assets/chunks/chunk-C1GBGJcI.js:4
[   63123ms] [WARNING] THREE.WebGLRenderer: Texture marked for update but image is incomplete @ https://app.spline.design/assets/chunks/chunk-C1GBGJcI.js:4
[   63135ms] [WARNING] THREE.WebGLRenderer: Texture marked for update but image is incomplete @ https://app.spline.design/assets/chunks/chunk-C1GBGJcI.js:4
[   63150ms] [WARNING] THREE.WebGLRenderer: Texture marked for update but image is incomplete @ https://app.spline.design/assets/chunks/chunk-C1GBGJcI.js:4
[   63162ms] [WARNING] THREE.WebGLRenderer: Texture marked for update but image is incomplete @ https://app.spline.design/assets/chunks/chunk-C1GBGJcI.js:4
[   63176ms] [WARNING] THREE.WebGLRenderer: Texture marked for update but image is incomplete @ https://app.spline.design/assets/chunks/chunk-C1GBGJcI.js:4
[   63189ms] [WARNING] THREE.WebGLRenderer: Texture marked for update but image is incomplete @ https://app.spline.design/assets/chunks/chunk-C1GBGJcI.js:4
[   63203ms] [WARNING] THREE.WebGLRenderer: Texture marked for update but image is incomplete @ https://app.spline.design/assets/chunks/chunk-C1GBGJcI.js:4
[   63215ms] [WARNING] THREE.WebGLRenderer: Texture marked for update but image is incomplete @ https://app.spline.design/assets/chunks/chunk-C1GBGJcI.js:4
[   63229ms] [WARNING] THREE.WebGLRenderer: Texture marked for update but image is incomplete @ https://app.spline.design/assets/chunks/chunk-C1GBGJcI.js:4
[   63243ms] [WARNING] THREE.WebGLRenderer: Texture marked for update but image is incomplete @ https://app.spline.design/assets/chunks/chunk-C1GBGJcI.js:4
[   63256ms] [WARNING] THREE.WebGLRenderer: Texture marked for update but image is incomplete @ https://app.spline.design/assets/chunks/chunk-C1GBGJcI.js:4
[   63269ms] [WARNING] THREE.WebGLRenderer: Texture marked for update but image is incomplete @ https://app.spline.design/assets/chunks/chunk-C1GBGJcI.js:4
[   63283ms] [WARNING] THREE.WebGLRenderer: Texture marked for update but image is incomplete @ https://app.spline.design/assets/chunks/chunk-C1GBGJcI.js:4
[   63296ms] [WARNING] THREE.WebGLRenderer: Texture marked for update but image is incomplete @ https://app.spline.design/assets/chunks/chunk-C1GBGJcI.js:4
[   63310ms] [WARNING] THREE.WebGLRenderer: Texture marked for update but image is incomplete @ https://app.spline.design/assets/chunks/chunk-C1GBGJcI.js:4
[   63323ms] [WARNING] THREE.WebGLRenderer: Texture marked for update but image is incomplete @ https://app.spline.design/assets/chunks/chunk-C1GBGJcI.js:4
[   63336ms] [WARNING] THREE.WebGLRenderer: Texture marked for update but image is incomplete @ https://app.spline.design/assets/chunks/chunk-C1GBGJcI.js:4
[   63349ms] [WARNING] THREE.WebGLRenderer: Texture marked for update but image is incomplete @ https://app.spline.design/assets/chunks/chunk-C1GBGJcI.js:4
[   63363ms] [WARNING] THREE.WebGLRenderer: Texture marked for update but image is incomplete @ https://app.spline.design/assets/chunks/chunk-C1GBGJcI.js:4
[   63376ms] [WARNING] THREE.WebGLRenderer: Texture marked for update but image is incomplete @ https://app.spline.design/assets/chunks/chunk-C1GBGJcI.js:4
[   63389ms] [WARNING] THREE.WebGLRenderer: Texture marked for update but image is incomplete @ https://app.spline.design/assets/chunks/chunk-C1GBGJcI.js:4
[   63402ms] [WARNING] THREE.WebGLRenderer: Texture marked for update but image is incomplete @ https://app.spline.design/assets/chunks/chunk-C1GBGJcI.js:4
[   63416ms] [WARNING] THREE.WebGLRenderer: Texture marked for update but image is incomplete @ https://app.spline.design/assets/chunks/chunk-C1GBGJcI.js:4
[   63430ms] [WARNING] THREE.WebGLRenderer: Texture marked for update but image is incomplete @ https://app.spline.design/assets/chunks/chunk-C1GBGJcI.js:4
[   63443ms] [WARNING] THREE.WebGLRenderer: Texture marked for update but image is incomplete @ https://app.spline.design/assets/chunks/chunk-C1GBGJcI.js:4
[   63457ms] [WARNING] THREE.WebGLRenderer: Texture marked for update but image is incomplete @ https://app.spline.design/assets/chunks/chunk-C1GBGJcI.js:4
[   63470ms] [WARNING] THREE.WebGLRenderer: Texture marked for update but image is incomplete @ https://app.spline.design/assets/chunks/chunk-C1GBGJcI.js:4
[   63484ms] [WARNING] THREE.WebGLRenderer: Texture marked for update but image is incomplete @ https://app.spline.design/assets/chunks/chunk-C1GBGJcI.js:4
[   63497ms] [WARNING] THREE.WebGLRenderer: Texture marked for update but image is incomplete @ https://app.spline.design/assets/chunks/chunk-C1GBGJcI.js:4
[   63509ms] [WARNING] THREE.WebGLRenderer: Texture marked for update but image is incomplete @ https://app.spline.design/assets/chunks/chunk-C1GBGJcI.js:4
[   63524ms] [WARNING] THREE.WebGLRenderer: Texture marked for update but image is incomplete @ https://app.spline.design/assets/chunks/chunk-C1GBGJcI.js:4
[   63537ms] [WARNING] THREE.WebGLRenderer: Texture marked for update but image is incomplete @ https://app.spline.design/assets/chunks/chunk-C1GBGJcI.js:4
[   63550ms] [WARNING] THREE.WebGLRenderer: Texture marked for update but image is incomplete @ https://app.spline.design/assets/chunks/chunk-C1GBGJcI.js:4
[   63563ms] [WARNING] THREE.WebGLRenderer: Texture marked for update but image is incomplete @ https://app.spline.design/assets/chunks/chunk-C1GBGJcI.js:4
[   63576ms] [WARNING] THREE.WebGLRenderer: Texture marked for update but image is incomplete @ https://app.spline.design/assets/chunks/chunk-C1GBGJcI.js:4
[   63590ms] [WARNING] THREE.WebGLRenderer: Texture marked for update but image is incomplete @ https://app.spline.design/assets/chunks/chunk-C1GBGJcI.js:4
[   63603ms] [WARNING] THREE.WebGLRenderer: Texture marked for update but image is incomplete @ https://app.spline.design/assets/chunks/chunk-C1GBGJcI.js:4
[   63617ms] [WARNING] THREE.WebGLRenderer: Texture marked for update but image is incomplete @ https://app.spline.design/assets/chunks/chunk-C1GBGJcI.js:4
[   63631ms] [WARNING] THREE.WebGLRenderer: Texture marked for update but image is incomplete @ https://app.spline.design/assets/chunks/chunk-C1GBGJcI.js:4
[   63643ms] [WARNING] THREE.WebGLRenderer: Texture marked for update but image is incomplete @ https://app.spline.design/assets/chunks/chunk-C1GBGJcI.js:4
[   63656ms] [WARNING] THREE.WebGLRenderer: Texture marked for update but image is incomplete @ https://app.spline.design/assets/chunks/chunk-C1GBGJcI.js:4
[   63670ms] [WARNING] THREE.WebGLRenderer: Texture marked for update but image is incomplete @ https://app.spline.design/assets/chunks/chunk-C1GBGJcI.js:4
[   63684ms] [WARNING] THREE.WebGLRenderer: Texture marked for update but image is incomplete @ https://app.spline.design/assets/chunks/chunk-C1GBGJcI.js:4
[   63697ms] [WARNING] THREE.WebGLRenderer: Texture marked for update but image is incomplete @ https://app.spline.design/assets/chunks/chunk-C1GBGJcI.js:4
[   63709ms] [WARNING] THREE.WebGLRenderer: Texture marked for update but image is incomplete @ https://app.spline.design/assets/chunks/chunk-C1GBGJcI.js:4
[   63723ms] [WARNING] THREE.WebGLRenderer: Texture marked for update but image is incomplete @ https://app.spline.design/assets/chunks/chunk-C1GBGJcI.js:4
[   63736ms] [WARNING] THREE.WebGLRenderer: Texture marked for update but image is incomplete @ https://app.spline.design/assets/chunks/chunk-C1GBGJcI.js:4
[   63750ms] [WARNING] THREE.WebGLRenderer: Texture marked for update but image is incomplete @ https://app.spline.design/assets/chunks/chunk-C1GBGJcI.js:4
[   63764ms] [WARNING] THREE.WebGLRenderer: Texture marked for update but image is incomplete @ https://app.spline.design/assets/chunks/chunk-C1GBGJcI.js:4
[   63776ms] [WARNING] THREE.WebGLRenderer: Texture marked for update but image is incomplete @ https://app.spline.design/assets/chunks/chunk-C1GBGJcI.js:4
[   63789ms] [WARNING] THREE.WebGLRenderer: Texture marked for update but image is incomplete @ https://app.spline.design/assets/chunks/chunk-C1GBGJcI.js:4
[   63803ms] [WARNING] THREE.WebGLRenderer: Texture marked for update but image is incomplete @ https://app.spline.design/assets/chunks/chunk-C1GBGJcI.js:4
[   63817ms] [WARNING] THREE.WebGLRenderer: Texture marked for update but image is incomplete @ https://app.spline.design/assets/chunks/chunk-C1GBGJcI.js:4
[   63830ms] [WARNING] THREE.WebGLRenderer: Texture marked for update but image is incomplete @ https://app.spline.design/assets/chunks/chunk-C1GBGJcI.js:4
[   63844ms] [WARNING] THREE.WebGLRenderer: Texture marked for update but image is incomplete @ https://app.spline.design/assets/chunks/chunk-C1GBGJcI.js:4
[   63857ms] [WARNING] THREE.WebGLRenderer: Texture marked for update but image is incomplete @ https://app.spline.design/assets/chunks/chunk-C1GBGJcI.js:4
[   63870ms] [WARNING] THREE.WebGLRenderer: Texture marked for update but image is incomplete @ https://app.spline.design/assets/chunks/chunk-C1GBGJcI.js:4
[   63883ms] [WARNING] THREE.WebGLRenderer: Texture marked for update but image is incomplete @ https://app.spline.design/assets/chunks/chunk-C1GBGJcI.js:4
[   63897ms] [WARNING] THREE.WebGLRenderer: Texture marked for update but image is incomplete @ https://app.spline.design/assets/chunks/chunk-C1GBGJcI.js:4
[   63909ms] [WARNING] THREE.WebGLRenderer: Texture marked for update but image is incomplete @ https://app.spline.design/assets/chunks/chunk-C1GBGJcI.js:4
[   63923ms] [WARNING] THREE.WebGLRenderer: Texture marked for update but image is incomplete @ https://app.spline.design/assets/chunks/chunk-C1GBGJcI.js:4
[   63937ms] [WARNING] THREE.WebGLRenderer: Texture marked for update but image is incomplete @ https://app.spline.design/assets/chunks/chunk-C1GBGJcI.js:4
[   63950ms] [WARNING] THREE.WebGLRenderer: Texture marked for update but image is incomplete @ https://app.spline.design/assets/chunks/chunk-C1GBGJcI.js:4
[   63964ms] [WARNING] THREE.WebGLRenderer: Texture marked for update but image is incomplete @ https://app.spline.design/assets/chunks/chunk-C1GBGJcI.js:4
[   63976ms] [WARNING] THREE.WebGLRenderer: Texture marked for update but image is incomplete @ https://app.spline.design/assets/chunks/chunk-C1GBGJcI.js:4
[   63990ms] [WARNING] THREE.WebGLRenderer: Texture marked for update but image is incomplete @ https://app.spline.design/assets/chunks/chunk-C1GBGJcI.js:4
[   64003ms] [WARNING] THREE.WebGLRenderer: Texture marked for update but image is incomplete @ https://app.spline.design/assets/chunks/chunk-C1GBGJcI.js:4
[   64016ms] [WARNING] THREE.WebGLRenderer: Texture marked for update but image is incomplete @ https://app.spline.design/assets/chunks/chunk-C1GBGJcI.js:4
[   64030ms] [WARNING] THREE.WebGLRenderer: Texture marked for update but image is incomplete @ https://app.spline.design/assets/chunks/chunk-C1GBGJcI.js:4
[   64043ms] [WARNING] THREE.WebGLRenderer: Texture marked for update but image is incomplete @ https://app.spline.design/assets/chunks/chunk-C1GBGJcI.js:4
[   64057ms] [WARNING] THREE.WebGLRenderer: Texture marked for update but image is incomplete @ https://app.spline.design/assets/chunks/chunk-C1GBGJcI.js:4
[   64071ms] [WARNING] THREE.WebGLRenderer: Texture marked for update but image is incomplete @ https://app.spline.design/assets/chunks/chunk-C1GBGJcI.js:4
[   64083ms] [WARNING] THREE.WebGLRenderer: Texture marked for update but image is incomplete @ https://app.spline.design/assets/chunks/chunk-C1GBGJcI.js:4
[   64097ms] [WARNING] THREE.WebGLRenderer: Texture marked for update but image is incomplete @ https://app.spline.design/assets/chunks/chunk-C1GBGJcI.js:4
[   64110ms] [WARNING] THREE.WebGLRenderer: Texture marked for update but image is incomplete @ https://app.spline.design/assets/chunks/chunk-C1GBGJcI.js:4
[   64124ms] [WARNING] THREE.WebGLRenderer: Texture marked for update but image is incomplete @ https://app.spline.design/assets/chunks/chunk-C1GBGJcI.js:4
[   64136ms] [WARNING] THREE.WebGLRenderer: Texture marked for update but image is incomplete @ https://app.spline.design/assets/chunks/chunk-C1GBGJcI.js:4
[   64150ms] [WARNING] THREE.WebGLRenderer: Texture marked for update but image is incomplete @ https://app.spline.design/assets/chunks/chunk-C1GBGJcI.js:4
[   64163ms] [WARNING] THREE.WebGLRenderer: Texture marked for update but image is incomplete @ https://app.spline.design/assets/chunks/chunk-C1GBGJcI.js:4
[   64177ms] [WARNING] THREE.WebGLRenderer: Texture marked for update but image is incomplete @ https://app.spline.design/assets/chunks/chunk-C1GBGJcI.js:4
[   64190ms] [WARNING] THREE.WebGLRenderer: Texture marked for update but image is incomplete @ https://app.spline.design/assets/chunks/chunk-C1GBGJcI.js:4
[   64204ms] [WARNING] THREE.WebGLRenderer: Texture marked for update but image is incomplete @ https://app.spline.design/assets/chunks/chunk-C1GBGJcI.js:4
[   64217ms] [WARNING] THREE.WebGLRenderer: Texture marked for update but image is incomplete @ https://app.spline.design/assets/chunks/chunk-C1GBGJcI.js:4
[   64231ms] [WARNING] THREE.WebGLRenderer: Texture marked for update but image is incomplete @ https://app.spline.design/assets/chunks/chunk-C1GBGJcI.js:4
[   64244ms] [WARNING] THREE.WebGLRenderer: Texture marked for update but image is incomplete @ https://app.spline.design/assets/chunks/chunk-C1GBGJcI.js:4
[   64257ms] [WARNING] THREE.WebGLRenderer: Texture marked for update but image is incomplete @ https://app.spline.design/assets/chunks/chunk-C1GBGJcI.js:4
[   64270ms] [WARNING] THREE.WebGLRenderer: Texture marked for update but image is incomplete @ https://app.spline.design/assets/chunks/chunk-C1GBGJcI.js:4
[   64284ms] [WARNING] THREE.WebGLRenderer: Texture marked for update but image is incomplete @ https://app.spline.design/assets/chunks/chunk-C1GBGJcI.js:4
[   64297ms] [WARNING] THREE.WebGLRenderer: Texture marked for update but image is incomplete @ https://app.spline.design/assets/chunks/chunk-C1GBGJcI.js:4
[   64310ms] [WARNING] THREE.WebGLRenderer: Texture marked for update but image is incomplete @ https://app.spline.design/assets/chunks/chunk-C1GBGJcI.js:4
[   64323ms] [WARNING] THREE.WebGLRenderer: Texture marked for update but image is incomplete @ https://app.spline.design/assets/chunks/chunk-C1GBGJcI.js:4
[   64336ms] [WARNING] THREE.WebGLRenderer: Texture marked for update but image is incomplete @ https://app.spline.design/assets/chunks/chunk-C1GBGJcI.js:4
[   64349ms] [WARNING] THREE.WebGLRenderer: Texture marked for update but image is incomplete @ https://app.spline.design/assets/chunks/chunk-C1GBGJcI.js:4
[   64363ms] [WARNING] THREE.WebGLRenderer: Texture marked for update but image is incomplete @ https://app.spline.design/assets/chunks/chunk-C1GBGJcI.js:4
[   64376ms] [WARNING] THREE.WebGLRenderer: Texture marked for update but image is incomplete @ https://app.spline.design/assets/chunks/chunk-C1GBGJcI.js:4
[   64391ms] [WARNING] THREE.WebGLRenderer: Texture marked for update but image is incomplete @ https://app.spline.design/assets/chunks/chunk-C1GBGJcI.js:4
[   64404ms] [WARNING] THREE.WebGLRenderer: Texture marked for update but image is incomplete @ https://app.spline.design/assets/chunks/chunk-C1GBGJcI.js:4
[   64417ms] [WARNING] THREE.WebGLRenderer: Texture marked for update but image is incomplete @ https://app.spline.design/assets/chunks/chunk-C1GBGJcI.js:4
[   64430ms] [WARNING] THREE.WebGLRenderer: Texture marked for update but image is incomplete @ https://app.spline.design/assets/chunks/chunk-C1GBGJcI.js:4
[   64443ms] [WARNING] THREE.WebGLRenderer: Texture marked for update but image is incomplete @ https://app.spline.design/assets/chunks/chunk-C1GBGJcI.js:4
[   64457ms] [WARNING] THREE.WebGLRenderer: Texture marked for update but image is incomplete @ https://app.spline.design/assets/chunks/chunk-C1GBGJcI.js:4
[   64470ms] [WARNING] THREE.WebGLRenderer: Texture marked for update but image is incomplete @ https://app.spline.design/assets/chunks/chunk-C1GBGJcI.js:4
[   64483ms] [WARNING] THREE.WebGLRenderer: Texture marked for update but image is incomplete @ https://app.spline.design/assets/chunks/chunk-C1GBGJcI.js:4
[   64497ms] [WARNING] THREE.WebGLRenderer: Texture marked for update but image is incomplete @ https://app.spline.design/assets/chunks/chunk-C1GBGJcI.js:4
[   64510ms] [WARNING] THREE.WebGLRenderer: Texture marked for update but image is incomplete @ https://app.spline.design/assets/chunks/chunk-C1GBGJcI.js:4
[   64524ms] [WARNING] THREE.WebGLRenderer: Texture marked for update but image is incomplete @ https://app.spline.design/assets/chunks/chunk-C1GBGJcI.js:4
[   64537ms] [WARNING] THREE.WebGLRenderer: Texture marked for update but image is incomplete @ https://app.spline.design/assets/chunks/chunk-C1GBGJcI.js:4
[   64551ms] [WARNING] THREE.WebGLRenderer: Texture marked for update but image is incomplete @ https://app.spline.design/assets/chunks/chunk-C1GBGJcI.js:4
[   64564ms] [WARNING] THREE.WebGLRenderer: Texture marked for update but image is incomplete @ https://app.spline.design/assets/chunks/chunk-C1GBGJcI.js:4
[   64577ms] [WARNING] THREE.WebGLRenderer: Texture marked for update but image is incomplete @ https://app.spline.design/assets/chunks/chunk-C1GBGJcI.js:4
[   64591ms] [WARNING] THREE.WebGLRenderer: Texture marked for update but image is incomplete @ https://app.spline.design/assets/chunks/chunk-C1GBGJcI.js:4
[   64604ms] [WARNING] THREE.WebGLRenderer: Texture marked for update but image is incomplete @ https://app.spline.design/assets/chunks/chunk-C1GBGJcI.js:4
[   64617ms] [WARNING] THREE.WebGLRenderer: Texture marked for update but image is incomplete @ https://app.spline.design/assets/chunks/chunk-C1GBGJcI.js:4
[   64631ms] [WARNING] THREE.WebGLRenderer: Texture marked for update but image is incomplete @ https://app.spline.design/assets/chunks/chunk-C1GBGJcI.js:4
[   64643ms] [WARNING] THREE.WebGLRenderer: Texture marked for update but image is incomplete @ https://app.spline.design/assets/chunks/chunk-C1GBGJcI.js:4
[   64657ms] [WARNING] THREE.WebGLRenderer: Texture marked for update but image is incomplete @ https://app.spline.design/assets/chunks/chunk-C1GBGJcI.js:4
[   64670ms] [WARNING] THREE.WebGLRenderer: Texture marked for update but image is incomplete @ https://app.spline.design/assets/chunks/chunk-C1GBGJcI.js:4
[   64683ms] [WARNING] THREE.WebGLRenderer: Texture marked for update but image is incomplete @ https://app.spline.design/assets/chunks/chunk-C1GBGJcI.js:4
[   64697ms] [WARNING] THREE.WebGLRenderer: Texture marked for update but image is incomplete @ https://app.spline.design/assets/chunks/chunk-C1GBGJcI.js:4
[   64711ms] [WARNING] THREE.WebGLRenderer: Texture marked for update but image is incomplete @ https://app.spline.design/assets/chunks/chunk-C1GBGJcI.js:4
[   64723ms] [WARNING] THREE.WebGLRenderer: Texture marked for update but image is incomplete @ https://app.spline.design/assets/chunks/chunk-C1GBGJcI.js:4
[   64737ms] [WARNING] THREE.WebGLRenderer: Texture marked for update but image is incomplete @ https://app.spline.design/assets/chunks/chunk-C1GBGJcI.js:4
[   64750ms] [WARNING] THREE.WebGLRenderer: Texture marked for update but image is incomplete @ https://app.spline.design/assets/chunks/chunk-C1GBGJcI.js:4
[   64764ms] [WARNING] THREE.WebGLRenderer: Texture marked for update but image is incomplete @ https://app.spline.design/assets/chunks/chunk-C1GBGJcI.js:4
[   64777ms] [WARNING] THREE.WebGLRenderer: Texture marked for update but image is incomplete @ https://app.spline.design/assets/chunks/chunk-C1GBGJcI.js:4
[   64791ms] [WARNING] THREE.WebGLRenderer: Texture marked for update but image is incomplete @ https://app.spline.design/assets/chunks/chunk-C1GBGJcI.js:4
[   64804ms] [WARNING] THREE.WebGLRenderer: Texture marked for update but image is incomplete @ https://app.spline.design/assets/chunks/chunk-C1GBGJcI.js:4
[   64819ms] [WARNING] THREE.WebGLRenderer: Texture marked for update but image is incomplete @ https://app.spline.design/assets/chunks/chunk-C1GBGJcI.js:4
[   64831ms] [WARNING] THREE.WebGLRenderer: Texture marked for update but image is incomplete @ https://app.spline.design/assets/chunks/chunk-C1GBGJcI.js:4
[   64843ms] [WARNING] THREE.WebGLRenderer: Texture marked for update but image is incomplete @ https://app.spline.design/assets/chunks/chunk-C1GBGJcI.js:4
[   64856ms] [WARNING] THREE.WebGLRenderer: Texture marked for update but image is incomplete @ https://app.spline.design/assets/chunks/chunk-C1GBGJcI.js:4
[   64870ms] [WARNING] THREE.WebGLRenderer: Texture marked for update but image is incomplete @ https://app.spline.design/assets/chunks/chunk-C1GBGJcI.js:4
[   64884ms] [WARNING] THREE.WebGLRenderer: Texture marked for update but image is incomplete @ https://app.spline.design/assets/chunks/chunk-C1GBGJcI.js:4
[   64897ms] [WARNING] THREE.WebGLRenderer: Texture marked for update but image is incomplete @ https://app.spline.design/assets/chunks/chunk-C1GBGJcI.js:4
[   64910ms] [WARNING] THREE.WebGLRenderer: Texture marked for update but image is incomplete @ https://app.spline.design/assets/chunks/chunk-C1GBGJcI.js:4
[   64923ms] [WARNING] THREE.WebGLRenderer: Texture marked for update but image is incomplete @ https://app.spline.design/assets/chunks/chunk-C1GBGJcI.js:4
[   64937ms] [WARNING] THREE.WebGLRenderer: Texture marked for update but image is incomplete @ https://app.spline.design/assets/chunks/chunk-C1GBGJcI.js:4
[   64950ms] [WARNING] THREE.WebGLRenderer: Texture marked for update but image is incomplete @ https://app.spline.design/assets/chunks/chunk-C1GBGJcI.js:4
[   64963ms] [WARNING] THREE.WebGLRenderer: Texture marked for update but image is incomplete @ https://app.spline.design/assets/chunks/chunk-C1GBGJcI.js:4
[   64977ms] [WARNING] THREE.WebGLRenderer: Texture marked for update but image is incomplete @ https://app.spline.design/assets/chunks/chunk-C1GBGJcI.js:4
[   64992ms] [WARNING] THREE.WebGLRenderer: Texture marked for update but image is incomplete @ https://app.spline.design/assets/chunks/chunk-C1GBGJcI.js:4
[   65004ms] [WARNING] THREE.WebGLRenderer: Texture marked for update but image is incomplete @ https://app.spline.design/assets/chunks/chunk-C1GBGJcI.js:4
[   65018ms] [WARNING] THREE.WebGLRenderer: Texture marked for update but image is incomplete @ https://app.spline.design/assets/chunks/chunk-C1GBGJcI.js:4
[   65030ms] [WARNING] THREE.WebGLRenderer: Texture marked for update but image is incomplete @ https://app.spline.design/assets/chunks/chunk-C1GBGJcI.js:4
[   65043ms] [WARNING] THREE.WebGLRenderer: Texture marked for update but image is incomplete @ https://app.spline.design/assets/chunks/chunk-C1GBGJcI.js:4
[   65057ms] [WARNING] THREE.WebGLRenderer: Texture marked for update but image is incomplete @ https://app.spline.design/assets/chunks/chunk-C1GBGJcI.js:4
[   65070ms] [WARNING] THREE.WebGLRenderer: Texture marked for update but image is incomplete @ https://app.spline.design/assets/chunks/chunk-C1GBGJcI.js:4
[   65084ms] [WARNING] THREE.WebGLRenderer: Texture marked for update but image is incomplete @ https://app.spline.design/assets/chunks/chunk-C1GBGJcI.js:4
[   65098ms] [WARNING] THREE.WebGLRenderer: Texture marked for update but image is incomplete @ https://app.spline.design/assets/chunks/chunk-C1GBGJcI.js:4
[   65110ms] [WARNING] THREE.WebGLRenderer: Texture marked for update but image is incomplete @ https://app.spline.design/assets/chunks/chunk-C1GBGJcI.js:4
[   65123ms] [WARNING] THREE.WebGLRenderer: Texture marked for update but image is incomplete @ https://app.spline.design/assets/chunks/chunk-C1GBGJcI.js:4
[   65137ms] [WARNING] THREE.WebGLRenderer: Texture marked for update but image is incomplete @ https://app.spline.design/assets/chunks/chunk-C1GBGJcI.js:4
[   65151ms] [WARNING] THREE.WebGLRenderer: Texture marked for update but image is incomplete @ https://app.spline.design/assets/chunks/chunk-C1GBGJcI.js:4
[   65164ms] [WARNING] THREE.WebGLRenderer: Texture marked for update but image is incomplete @ https://app.spline.design/assets/chunks/chunk-C1GBGJcI.js:4
[   65177ms] [WARNING] THREE.WebGLRenderer: Texture marked for update but image is incomplete @ https://app.spline.design/assets/chunks/chunk-C1GBGJcI.js:4
[   65190ms] [WARNING] THREE.WebGLRenderer: Texture marked for update but image is incomplete @ https://app.spline.design/assets/chunks/chunk-C1GBGJcI.js:4
[   65204ms] [WARNING] THREE.WebGLRenderer: Texture marked for update but image is incomplete @ https://app.spline.design/assets/chunks/chunk-C1GBGJcI.js:4
[   65217ms] [WARNING] THREE.WebGLRenderer: Texture marked for update but image is incomplete @ https://app.spline.design/assets/chunks/chunk-C1GBGJcI.js:4
[   65230ms] [WARNING] THREE.WebGLRenderer: Texture marked for update but image is incomplete @ https://app.spline.design/assets/chunks/chunk-C1GBGJcI.js:4
[   65243ms] [WARNING] THREE.WebGLRenderer: Texture marked for update but image is incomplete @ https://app.spline.design/assets/chunks/chunk-C1GBGJcI.js:4
[   65257ms] [WARNING] THREE.WebGLRenderer: Texture marked for update but image is incomplete @ https://app.spline.design/assets/chunks/chunk-C1GBGJcI.js:4
[   65270ms] [WARNING] THREE.WebGLRenderer: Texture marked for update but image is incomplete @ https://app.spline.design/assets/chunks/chunk-C1GBGJcI.js:4
[   65283ms] [WARNING] THREE.WebGLRenderer: Texture marked for update but image is incomplete @ https://app.spline.design/assets/chunks/chunk-C1GBGJcI.js:4
[   65296ms] [WARNING] THREE.WebGLRenderer: Texture marked for update but image is incomplete @ https://app.spline.design/assets/chunks/chunk-C1GBGJcI.js:4
[   65310ms] [WARNING] THREE.WebGLRenderer: Texture marked for update but image is incomplete @ https://app.spline.design/assets/chunks/chunk-C1GBGJcI.js:4
[   65323ms] [WARNING] THREE.WebGLRenderer: Texture marked for update but image is incomplete @ https://app.spline.design/assets/chunks/chunk-C1GBGJcI.js:4
[   65337ms] [WARNING] THREE.WebGLRenderer: Texture marked for update but image is incomplete @ https://app.spline.design/assets/chunks/chunk-C1GBGJcI.js:4
[   65351ms] [WARNING] THREE.WebGLRenderer: Texture marked for update but image is incomplete @ https://app.spline.design/assets/chunks/chunk-C1GBGJcI.js:4
[   65363ms] [WARNING] THREE.WebGLRenderer: Texture marked for update but image is incomplete @ https://app.spline.design/assets/chunks/chunk-C1GBGJcI.js:4
[   65377ms] [WARNING] THREE.WebGLRenderer: Texture marked for update but image is incomplete @ https://app.spline.design/assets/chunks/chunk-C1GBGJcI.js:4
[   65390ms] [WARNING] THREE.WebGLRenderer: Texture marked for update but image is incomplete @ https://app.spline.design/assets/chunks/chunk-C1GBGJcI.js:4
[   65404ms] [WARNING] THREE.WebGLRenderer: Texture marked for update but image is incomplete @ https://app.spline.design/assets/chunks/chunk-C1GBGJcI.js:4
[   65418ms] [WARNING] THREE.WebGLRenderer: Texture marked for update but image is incomplete @ https://app.spline.design/assets/chunks/chunk-C1GBGJcI.js:4
[   65430ms] [WARNING] THREE.WebGLRenderer: Texture marked for update but image is incomplete @ https://app.spline.design/assets/chunks/chunk-C1GBGJcI.js:4
[   65444ms] [WARNING] THREE.WebGLRenderer: Texture marked for update but image is incomplete @ https://app.spline.design/assets/chunks/chunk-C1GBGJcI.js:4
[   65457ms] [WARNING] THREE.WebGLRenderer: Texture marked for update but image is incomplete @ https://app.spline.design/assets/chunks/chunk-C1GBGJcI.js:4
[   65471ms] [WARNING] THREE.WebGLRenderer: Texture marked for update but image is incomplete @ https://app.spline.design/assets/chunks/chunk-C1GBGJcI.js:4
[   65485ms] [WARNING] THREE.WebGLRenderer: Texture marked for update but image is incomplete @ https://app.spline.design/assets/chunks/chunk-C1GBGJcI.js:4
[   65497ms] [WARNING] THREE.WebGLRenderer: Texture marked for update but image is incomplete @ https://app.spline.design/assets/chunks/chunk-C1GBGJcI.js:4
[   65511ms] [WARNING] THREE.WebGLRenderer: Texture marked for update but image is incomplete @ https://app.spline.design/assets/chunks/chunk-C1GBGJcI.js:4
[   65524ms] [WARNING] THREE.WebGLRenderer: Texture marked for update but image is incomplete @ https://app.spline.design/assets/chunks/chunk-C1GBGJcI.js:4
[   65537ms] [WARNING] THREE.WebGLRenderer: Texture marked for update but image is incomplete @ https://app.spline.design/assets/chunks/chunk-C1GBGJcI.js:4
[   65551ms] [WARNING] THREE.WebGLRenderer: Texture marked for update but image is incomplete @ https://app.spline.design/assets/chunks/chunk-C1GBGJcI.js:4
[   65563ms] [WARNING] THREE.WebGLRenderer: Texture marked for update but image is incomplete @ https://app.spline.design/assets/chunks/chunk-C1GBGJcI.js:4
[   65577ms] [WARNING] THREE.WebGLRenderer: Texture marked for update but image is incomplete @ https://app.spline.design/assets/chunks/chunk-C1GBGJcI.js:4
[   65590ms] [WARNING] THREE.WebGLRenderer: Texture marked for update but image is incomplete @ https://app.spline.design/assets/chunks/chunk-C1GBGJcI.js:4
[   65604ms] [WARNING] THREE.WebGLRenderer: Texture marked for update but image is incomplete @ https://app.spline.design/assets/chunks/chunk-C1GBGJcI.js:4
[   65617ms] [WARNING] THREE.WebGLRenderer: Texture marked for update but image is incomplete @ https://app.spline.design/assets/chunks/chunk-C1GBGJcI.js:4
[   65630ms] [WARNING] THREE.WebGLRenderer: Texture marked for update but image is incomplete @ https://app.spline.design/assets/chunks/chunk-C1GBGJcI.js:4
[   65644ms] [WARNING] THREE.WebGLRenderer: Texture marked for update but image is incomplete @ https://app.spline.design/assets/chunks/chunk-C1GBGJcI.js:4
[   65657ms] [WARNING] THREE.WebGLRenderer: Texture marked for update but image is incomplete @ https://app.spline.design/assets/chunks/chunk-C1GBGJcI.js:4
[   65671ms] [WARNING] THREE.WebGLRenderer: Texture marked for update but image is incomplete @ https://app.spline.design/assets/chunks/chunk-C1GBGJcI.js:4
[   65684ms] [WARNING] THREE.WebGLRenderer: Texture marked for update but image is incomplete @ https://app.spline.design/assets/chunks/chunk-C1GBGJcI.js:4
[   65697ms] [WARNING] THREE.WebGLRenderer: Texture marked for update but image is incomplete @ https://app.spline.design/assets/chunks/chunk-C1GBGJcI.js:4
[   65710ms] [WARNING] THREE.WebGLRenderer: Texture marked for update but image is incomplete @ https://app.spline.design/assets/chunks/chunk-C1GBGJcI.js:4
[   65724ms] [WARNING] THREE.WebGLRenderer: Texture marked for update but image is incomplete @ https://app.spline.design/assets/chunks/chunk-C1GBGJcI.js:4
[   65737ms] [WARNING] THREE.WebGLRenderer: Texture marked for update but image is incomplete @ https://app.spline.design/assets/chunks/chunk-C1GBGJcI.js:4
[   65750ms] [WARNING] THREE.WebGLRenderer: Texture marked for update but image is incomplete @ https://app.spline.design/assets/chunks/chunk-C1GBGJcI.js:4
[   65764ms] [WARNING] THREE.WebGLRenderer: Texture marked for update but image is incomplete @ https://app.spline.design/assets/chunks/chunk-C1GBGJcI.js:4
[   65777ms] [WARNING] THREE.WebGLRenderer: Texture marked for update but image is incomplete @ https://app.spline.design/assets/chunks/chunk-C1GBGJcI.js:4
[   65790ms] [WARNING] THREE.WebGLRenderer: Texture marked for update but image is incomplete @ https://app.spline.design/assets/chunks/chunk-C1GBGJcI.js:4
[   65804ms] [WARNING] THREE.WebGLRenderer: Texture marked for update but image is incomplete @ https://app.spline.design/assets/chunks/chunk-C1GBGJcI.js:4
[   65818ms] [WARNING] THREE.WebGLRenderer: Texture marked for update but image is incomplete @ https://app.spline.design/assets/chunks/chunk-C1GBGJcI.js:4
[   65831ms] [WARNING] THREE.WebGLRenderer: Texture marked for update but image is incomplete @ https://app.spline.design/assets/chunks/chunk-C1GBGJcI.js:4
[   65844ms] [WARNING] THREE.WebGLRenderer: Texture marked for update but image is incomplete @ https://app.spline.design/assets/chunks/chunk-C1GBGJcI.js:4
[   65857ms] [WARNING] THREE.WebGLRenderer: Texture marked for update but image is incomplete @ https://app.spline.design/assets/chunks/chunk-C1GBGJcI.js:4
[   65870ms] [WARNING] THREE.WebGLRenderer: Texture marked for update but image is incomplete @ https://app.spline.design/assets/chunks/chunk-C1GBGJcI.js:4
[   65884ms] [WARNING] THREE.WebGLRenderer: Texture marked for update but image is incomplete @ https://app.spline.design/assets/chunks/chunk-C1GBGJcI.js:4
[   65897ms] [WARNING] THREE.WebGLRenderer: Texture marked for update but image is incomplete @ https://app.spline.design/assets/chunks/chunk-C1GBGJcI.js:4
[   65911ms] [WARNING] THREE.WebGLRenderer: Texture marked for update but image is incomplete @ https://app.spline.design/assets/chunks/chunk-C1GBGJcI.js:4
[   65924ms] [WARNING] THREE.WebGLRenderer: Texture marked for update but image is incomplete @ https://app.spline.design/assets/chunks/chunk-C1GBGJcI.js:4
[   65937ms] [WARNING] THREE.WebGLRenderer: Texture marked for update but image is incomplete @ https://app.spline.design/assets/chunks/chunk-C1GBGJcI.js:4
[   65951ms] [WARNING] THREE.WebGLRenderer: Texture marked for update but image is incomplete @ https://app.spline.design/assets/chunks/chunk-C1GBGJcI.js:4
[   65964ms] [WARNING] THREE.WebGLRenderer: Texture marked for update but image is incomplete @ https://app.spline.design/assets/chunks/chunk-C1GBGJcI.js:4
[   65978ms] [WARNING] THREE.WebGLRenderer: Texture marked for update but image is incomplete @ https://app.spline.design/assets/chunks/chunk-C1GBGJcI.js:4
[   65991ms] [WARNING] THREE.WebGLRenderer: Texture marked for update but image is incomplete @ https://app.spline.design/assets/chunks/chunk-C1GBGJcI.js:4
[   66004ms] [WARNING] THREE.WebGLRenderer: Texture marked for update but image is incomplete @ https://app.spline.design/assets/chunks/chunk-C1GBGJcI.js:4
[   66017ms] [WARNING] THREE.WebGLRenderer: Texture marked for update but image is incomplete @ https://app.spline.design/assets/chunks/chunk-C1GBGJcI.js:4
[   66030ms] [WARNING] THREE.WebGLRenderer: Texture marked for update but image is incomplete @ https://app.spline.design/assets/chunks/chunk-C1GBGJcI.js:4
[   66044ms] [WARNING] THREE.WebGLRenderer: Texture marked for update but image is incomplete @ https://app.spline.design/assets/chunks/chunk-C1GBGJcI.js:4
[   66057ms] [WARNING] THREE.WebGLRenderer: Texture marked for update but image is incomplete @ https://app.spline.design/assets/chunks/chunk-C1GBGJcI.js:4
[   66071ms] [WARNING] THREE.WebGLRenderer: Texture marked for update but image is incomplete @ https://app.spline.design/assets/chunks/chunk-C1GBGJcI.js:4
[   66083ms] [WARNING] THREE.WebGLRenderer: Texture marked for update but image is incomplete @ https://app.spline.design/assets/chunks/chunk-C1GBGJcI.js:4
[   66097ms] [WARNING] THREE.WebGLRenderer: Texture marked for update but image is incomplete @ https://app.spline.design/assets/chunks/chunk-C1GBGJcI.js:4
[   66111ms] [WARNING] THREE.WebGLRenderer: Texture marked for update but image is incomplete @ https://app.spline.design/assets/chunks/chunk-C1GBGJcI.js:4
[   66124ms] [WARNING] THREE.WebGLRenderer: Texture marked for update but image is incomplete @ https://app.spline.design/assets/chunks/chunk-C1GBGJcI.js:4
[   66137ms] [WARNING] THREE.WebGLRenderer: Texture marked for update but image is incomplete @ https://app.spline.design/assets/chunks/chunk-C1GBGJcI.js:4
[   66151ms] [WARNING] THREE.WebGLRenderer: Texture marked for update but image is incomplete @ https://app.spline.design/assets/chunks/chunk-C1GBGJcI.js:4
[   66164ms] [WARNING] THREE.WebGLRenderer: Texture marked for update but image is incomplete @ https://app.spline.design/assets/chunks/chunk-C1GBGJcI.js:4
[   66177ms] [WARNING] THREE.WebGLRenderer: Texture marked for update but image is incomplete @ https://app.spline.design/assets/chunks/chunk-C1GBGJcI.js:4
[   66190ms] [WARNING] THREE.WebGLRenderer: Texture marked for update but image is incomplete @ https://app.spline.design/assets/chunks/chunk-C1GBGJcI.js:4
[   66204ms] [WARNING] THREE.WebGLRenderer: Texture marked for update but image is incomplete @ https://app.spline.design/assets/chunks/chunk-C1GBGJcI.js:4
[   66217ms] [WARNING] THREE.WebGLRenderer: Texture marked for update but image is incomplete @ https://app.spline.design/assets/chunks/chunk-C1GBGJcI.js:4
[   66231ms] [WARNING] THREE.WebGLRenderer: Texture marked for update but image is incomplete @ https://app.spline.design/assets/chunks/chunk-C1GBGJcI.js:4
[   66244ms] [WARNING] THREE.WebGLRenderer: Texture marked for update but image is incomplete @ https://app.spline.design/assets/chunks/chunk-C1GBGJcI.js:4
[   66257ms] [WARNING] THREE.WebGLRenderer: Texture marked for update but image is incomplete @ https://app.spline.design/assets/chunks/chunk-C1GBGJcI.js:4
[   66271ms] [WARNING] THREE.WebGLRenderer: Texture marked for update but image is incomplete @ https://app.spline.design/assets/chunks/chunk-C1GBGJcI.js:4
[   66284ms] [WARNING] THREE.WebGLRenderer: Texture marked for update but image is incomplete @ https://app.spline.design/assets/chunks/chunk-C1GBGJcI.js:4
[   66297ms] [WARNING] THREE.WebGLRenderer: Texture marked for update but image is incomplete @ https://app.spline.design/assets/chunks/chunk-C1GBGJcI.js:4
[   66311ms] [WARNING] THREE.WebGLRenderer: Texture marked for update but image is incomplete @ https://app.spline.design/assets/chunks/chunk-C1GBGJcI.js:4
[   66324ms] [WARNING] THREE.WebGLRenderer: Texture marked for update but image is incomplete @ https://app.spline.design/assets/chunks/chunk-C1GBGJcI.js:4
[   66337ms] [WARNING] THREE.WebGLRenderer: Texture marked for update but image is incomplete @ https://app.spline.design/assets/chunks/chunk-C1GBGJcI.js:4
[   66350ms] [WARNING] THREE.WebGLRenderer: Texture marked for update but image is incomplete @ https://app.spline.design/assets/chunks/chunk-C1GBGJcI.js:4
[   66364ms] [WARNING] THREE.WebGLRenderer: Texture marked for update but image is incomplete @ https://app.spline.design/assets/chunks/chunk-C1GBGJcI.js:4
[   66377ms] [WARNING] THREE.WebGLRenderer: Texture marked for update but image is incomplete @ https://app.spline.design/assets/chunks/chunk-C1GBGJcI.js:4
[   66391ms] [WARNING] THREE.WebGLRenderer: Texture marked for update but image is incomplete @ https://app.spline.design/assets/chunks/chunk-C1GBGJcI.js:4
[   66403ms] [WARNING] THREE.WebGLRenderer: Texture marked for update but image is incomplete @ https://app.spline.design/assets/chunks/chunk-C1GBGJcI.js:4
[   66418ms] [WARNING] THREE.WebGLRenderer: Texture marked for update but image is incomplete @ https://app.spline.design/assets/chunks/chunk-C1GBGJcI.js:4
[   66431ms] [WARNING] THREE.WebGLRenderer: Texture marked for update but image is incomplete @ https://app.spline.design/assets/chunks/chunk-C1GBGJcI.js:4
[   66444ms] [WARNING] THREE.WebGLRenderer: Texture marked for update but image is incomplete @ https://app.spline.design/assets/chunks/chunk-C1GBGJcI.js:4
[   66457ms] [WARNING] THREE.WebGLRenderer: Texture marked for update but image is incomplete @ https://app.spline.design/assets/chunks/chunk-C1GBGJcI.js:4
[   66471ms] [WARNING] THREE.WebGLRenderer: Texture marked for update but image is incomplete @ https://app.spline.design/assets/chunks/chunk-C1GBGJcI.js:4
[   66484ms] [WARNING] THREE.WebGLRenderer: Texture marked for update but image is incomplete @ https://app.spline.design/assets/chunks/chunk-C1GBGJcI.js:4
[   66497ms] [WARNING] THREE.WebGLRenderer: Texture marked for update but image is incomplete @ https://app.spline.design/assets/chunks/chunk-C1GBGJcI.js:4
[   66511ms] [WARNING] THREE.WebGLRenderer: Texture marked for update but image is incomplete @ https://app.spline.design/assets/chunks/chunk-C1GBGJcI.js:4
[   66524ms] [WARNING] THREE.WebGLRenderer: Texture marked for update but image is incomplete @ https://app.spline.design/assets/chunks/chunk-C1GBGJcI.js:4
[   66538ms] [WARNING] THREE.WebGLRenderer: Texture marked for update but image is incomplete @ https://app.spline.design/assets/chunks/chunk-C1GBGJcI.js:4
[   66551ms] [WARNING] THREE.WebGLRenderer: Texture marked for update but image is incomplete @ https://app.spline.design/assets/chunks/chunk-C1GBGJcI.js:4
[   66564ms] [WARNING] THREE.WebGLRenderer: Texture marked for update but image is incomplete @ https://app.spline.design/assets/chunks/chunk-C1GBGJcI.js:4
[   66578ms] [WARNING] THREE.WebGLRenderer: Texture marked for update but image is incomplete @ https://app.spline.design/assets/chunks/chunk-C1GBGJcI.js:4
[   66591ms] [WARNING] THREE.WebGLRenderer: Texture marked for update but image is incomplete @ https://app.spline.design/assets/chunks/chunk-C1GBGJcI.js:4
[   66605ms] [WARNING] THREE.WebGLRenderer: Texture marked for update but image is incomplete @ https://app.spline.design/assets/chunks/chunk-C1GBGJcI.js:4
[   66618ms] [WARNING] THREE.WebGLRenderer: Texture marked for update but image is incomplete @ https://app.spline.design/assets/chunks/chunk-C1GBGJcI.js:4
[   66632ms] [WARNING] THREE.WebGLRenderer: Texture marked for update but image is incomplete @ https://app.spline.design/assets/chunks/chunk-C1GBGJcI.js:4
[   66644ms] [WARNING] THREE.WebGLRenderer: Texture marked for update but image is incomplete @ https://app.spline.design/assets/chunks/chunk-C1GBGJcI.js:4
[   66657ms] [WARNING] THREE.WebGLRenderer: Texture marked for update but image is incomplete @ https://app.spline.design/assets/chunks/chunk-C1GBGJcI.js:4
[   66671ms] [WARNING] THREE.WebGLRenderer: Texture marked for update but image is incomplete @ https://app.spline.design/assets/chunks/chunk-C1GBGJcI.js:4
[   66685ms] [WARNING] THREE.WebGLRenderer: Texture marked for update but image is incomplete @ https://app.spline.design/assets/chunks/chunk-C1GBGJcI.js:4
[   66698ms] [WARNING] THREE.WebGLRenderer: Texture marked for update but image is incomplete @ https://app.spline.design/assets/chunks/chunk-C1GBGJcI.js:4
[   66711ms] [WARNING] THREE.WebGLRenderer: Texture marked for update but image is incomplete @ https://app.spline.design/assets/chunks/chunk-C1GBGJcI.js:4
[   66724ms] [WARNING] THREE.WebGLRenderer: Texture marked for update but image is incomplete @ https://app.spline.design/assets/chunks/chunk-C1GBGJcI.js:4
[   66737ms] [WARNING] THREE.WebGLRenderer: Texture marked for update but image is incomplete @ https://app.spline.design/assets/chunks/chunk-C1GBGJcI.js:4
[   66750ms] [WARNING] THREE.WebGLRenderer: Texture marked for update but image is incomplete @ https://app.spline.design/assets/chunks/chunk-C1GBGJcI.js:4
[   66765ms] [WARNING] THREE.WebGLRenderer: Texture marked for update but image is incomplete @ https://app.spline.design/assets/chunks/chunk-C1GBGJcI.js:4
[   66777ms] [WARNING] THREE.WebGLRenderer: Texture marked for update but image is incomplete @ https://app.spline.design/assets/chunks/chunk-C1GBGJcI.js:4
[   66791ms] [WARNING] THREE.WebGLRenderer: Texture marked for update but image is incomplete @ https://app.spline.design/assets/chunks/chunk-C1GBGJcI.js:4
[   66804ms] [WARNING] THREE.WebGLRenderer: Texture marked for update but image is incomplete @ https://app.spline.design/assets/chunks/chunk-C1GBGJcI.js:4
[   66817ms] [WARNING] THREE.WebGLRenderer: Texture marked for update but image is incomplete @ https://app.spline.design/assets/chunks/chunk-C1GBGJcI.js:4
[   66832ms] [WARNING] THREE.WebGLRenderer: Texture marked for update but image is incomplete @ https://app.spline.design/assets/chunks/chunk-C1GBGJcI.js:4
[   66845ms] [WARNING] THREE.WebGLRenderer: Texture marked for update but image is incomplete @ https://app.spline.design/assets/chunks/chunk-C1GBGJcI.js:4
[   66857ms] [WARNING] THREE.WebGLRenderer: Texture marked for update but image is incomplete @ https://app.spline.design/assets/chunks/chunk-C1GBGJcI.js:4
[   66871ms] [WARNING] THREE.WebGLRenderer: Texture marked for update but image is incomplete @ https://app.spline.design/assets/chunks/chunk-C1GBGJcI.js:4
[   66884ms] [WARNING] THREE.WebGLRenderer: Texture marked for update but image is incomplete @ https://app.spline.design/assets/chunks/chunk-C1GBGJcI.js:4
[   66898ms] [WARNING] THREE.WebGLRenderer: Texture marked for update but image is incomplete @ https://app.spline.design/assets/chunks/chunk-C1GBGJcI.js:4
[   66912ms] [WARNING] THREE.WebGLRenderer: Texture marked for update but image is incomplete @ https://app.spline.design/assets/chunks/chunk-C1GBGJcI.js:4
[   66924ms] [WARNING] THREE.WebGLRenderer: Texture marked for update but image is incomplete @ https://app.spline.design/assets/chunks/chunk-C1GBGJcI.js:4
[   66938ms] [WARNING] THREE.WebGLRenderer: Texture marked for update but image is incomplete @ https://app.spline.design/assets/chunks/chunk-C1GBGJcI.js:4
[   66951ms] [WARNING] THREE.WebGLRenderer: Texture marked for update but image is incomplete @ https://app.spline.design/assets/chunks/chunk-C1GBGJcI.js:4
[   66964ms] [WARNING] THREE.WebGLRenderer: Texture marked for update but image is incomplete @ https://app.spline.design/assets/chunks/chunk-C1GBGJcI.js:4
[   66977ms] [WARNING] THREE.WebGLRenderer: Texture marked for update but image is incomplete @ https://app.spline.design/assets/chunks/chunk-C1GBGJcI.js:4
[   66990ms] [WARNING] THREE.WebGLRenderer: Texture marked for update but image is incomplete @ https://app.spline.design/assets/chunks/chunk-C1GBGJcI.js:4
[   67004ms] [WARNING] THREE.WebGLRenderer: Texture marked for update but image is incomplete @ https://app.spline.design/assets/chunks/chunk-C1GBGJcI.js:4
[   67018ms] [WARNING] THREE.WebGLRenderer: Texture marked for update but image is incomplete @ https://app.spline.design/assets/chunks/chunk-C1GBGJcI.js:4
[   67032ms] [WARNING] THREE.WebGLRenderer: Texture marked for update but image is incomplete @ https://app.spline.design/assets/chunks/chunk-C1GBGJcI.js:4
[   67044ms] [WARNING] THREE.WebGLRenderer: Texture marked for update but image is incomplete @ https://app.spline.design/assets/chunks/chunk-C1GBGJcI.js:4
[   67058ms] [WARNING] THREE.WebGLRenderer: Texture marked for update but image is incomplete @ https://app.spline.design/assets/chunks/chunk-C1GBGJcI.js:4
[   67071ms] [WARNING] THREE.WebGLRenderer: Texture marked for update but image is incomplete @ https://app.spline.design/assets/chunks/chunk-C1GBGJcI.js:4
[   67085ms] [WARNING] THREE.WebGLRenderer: Texture marked for update but image is incomplete @ https://app.spline.design/assets/chunks/chunk-C1GBGJcI.js:4
[   67098ms] [WARNING] THREE.WebGLRenderer: Texture marked for update but image is incomplete @ https://app.spline.design/assets/chunks/chunk-C1GBGJcI.js:4
[   67112ms] [WARNING] THREE.WebGLRenderer: Texture marked for update but image is incomplete @ https://app.spline.design/assets/chunks/chunk-C1GBGJcI.js:4
[   67124ms] [WARNING] THREE.WebGLRenderer: Texture marked for update but image is incomplete @ https://app.spline.design/assets/chunks/chunk-C1GBGJcI.js:4
[   67137ms] [WARNING] THREE.WebGLRenderer: Texture marked for update but image is incomplete @ https://app.spline.design/assets/chunks/chunk-C1GBGJcI.js:4
[   67152ms] [WARNING] THREE.WebGLRenderer: Texture marked for update but image is incomplete @ https://app.spline.design/assets/chunks/chunk-C1GBGJcI.js:4
[   67165ms] [WARNING] THREE.WebGLRenderer: Texture marked for update but image is incomplete @ https://app.spline.design/assets/chunks/chunk-C1GBGJcI.js:4
[   67177ms] [WARNING] THREE.WebGLRenderer: Texture marked for update but image is incomplete @ https://app.spline.design/assets/chunks/chunk-C1GBGJcI.js:4
[   67191ms] [WARNING] THREE.WebGLRenderer: Texture marked for update but image is incomplete @ https://app.spline.design/assets/chunks/chunk-C1GBGJcI.js:4
[   67204ms] [WARNING] THREE.WebGLRenderer: Texture marked for update but image is incomplete @ https://app.spline.design/assets/chunks/chunk-C1GBGJcI.js:4
[   67218ms] [WARNING] THREE.WebGLRenderer: Texture marked for update but image is incomplete @ https://app.spline.design/assets/chunks/chunk-C1GBGJcI.js:4
[   67231ms] [WARNING] THREE.WebGLRenderer: Texture marked for update but image is incomplete @ https://app.spline.design/assets/chunks/chunk-C1GBGJcI.js:4
[   67245ms] [WARNING] THREE.WebGLRenderer: Texture marked for update but image is incomplete @ https://app.spline.design/assets/chunks/chunk-C1GBGJcI.js:4
[   67258ms] [WARNING] THREE.WebGLRenderer: Texture marked for update but image is incomplete @ https://app.spline.design/assets/chunks/chunk-C1GBGJcI.js:4
[   67271ms] [WARNING] THREE.WebGLRenderer: Texture marked for update but image is incomplete @ https://app.spline.design/assets/chunks/chunk-C1GBGJcI.js:4
[   67285ms] [WARNING] THREE.WebGLRenderer: Texture marked for update but image is incomplete @ https://app.spline.design/assets/chunks/chunk-C1GBGJcI.js:4
[   67298ms] [WARNING] THREE.WebGLRenderer: Texture marked for update but image is incomplete @ https://app.spline.design/assets/chunks/chunk-C1GBGJcI.js:4
[   67310ms] [WARNING] THREE.WebGLRenderer: Texture marked for update but image is incomplete @ https://app.spline.design/assets/chunks/chunk-C1GBGJcI.js:4
[   67324ms] [WARNING] THREE.WebGLRenderer: Texture marked for update but image is incomplete @ https://app.spline.design/assets/chunks/chunk-C1GBGJcI.js:4
[   67338ms] [WARNING] THREE.WebGLRenderer: Texture marked for update but image is incomplete @ https://app.spline.design/assets/chunks/chunk-C1GBGJcI.js:4
[   67351ms] [WARNING] THREE.WebGLRenderer: Texture marked for update but image is incomplete @ https://app.spline.design/assets/chunks/chunk-C1GBGJcI.js:4
[   67364ms] [WARNING] THREE.WebGLRenderer: Texture marked for update but image is incomplete @ https://app.spline.design/assets/chunks/chunk-C1GBGJcI.js:4
[   67379ms] [WARNING] THREE.WebGLRenderer: Texture marked for update but image is incomplete @ https://app.spline.design/assets/chunks/chunk-C1GBGJcI.js:4
[   67391ms] [WARNING] THREE.WebGLRenderer: Texture marked for update but image is incomplete @ https://app.spline.design/assets/chunks/chunk-C1GBGJcI.js:4
[   67405ms] [WARNING] THREE.WebGLRenderer: Texture marked for update but image is incomplete @ https://app.spline.design/assets/chunks/chunk-C1GBGJcI.js:4
[   67419ms] [WARNING] THREE.WebGLRenderer: Texture marked for update but image is incomplete @ https://app.spline.design/assets/chunks/chunk-C1GBGJcI.js:4
[   67430ms] [WARNING] THREE.WebGLRenderer: Texture marked for update but image is incomplete @ https://app.spline.design/assets/chunks/chunk-C1GBGJcI.js:4
[   67444ms] [WARNING] THREE.WebGLRenderer: Texture marked for update but image is incomplete @ https://app.spline.design/assets/chunks/chunk-C1GBGJcI.js:4
[   67457ms] [WARNING] THREE.WebGLRenderer: Texture marked for update but image is incomplete @ https://app.spline.design/assets/chunks/chunk-C1GBGJcI.js:4
[   67471ms] [WARNING] THREE.WebGLRenderer: Texture marked for update but image is incomplete @ https://app.spline.design/assets/chunks/chunk-C1GBGJcI.js:4
[   67484ms] [WARNING] THREE.WebGLRenderer: Texture marked for update but image is incomplete @ https://app.spline.design/assets/chunks/chunk-C1GBGJcI.js:4
[   67525ms] [WARNING] THREE.WebGLRenderer: Texture marked for update but image is incomplete @ https://app.spline.design/assets/chunks/chunk-C1GBGJcI.js:4
[   67530ms] [WARNING] THREE.WebGLRenderer: Texture marked for update but image is incomplete @ https://app.spline.design/assets/chunks/chunk-C1GBGJcI.js:4
[   67538ms] [WARNING] THREE.WebGLRenderer: Texture marked for update but image is incomplete @ https://app.spline.design/assets/chunks/chunk-C1GBGJcI.js:4
[   67550ms] [WARNING] THREE.WebGLRenderer: Texture marked for update but image is incomplete @ https://app.spline.design/assets/chunks/chunk-C1GBGJcI.js:4
[   67565ms] [WARNING] THREE.WebGLRenderer: Texture marked for update but image is incomplete @ https://app.spline.design/assets/chunks/chunk-C1GBGJcI.js:4
[   67578ms] [WARNING] THREE.WebGLRenderer: Texture marked for update but image is incomplete @ https://app.spline.design/assets/chunks/chunk-C1GBGJcI.js:4
[   67591ms] [WARNING] THREE.WebGLRenderer: Texture marked for update but image is incomplete @ https://app.spline.design/assets/chunks/chunk-C1GBGJcI.js:4
[   67604ms] [WARNING] THREE.WebGLRenderer: Texture marked for update but image is incomplete @ https://app.spline.design/assets/chunks/chunk-C1GBGJcI.js:4
[   67618ms] [WARNING] THREE.WebGLRenderer: Texture marked for update but image is incomplete @ https://app.spline.design/assets/chunks/chunk-C1GBGJcI.js:4
[   67631ms] [WARNING] THREE.WebGLRenderer: Texture marked for update but image is incomplete @ https://app.spline.design/assets/chunks/chunk-C1GBGJcI.js:4
[   67644ms] [WARNING] THREE.WebGLRenderer: Texture marked for update but image is incomplete @ https://app.spline.design/assets/chunks/chunk-C1GBGJcI.js:4
[   67657ms] [WARNING] THREE.WebGLRenderer: Texture marked for update but image is incomplete @ https://app.spline.design/assets/chunks/chunk-C1GBGJcI.js:4
[   67672ms] [WARNING] THREE.WebGLRenderer: Texture marked for update but image is incomplete @ https://app.spline.design/assets/chunks/chunk-C1GBGJcI.js:4
[   67684ms] [WARNING] THREE.WebGLRenderer: Texture marked for update but image is incomplete @ https://app.spline.design/assets/chunks/chunk-C1GBGJcI.js:4
[   67698ms] [WARNING] THREE.WebGLRenderer: Texture marked for update but image is incomplete @ https://app.spline.design/assets/chunks/chunk-C1GBGJcI.js:4
[   67712ms] [WARNING] THREE.WebGLRenderer: Texture marked for update but image is incomplete @ https://app.spline.design/assets/chunks/chunk-C1GBGJcI.js:4
[   67724ms] [WARNING] THREE.WebGLRenderer: Texture marked for update but image is incomplete @ https://app.spline.design/assets/chunks/chunk-C1GBGJcI.js:4
[   67738ms] [WARNING] THREE.WebGLRenderer: Texture marked for update but image is incomplete @ https://app.spline.design/assets/chunks/chunk-C1GBGJcI.js:4
[   67750ms] [WARNING] THREE.WebGLRenderer: Texture marked for update but image is incomplete @ https://app.spline.design/assets/chunks/chunk-C1GBGJcI.js:4
[   67764ms] [WARNING] THREE.WebGLRenderer: Texture marked for update but image is incomplete @ https://app.spline.design/assets/chunks/chunk-C1GBGJcI.js:4
[   67778ms] [WARNING] THREE.WebGLRenderer: Texture marked for update but image is incomplete @ https://app.spline.design/assets/chunks/chunk-C1GBGJcI.js:4
[   67791ms] [WARNING] THREE.WebGLRenderer: Texture marked for update but image is incomplete @ https://app.spline.design/assets/chunks/chunk-C1GBGJcI.js:4
[   67805ms] [WARNING] THREE.WebGLRenderer: Texture marked for update but image is incomplete @ https://app.spline.design/assets/chunks/chunk-C1GBGJcI.js:4
[   67817ms] [WARNING] THREE.WebGLRenderer: Texture marked for update but image is incomplete @ https://app.spline.design/assets/chunks/chunk-C1GBGJcI.js:4
[   67832ms] [WARNING] THREE.WebGLRenderer: Texture marked for update but image is incomplete @ https://app.spline.design/assets/chunks/chunk-C1GBGJcI.js:4
[   67845ms] [WARNING] THREE.WebGLRenderer: Texture marked for update but image is incomplete @ https://app.spline.design/assets/chunks/chunk-C1GBGJcI.js:4
[   67857ms] [WARNING] THREE.WebGLRenderer: Texture marked for update but image is incomplete @ https://app.spline.design/assets/chunks/chunk-C1GBGJcI.js:4
[   67872ms] [WARNING] THREE.WebGLRenderer: Texture marked for update but image is incomplete @ https://app.spline.design/assets/chunks/chunk-C1GBGJcI.js:4
[   67885ms] [WARNING] THREE.WebGLRenderer: Texture marked for update but image is incomplete @ https://app.spline.design/assets/chunks/chunk-C1GBGJcI.js:4
[   67942ms] [WARNING] THREE.WebGLRenderer: Texture marked for update but image is incomplete @ https://app.spline.design/assets/chunks/chunk-C1GBGJcI.js:4
[   67945ms] [WARNING] THREE.WebGLRenderer: Texture marked for update but image is incomplete @ https://app.spline.design/assets/chunks/chunk-C1GBGJcI.js:4
[   67952ms] [WARNING] THREE.WebGLRenderer: Texture marked for update but image is incomplete @ https://app.spline.design/assets/chunks/chunk-C1GBGJcI.js:4
[   67965ms] [WARNING] THREE.WebGLRenderer: Texture marked for update but image is incomplete @ https://app.spline.design/assets/chunks/chunk-C1GBGJcI.js:4
[   67978ms] [WARNING] THREE.WebGLRenderer: Texture marked for update but image is incomplete @ https://app.spline.design/assets/chunks/chunk-C1GBGJcI.js:4
[   67991ms] [WARNING] THREE.WebGLRenderer: Texture marked for update but image is incomplete @ https://app.spline.design/assets/chunks/chunk-C1GBGJcI.js:4
[   68004ms] [WARNING] THREE.WebGLRenderer: Texture marked for update but image is incomplete @ https://app.spline.design/assets/chunks/chunk-C1GBGJcI.js:4
[   68018ms] [WARNING] THREE.WebGLRenderer: Texture marked for update but image is incomplete @ https://app.spline.design/assets/chunks/chunk-C1GBGJcI.js:4
[   68032ms] [WARNING] THREE.WebGLRenderer: Texture marked for update but image is incomplete @ https://app.spline.design/assets/chunks/chunk-C1GBGJcI.js:4
[   68044ms] [WARNING] THREE.WebGLRenderer: Texture marked for update but image is incomplete @ https://app.spline.design/assets/chunks/chunk-C1GBGJcI.js:4
[   68058ms] [WARNING] THREE.WebGLRenderer: Texture marked for update but image is incomplete @ https://app.spline.design/assets/chunks/chunk-C1GBGJcI.js:4
[   68072ms] [WARNING] THREE.WebGLRenderer: Texture marked for update but image is incomplete @ https://app.spline.design/assets/chunks/chunk-C1GBGJcI.js:4
[   68085ms] [WARNING] THREE.WebGLRenderer: Texture marked for update but image is incomplete @ https://app.spline.design/assets/chunks/chunk-C1GBGJcI.js:4
[   68099ms] [WARNING] THREE.WebGLRenderer: Texture marked for update but image is incomplete @ https://app.spline.design/assets/chunks/chunk-C1GBGJcI.js:4
[   68111ms] [WARNING] THREE.WebGLRenderer: Texture marked for update but image is incomplete @ https://app.spline.design/assets/chunks/chunk-C1GBGJcI.js:4
[   68124ms] [WARNING] THREE.WebGLRenderer: Texture marked for update but image is incomplete @ https://app.spline.design/assets/chunks/chunk-C1GBGJcI.js:4
[   68139ms] [WARNING] THREE.WebGLRenderer: Texture marked for update but image is incomplete @ https://app.spline.design/assets/chunks/chunk-C1GBGJcI.js:4
[   68152ms] [WARNING] THREE.WebGLRenderer: Texture marked for update but image is incomplete @ https://app.spline.design/assets/chunks/chunk-C1GBGJcI.js:4
[   68165ms] [WARNING] THREE.WebGLRenderer: Texture marked for update but image is incomplete @ https://app.spline.design/assets/chunks/chunk-C1GBGJcI.js:4
[   68178ms] [WARNING] THREE.WebGLRenderer: Texture marked for update but image is incomplete @ https://app.spline.design/assets/chunks/chunk-C1GBGJcI.js:4
[   68191ms] [WARNING] THREE.WebGLRenderer: Texture marked for update but image is incomplete @ https://app.spline.design/assets/chunks/chunk-C1GBGJcI.js:4
[   68205ms] [WARNING] THREE.WebGLRenderer: Texture marked for update but image is incomplete @ https://app.spline.design/assets/chunks/chunk-C1GBGJcI.js:4
[   68218ms] [WARNING] THREE.WebGLRenderer: Texture marked for update but image is incomplete @ https://app.spline.design/assets/chunks/chunk-C1GBGJcI.js:4
[   68232ms] [WARNING] THREE.WebGLRenderer: Texture marked for update but image is incomplete @ https://app.spline.design/assets/chunks/chunk-C1GBGJcI.js:4
[   68245ms] [WARNING] THREE.WebGLRenderer: Texture marked for update but image is incomplete @ https://app.spline.design/assets/chunks/chunk-C1GBGJcI.js:4
[   68258ms] [WARNING] THREE.WebGLRenderer: Texture marked for update but image is incomplete @ https://app.spline.design/assets/chunks/chunk-C1GBGJcI.js:4
[   68271ms] [WARNING] THREE.WebGLRenderer: Texture marked for update but image is incomplete @ https://app.spline.design/assets/chunks/chunk-C1GBGJcI.js:4
[   68285ms] [WARNING] THREE.WebGLRenderer: Texture marked for update but image is incomplete @ https://app.spline.design/assets/chunks/chunk-C1GBGJcI.js:4
[   68298ms] [WARNING] THREE.WebGLRenderer: Texture marked for update but image is incomplete @ https://app.spline.design/assets/chunks/chunk-C1GBGJcI.js:4
[   68311ms] [WARNING] THREE.WebGLRenderer: Texture marked for update but image is incomplete @ https://app.spline.design/assets/chunks/chunk-C1GBGJcI.js:4
[   68324ms] [WARNING] THREE.WebGLRenderer: Texture marked for update but image is incomplete @ https://app.spline.design/assets/chunks/chunk-C1GBGJcI.js:4
[   68338ms] [WARNING] THREE.WebGLRenderer: Texture marked for update but image is incomplete @ https://app.spline.design/assets/chunks/chunk-C1GBGJcI.js:4
[   68352ms] [WARNING] THREE.WebGLRenderer: Texture marked for update but image is incomplete @ https://app.spline.design/assets/chunks/chunk-C1GBGJcI.js:4
[   68366ms] [WARNING] THREE.WebGLRenderer: Texture marked for update but image is incomplete @ https://app.spline.design/assets/chunks/chunk-C1GBGJcI.js:4
[   68378ms] [WARNING] THREE.WebGLRenderer: Texture marked for update but image is incomplete @ https://app.spline.design/assets/chunks/chunk-C1GBGJcI.js:4
[   68439ms] [WARNING] THREE.WebGLRenderer: Texture marked for update but image is incomplete @ https://app.spline.design/assets/chunks/chunk-C1GBGJcI.js:4
[   68441ms] [WARNING] THREE.WebGLRenderer: Texture marked for update but image is incomplete @ https://app.spline.design/assets/chunks/chunk-C1GBGJcI.js:4
[   68490ms] [WARNING] THREE.WebGLRenderer: Texture marked for update but image is incomplete @ https://app.spline.design/assets/chunks/chunk-C1GBGJcI.js:4
[   68493ms] [WARNING] THREE.WebGLRenderer: Texture marked for update but image is incomplete @ https://app.spline.design/assets/chunks/chunk-C1GBGJcI.js:4
[   68500ms] [WARNING] THREE.WebGLRenderer: Texture marked for update but image is incomplete @ https://app.spline.design/assets/chunks/chunk-C1GBGJcI.js:4
[   68512ms] [WARNING] THREE.WebGLRenderer: Texture marked for update but image is incomplete @ https://app.spline.design/assets/chunks/chunk-C1GBGJcI.js:4
[   68524ms] [WARNING] THREE.WebGLRenderer: Texture marked for update but image is incomplete @ https://app.spline.design/assets/chunks/chunk-C1GBGJcI.js:4
[   68538ms] [WARNING] THREE.WebGLRenderer: Texture marked for update but image is incomplete @ https://app.spline.design/assets/chunks/chunk-C1GBGJcI.js:4
[   68552ms] [WARNING] THREE.WebGLRenderer: Texture marked for update but image is incomplete @ https://app.spline.design/assets/chunks/chunk-C1GBGJcI.js:4
[   68565ms] [WARNING] THREE.WebGLRenderer: Texture marked for update but image is incomplete @ https://app.spline.design/assets/chunks/chunk-C1GBGJcI.js:4
[   68592ms] [WARNING] THREE.WebGLRenderer: Texture marked for update but image is incomplete @ https://app.spline.design/assets/chunks/chunk-C1GBGJcI.js:4
[   68597ms] [WARNING] THREE.WebGLRenderer: Texture marked for update but image is incomplete @ https://app.spline.design/assets/chunks/chunk-C1GBGJcI.js:4
[   68605ms] [WARNING] THREE.WebGLRenderer: Texture marked for update but image is incomplete @ https://app.spline.design/assets/chunks/chunk-C1GBGJcI.js:4
[   68618ms] [WARNING] THREE.WebGLRenderer: Texture marked for update but image is incomplete @ https://app.spline.design/assets/chunks/chunk-C1GBGJcI.js:4
[   68631ms] [WARNING] THREE.WebGLRenderer: Texture marked for update but image is incomplete @ https://app.spline.design/assets/chunks/chunk-C1GBGJcI.js:4
[   68645ms] [WARNING] THREE.WebGLRenderer: Texture marked for update but image is incomplete @ https://app.spline.design/assets/chunks/chunk-C1GBGJcI.js:4
[   68658ms] [WARNING] THREE.WebGLRenderer: Texture marked for update but image is incomplete @ https://app.spline.design/assets/chunks/chunk-C1GBGJcI.js:4
[   68671ms] [WARNING] THREE.WebGLRenderer: Texture marked for update but image is incomplete @ https://app.spline.design/assets/chunks/chunk-C1GBGJcI.js:4
[   68685ms] [WARNING] THREE.WebGLRenderer: Texture marked for update but image is incomplete @ https://app.spline.design/assets/chunks/chunk-C1GBGJcI.js:4
[   68698ms] [WARNING] THREE.WebGLRenderer: Texture marked for update but image is incomplete @ https://app.spline.design/assets/chunks/chunk-C1GBGJcI.js:4
[   68712ms] [WARNING] THREE.WebGLRenderer: Texture marked for update but image is incomplete @ https://app.spline.design/assets/chunks/chunk-C1GBGJcI.js:4
[   68725ms] [WARNING] THREE.WebGLRenderer: Texture marked for update but image is incomplete @ https://app.spline.design/assets/chunks/chunk-C1GBGJcI.js:4
[   68739ms] [WARNING] THREE.WebGLRenderer: Texture marked for update but image is incomplete @ https://app.spline.design/assets/chunks/chunk-C1GBGJcI.js:4
[   68752ms] [WARNING] THREE.WebGLRenderer: Texture marked for update but image is incomplete @ https://app.spline.design/assets/chunks/chunk-C1GBGJcI.js:4
[   68765ms] [WARNING] THREE.WebGLRenderer: Texture marked for update but image is incomplete @ https://app.spline.design/assets/chunks/chunk-C1GBGJcI.js:4
[   68778ms] [WARNING] THREE.WebGLRenderer: Texture marked for update but image is incomplete @ https://app.spline.design/assets/chunks/chunk-C1GBGJcI.js:4
[   68791ms] [WARNING] THREE.WebGLRenderer: Texture marked for update but image is incomplete @ https://app.spline.design/assets/chunks/chunk-C1GBGJcI.js:4
[   68806ms] [WARNING] THREE.WebGLRenderer: Texture marked for update but image is incomplete @ https://app.spline.design/assets/chunks/chunk-C1GBGJcI.js:4
[   68818ms] [WARNING] THREE.WebGLRenderer: Texture marked for update but image is incomplete @ https://app.spline.design/assets/chunks/chunk-C1GBGJcI.js:4
[   68832ms] [WARNING] THREE.WebGLRenderer: Texture marked for update but image is incomplete @ https://app.spline.design/assets/chunks/chunk-C1GBGJcI.js:4
[   68845ms] [WARNING] THREE.WebGLRenderer: Texture marked for update but image is incomplete @ https://app.spline.design/assets/chunks/chunk-C1GBGJcI.js:4
[   68858ms] [WARNING] THREE.WebGLRenderer: Texture marked for update but image is incomplete @ https://app.spline.design/assets/chunks/chunk-C1GBGJcI.js:4
[   68872ms] [WARNING] THREE.WebGLRenderer: Texture marked for update but image is incomplete @ https://app.spline.design/assets/chunks/chunk-C1GBGJcI.js:4
[   68885ms] [WARNING] THREE.WebGLRenderer: Texture marked for update but image is incomplete @ https://app.spline.design/assets/chunks/chunk-C1GBGJcI.js:4
[   68898ms] [WARNING] THREE.WebGLRenderer: Texture marked for update but image is incomplete @ https://app.spline.design/assets/chunks/chunk-C1GBGJcI.js:4
[   68911ms] [WARNING] THREE.WebGLRenderer: Texture marked for update but image is incomplete @ https://app.spline.design/assets/chunks/chunk-C1GBGJcI.js:4
[   68925ms] [WARNING] THREE.WebGLRenderer: Texture marked for update but image is incomplete @ https://app.spline.design/assets/chunks/chunk-C1GBGJcI.js:4
[   68939ms] [WARNING] THREE.WebGLRenderer: Texture marked for update but image is incomplete @ https://app.spline.design/assets/chunks/chunk-C1GBGJcI.js:4
[   68951ms] [WARNING] THREE.WebGLRenderer: Texture marked for update but image is incomplete @ https://app.spline.design/assets/chunks/chunk-C1GBGJcI.js:4
[   68965ms] [WARNING] THREE.WebGLRenderer: Texture marked for update but image is incomplete @ https://app.spline.design/assets/chunks/chunk-C1GBGJcI.js:4
[   68979ms] [WARNING] THREE.WebGLRenderer: Texture marked for update but image is incomplete @ https://app.spline.design/assets/chunks/chunk-C1GBGJcI.js:4
[   68991ms] [WARNING] THREE.WebGLRenderer: Texture marked for update but image is incomplete @ https://app.spline.design/assets/chunks/chunk-C1GBGJcI.js:4
[   69005ms] [WARNING] THREE.WebGLRenderer: Texture marked for update but image is incomplete @ https://app.spline.design/assets/chunks/chunk-C1GBGJcI.js:4
[   69018ms] [WARNING] THREE.WebGLRenderer: Texture marked for update but image is incomplete @ https://app.spline.design/assets/chunks/chunk-C1GBGJcI.js:4
[   69032ms] [WARNING] THREE.WebGLRenderer: Texture marked for update but image is incomplete @ https://app.spline.design/assets/chunks/chunk-C1GBGJcI.js:4
[   69045ms] [WARNING] THREE.WebGLRenderer: Texture marked for update but image is incomplete @ https://app.spline.design/assets/chunks/chunk-C1GBGJcI.js:4
[   69058ms] [WARNING] THREE.WebGLRenderer: Texture marked for update but image is incomplete @ https://app.spline.design/assets/chunks/chunk-C1GBGJcI.js:4
[   69072ms] [WARNING] THREE.WebGLRenderer: Texture marked for update but image is incomplete @ https://app.spline.design/assets/chunks/chunk-C1GBGJcI.js:4
[   69085ms] [WARNING] THREE.WebGLRenderer: Texture marked for update but image is incomplete @ https://app.spline.design/assets/chunks/chunk-C1GBGJcI.js:4
[   69098ms] [WARNING] THREE.WebGLRenderer: Texture marked for update but image is incomplete @ https://app.spline.design/assets/chunks/chunk-C1GBGJcI.js:4
[   69112ms] [WARNING] THREE.WebGLRenderer: Texture marked for update but image is incomplete @ https://app.spline.design/assets/chunks/chunk-C1GBGJcI.js:4
[   69125ms] [WARNING] THREE.WebGLRenderer: Texture marked for update but image is incomplete @ https://app.spline.design/assets/chunks/chunk-C1GBGJcI.js:4
[   69138ms] [WARNING] THREE.WebGLRenderer: Texture marked for update but image is incomplete @ https://app.spline.design/assets/chunks/chunk-C1GBGJcI.js:4
[   69153ms] [WARNING] THREE.WebGLRenderer: Texture marked for update but image is incomplete @ https://app.spline.design/assets/chunks/chunk-C1GBGJcI.js:4
[   69165ms] [WARNING] THREE.WebGLRenderer: Texture marked for update but image is incomplete @ https://app.spline.design/assets/chunks/chunk-C1GBGJcI.js:4
[   69179ms] [WARNING] THREE.WebGLRenderer: Texture marked for update but image is incomplete @ https://app.spline.design/assets/chunks/chunk-C1GBGJcI.js:4
[   69191ms] [WARNING] THREE.WebGLRenderer: Texture marked for update but image is incomplete @ https://app.spline.design/assets/chunks/chunk-C1GBGJcI.js:4
[   69205ms] [WARNING] THREE.WebGLRenderer: Texture marked for update but image is incomplete @ https://app.spline.design/assets/chunks/chunk-C1GBGJcI.js:4
[   69218ms] [WARNING] THREE.WebGLRenderer: Texture marked for update but image is incomplete @ https://app.spline.design/assets/chunks/chunk-C1GBGJcI.js:4
[   69232ms] [WARNING] THREE.WebGLRenderer: Texture marked for update but image is incomplete @ https://app.spline.design/assets/chunks/chunk-C1GBGJcI.js:4
[   69245ms] [WARNING] THREE.WebGLRenderer: Texture marked for update but image is incomplete @ https://app.spline.design/assets/chunks/chunk-C1GBGJcI.js:4
[   69258ms] [WARNING] THREE.WebGLRenderer: Texture marked for update but image is incomplete @ https://app.spline.design/assets/chunks/chunk-C1GBGJcI.js:4
[   69272ms] [WARNING] THREE.WebGLRenderer: Texture marked for update but image is incomplete @ https://app.spline.design/assets/chunks/chunk-C1GBGJcI.js:4
[   69285ms] [WARNING] THREE.WebGLRenderer: Texture marked for update but image is incomplete @ https://app.spline.design/assets/chunks/chunk-C1GBGJcI.js:4
[   69299ms] [WARNING] THREE.WebGLRenderer: Texture marked for update but image is incomplete @ https://app.spline.design/assets/chunks/chunk-C1GBGJcI.js:4
[   69312ms] [WARNING] THREE.WebGLRenderer: Texture marked for update but image is incomplete @ https://app.spline.design/assets/chunks/chunk-C1GBGJcI.js:4
[   69325ms] [WARNING] THREE.WebGLRenderer: Texture marked for update but image is incomplete @ https://app.spline.design/assets/chunks/chunk-C1GBGJcI.js:4
[   69338ms] [WARNING] THREE.WebGLRenderer: Texture marked for update but image is incomplete @ https://app.spline.design/assets/chunks/chunk-C1GBGJcI.js:4
[   69352ms] [WARNING] THREE.WebGLRenderer: Texture marked for update but image is incomplete @ https://app.spline.design/assets/chunks/chunk-C1GBGJcI.js:4
[   69365ms] [WARNING] THREE.WebGLRenderer: Texture marked for update but image is incomplete @ https://app.spline.design/assets/chunks/chunk-C1GBGJcI.js:4
[   69378ms] [WARNING] THREE.WebGLRenderer: Texture marked for update but image is incomplete @ https://app.spline.design/assets/chunks/chunk-C1GBGJcI.js:4
[   69391ms] [WARNING] THREE.WebGLRenderer: Texture marked for update but image is incomplete @ https://app.spline.design/assets/chunks/chunk-C1GBGJcI.js:4
[   69406ms] [WARNING] THREE.WebGLRenderer: Texture marked for update but image is incomplete @ https://app.spline.design/assets/chunks/chunk-C1GBGJcI.js:4
[   69418ms] [WARNING] THREE.WebGLRenderer: Texture marked for update but image is incomplete @ https://app.spline.design/assets/chunks/chunk-C1GBGJcI.js:4
[   69433ms] [WARNING] THREE.WebGLRenderer: Texture marked for update but image is incomplete @ https://app.spline.design/assets/chunks/chunk-C1GBGJcI.js:4
[   69446ms] [WARNING] THREE.WebGLRenderer: Texture marked for update but image is incomplete @ https://app.spline.design/assets/chunks/chunk-C1GBGJcI.js:4
[   69458ms] [WARNING] THREE.WebGLRenderer: Texture marked for update but image is incomplete @ https://app.spline.design/assets/chunks/chunk-C1GBGJcI.js:4
[   69472ms] [WARNING] THREE.WebGLRenderer: Texture marked for update but image is incomplete @ https://app.spline.design/assets/chunks/chunk-C1GBGJcI.js:4
[   69485ms] [WARNING] THREE.WebGLRenderer: Texture marked for update but image is incomplete @ https://app.spline.design/assets/chunks/chunk-C1GBGJcI.js:4
[   69498ms] [WARNING] THREE.WebGLRenderer: Texture marked for update but image is incomplete @ https://app.spline.design/assets/chunks/chunk-C1GBGJcI.js:4
[   69512ms] [WARNING] THREE.WebGLRenderer: Texture marked for update but image is incomplete @ https://app.spline.design/assets/chunks/chunk-C1GBGJcI.js:4
[   69525ms] [WARNING] THREE.WebGLRenderer: Texture marked for update but image is incomplete @ https://app.spline.design/assets/chunks/chunk-C1GBGJcI.js:4
[   69538ms] [WARNING] THREE.WebGLRenderer: Texture marked for update but image is incomplete @ https://app.spline.design/assets/chunks/chunk-C1GBGJcI.js:4
[   69553ms] [WARNING] THREE.WebGLRenderer: Texture marked for update but image is incomplete @ https://app.spline.design/assets/chunks/chunk-C1GBGJcI.js:4
[   69565ms] [WARNING] THREE.WebGLRenderer: Texture marked for update but image is incomplete @ https://app.spline.design/assets/chunks/chunk-C1GBGJcI.js:4
[   69579ms] [WARNING] THREE.WebGLRenderer: Texture marked for update but image is incomplete @ https://app.spline.design/assets/chunks/chunk-C1GBGJcI.js:4
[   69592ms] [WARNING] THREE.WebGLRenderer: Texture marked for update but image is incomplete @ https://app.spline.design/assets/chunks/chunk-C1GBGJcI.js:4
[   69606ms] [WARNING] THREE.WebGLRenderer: Texture marked for update but image is incomplete @ https://app.spline.design/assets/chunks/chunk-C1GBGJcI.js:4
[   69619ms] [WARNING] THREE.WebGLRenderer: Texture marked for update but image is incomplete @ https://app.spline.design/assets/chunks/chunk-C1GBGJcI.js:4
[   69633ms] [WARNING] THREE.WebGLRenderer: Texture marked for update but image is incomplete @ https://app.spline.design/assets/chunks/chunk-C1GBGJcI.js:4
[   69646ms] [WARNING] THREE.WebGLRenderer: Texture marked for update but image is incomplete @ https://app.spline.design/assets/chunks/chunk-C1GBGJcI.js:4
[   69659ms] [WARNING] THREE.WebGLRenderer: Texture marked for update but image is incomplete @ https://app.spline.design/assets/chunks/chunk-C1GBGJcI.js:4
[   69671ms] [WARNING] THREE.WebGLRenderer: Texture marked for update but image is incomplete @ https://app.spline.design/assets/chunks/chunk-C1GBGJcI.js:4
[   69684ms] [WARNING] THREE.WebGLRenderer: Texture marked for update but image is incomplete @ https://app.spline.design/assets/chunks/chunk-C1GBGJcI.js:4
[   69698ms] [WARNING] THREE.WebGLRenderer: Texture marked for update but image is incomplete @ https://app.spline.design/assets/chunks/chunk-C1GBGJcI.js:4
[   69711ms] [WARNING] THREE.WebGLRenderer: Texture marked for update but image is incomplete @ https://app.spline.design/assets/chunks/chunk-C1GBGJcI.js:4
[   69724ms] [WARNING] THREE.WebGLRenderer: Texture marked for update but image is incomplete @ https://app.spline.design/assets/chunks/chunk-C1GBGJcI.js:4
[   69740ms] [WARNING] THREE.WebGLRenderer: Texture marked for update but image is incomplete @ https://app.spline.design/assets/chunks/chunk-C1GBGJcI.js:4
[   69751ms] [WARNING] THREE.WebGLRenderer: Texture marked for update but image is incomplete @ https://app.spline.design/assets/chunks/chunk-C1GBGJcI.js:4
[   69765ms] [WARNING] THREE.WebGLRenderer: Texture marked for update but image is incomplete @ https://app.spline.design/assets/chunks/chunk-C1GBGJcI.js:4
[   69778ms] [WARNING] THREE.WebGLRenderer: Texture marked for update but image is incomplete @ https://app.spline.design/assets/chunks/chunk-C1GBGJcI.js:4
[   69791ms] [WARNING] THREE.WebGLRenderer: Texture marked for update but image is incomplete @ https://app.spline.design/assets/chunks/chunk-C1GBGJcI.js:4
[   69805ms] [WARNING] THREE.WebGLRenderer: Texture marked for update but image is incomplete @ https://app.spline.design/assets/chunks/chunk-C1GBGJcI.js:4
[   69818ms] [WARNING] THREE.WebGLRenderer: Texture marked for update but image is incomplete @ https://app.spline.design/assets/chunks/chunk-C1GBGJcI.js:4
[   69831ms] [WARNING] THREE.WebGLRenderer: Texture marked for update but image is incomplete @ https://app.spline.design/assets/chunks/chunk-C1GBGJcI.js:4
[   69845ms] [WARNING] THREE.WebGLRenderer: Texture marked for update but image is incomplete @ https://app.spline.design/assets/chunks/chunk-C1GBGJcI.js:4
[   69858ms] [WARNING] THREE.WebGLRenderer: Texture marked for update but image is incomplete @ https://app.spline.design/assets/chunks/chunk-C1GBGJcI.js:4
[   69872ms] [WARNING] THREE.WebGLRenderer: Texture marked for update but image is incomplete @ https://app.spline.design/assets/chunks/chunk-C1GBGJcI.js:4
[   69886ms] [WARNING] THREE.WebGLRenderer: Texture marked for update but image is incomplete @ https://app.spline.design/assets/chunks/chunk-C1GBGJcI.js:4
[   69899ms] [WARNING] THREE.WebGLRenderer: Texture marked for update but image is incomplete @ https://app.spline.design/assets/chunks/chunk-C1GBGJcI.js:4
[   69912ms] [WARNING] THREE.WebGLRenderer: Texture marked for update but image is incomplete @ https://app.spline.design/assets/chunks/chunk-C1GBGJcI.js:4
[   69925ms] [WARNING] THREE.WebGLRenderer: Texture marked for update but image is incomplete @ https://app.spline.design/assets/chunks/chunk-C1GBGJcI.js:4
[   69938ms] [WARNING] THREE.WebGLRenderer: Texture marked for update but image is incomplete @ https://app.spline.design/assets/chunks/chunk-C1GBGJcI.js:4
[   69952ms] [WARNING] THREE.WebGLRenderer: Texture marked for update but image is incomplete @ https://app.spline.design/assets/chunks/chunk-C1GBGJcI.js:4
[   69965ms] [WARNING] THREE.WebGLRenderer: Texture marked for update but image is incomplete @ https://app.spline.design/assets/chunks/chunk-C1GBGJcI.js:4
[   69979ms] [WARNING] THREE.WebGLRenderer: Texture marked for update but image is incomplete @ https://app.spline.design/assets/chunks/chunk-C1GBGJcI.js:4
[   69992ms] [WARNING] THREE.WebGLRenderer: Texture marked for update but image is incomplete @ https://app.spline.design/assets/chunks/chunk-C1GBGJcI.js:4
[   70005ms] [WARNING] THREE.WebGLRenderer: Texture marked for update but image is incomplete @ https://app.spline.design/assets/chunks/chunk-C1GBGJcI.js:4
[   70019ms] [WARNING] THREE.WebGLRenderer: Texture marked for update but image is incomplete @ https://app.spline.design/assets/chunks/chunk-C1GBGJcI.js:4
[   70032ms] [WARNING] THREE.WebGLRenderer: Texture marked for update but image is incomplete @ https://app.spline.design/assets/chunks/chunk-C1GBGJcI.js:4
[   70045ms] [WARNING] THREE.WebGLRenderer: Texture marked for update but image is incomplete @ https://app.spline.design/assets/chunks/chunk-C1GBGJcI.js:4
[   70058ms] [WARNING] THREE.WebGLRenderer: Texture marked for update but image is incomplete @ https://app.spline.design/assets/chunks/chunk-C1GBGJcI.js:4
[   70072ms] [WARNING] THREE.WebGLRenderer: Texture marked for update but image is incomplete @ https://app.spline.design/assets/chunks/chunk-C1GBGJcI.js:4
[   70085ms] [WARNING] THREE.WebGLRenderer: Texture marked for update but image is incomplete @ https://app.spline.design/assets/chunks/chunk-C1GBGJcI.js:4
[   70099ms] [WARNING] THREE.WebGLRenderer: Texture marked for update but image is incomplete @ https://app.spline.design/assets/chunks/chunk-C1GBGJcI.js:4
[   70112ms] [WARNING] THREE.WebGLRenderer: Texture marked for update but image is incomplete @ https://app.spline.design/assets/chunks/chunk-C1GBGJcI.js:4
[   70124ms] [WARNING] THREE.WebGLRenderer: Texture marked for update but image is incomplete @ https://app.spline.design/assets/chunks/chunk-C1GBGJcI.js:4
[   70138ms] [WARNING] THREE.WebGLRenderer: Texture marked for update but image is incomplete @ https://app.spline.design/assets/chunks/chunk-C1GBGJcI.js:4
[   70152ms] [WARNING] THREE.WebGLRenderer: Texture marked for update but image is incomplete @ https://app.spline.design/assets/chunks/chunk-C1GBGJcI.js:4
[   70166ms] [WARNING] THREE.WebGLRenderer: Texture marked for update but image is incomplete @ https://app.spline.design/assets/chunks/chunk-C1GBGJcI.js:4
[   70179ms] [WARNING] THREE.WebGLRenderer: Texture marked for update but image is incomplete @ https://app.spline.design/assets/chunks/chunk-C1GBGJcI.js:4
[   70192ms] [WARNING] THREE.WebGLRenderer: Texture marked for update but image is incomplete @ https://app.spline.design/assets/chunks/chunk-C1GBGJcI.js:4
[   70205ms] [WARNING] THREE.WebGLRenderer: Texture marked for update but image is incomplete @ https://app.spline.design/assets/chunks/chunk-C1GBGJcI.js:4
[   70219ms] [WARNING] THREE.WebGLRenderer: Texture marked for update but image is incomplete @ https://app.spline.design/assets/chunks/chunk-C1GBGJcI.js:4
[   70233ms] [WARNING] THREE.WebGLRenderer: Texture marked for update but image is incomplete @ https://app.spline.design/assets/chunks/chunk-C1GBGJcI.js:4
[   70245ms] [WARNING] THREE.WebGLRenderer: Texture marked for update but image is incomplete @ https://app.spline.design/assets/chunks/chunk-C1GBGJcI.js:4
[   70259ms] [WARNING] THREE.WebGLRenderer: Texture marked for update but image is incomplete @ https://app.spline.design/assets/chunks/chunk-C1GBGJcI.js:4
[   70272ms] [WARNING] THREE.WebGLRenderer: Texture marked for update but image is incomplete @ https://app.spline.design/assets/chunks/chunk-C1GBGJcI.js:4
[   70286ms] [WARNING] THREE.WebGLRenderer: Texture marked for update but image is incomplete @ https://app.spline.design/assets/chunks/chunk-C1GBGJcI.js:4
[   70299ms] [WARNING] THREE.WebGLRenderer: Texture marked for update but image is incomplete @ https://app.spline.design/assets/chunks/chunk-C1GBGJcI.js:4
[   70313ms] [WARNING] THREE.WebGLRenderer: Texture marked for update but image is incomplete @ https://app.spline.design/assets/chunks/chunk-C1GBGJcI.js:4
[   70326ms] [WARNING] THREE.WebGLRenderer: Texture marked for update but image is incomplete @ https://app.spline.design/assets/chunks/chunk-C1GBGJcI.js:4
[   70338ms] [WARNING] THREE.WebGLRenderer: Texture marked for update but image is incomplete @ https://app.spline.design/assets/chunks/chunk-C1GBGJcI.js:4
[   70352ms] [WARNING] THREE.WebGLRenderer: Texture marked for update but image is incomplete @ https://app.spline.design/assets/chunks/chunk-C1GBGJcI.js:4
[   70365ms] [WARNING] THREE.WebGLRenderer: Texture marked for update but image is incomplete @ https://app.spline.design/assets/chunks/chunk-C1GBGJcI.js:4
[   70379ms] [WARNING] THREE.WebGLRenderer: Texture marked for update but image is incomplete @ https://app.spline.design/assets/chunks/chunk-C1GBGJcI.js:4
[   70394ms] [WARNING] THREE.WebGLRenderer: Texture marked for update but image is incomplete @ https://app.spline.design/assets/chunks/chunk-C1GBGJcI.js:4
[   70405ms] [WARNING] THREE.WebGLRenderer: Texture marked for update but image is incomplete @ https://app.spline.design/assets/chunks/chunk-C1GBGJcI.js:4
[   70419ms] [WARNING] THREE.WebGLRenderer: Texture marked for update but image is incomplete @ https://app.spline.design/assets/chunks/chunk-C1GBGJcI.js:4
[   70432ms] [WARNING] THREE.WebGLRenderer: Texture marked for update but image is incomplete @ https://app.spline.design/assets/chunks/chunk-C1GBGJcI.js:4
[   70445ms] [WARNING] THREE.WebGLRenderer: Texture marked for update but image is incomplete @ https://app.spline.design/assets/chunks/chunk-C1GBGJcI.js:4
[   70459ms] [WARNING] THREE.WebGLRenderer: Texture marked for update but image is incomplete @ https://app.spline.design/assets/chunks/chunk-C1GBGJcI.js:4
[   70472ms] [WARNING] THREE.WebGLRenderer: Texture marked for update but image is incomplete @ https://app.spline.design/assets/chunks/chunk-C1GBGJcI.js:4
[   70486ms] [WARNING] THREE.WebGLRenderer: Texture marked for update but image is incomplete @ https://app.spline.design/assets/chunks/chunk-C1GBGJcI.js:4
[   70499ms] [WARNING] THREE.WebGLRenderer: Texture marked for update but image is incomplete @ https://app.spline.design/assets/chunks/chunk-C1GBGJcI.js:4
[   70512ms] [WARNING] THREE.WebGLRenderer: Texture marked for update but image is incomplete @ https://app.spline.design/assets/chunks/chunk-C1GBGJcI.js:4
[   70525ms] [WARNING] THREE.WebGLRenderer: Texture marked for update but image is incomplete @ https://app.spline.design/assets/chunks/chunk-C1GBGJcI.js:4
[   70539ms] [WARNING] THREE.WebGLRenderer: Texture marked for update but image is incomplete @ https://app.spline.design/assets/chunks/chunk-C1GBGJcI.js:4
[   70552ms] [WARNING] THREE.WebGLRenderer: Texture marked for update but image is incomplete @ https://app.spline.design/assets/chunks/chunk-C1GBGJcI.js:4
[   70566ms] [WARNING] THREE.WebGLRenderer: Texture marked for update but image is incomplete @ https://app.spline.design/assets/chunks/chunk-C1GBGJcI.js:4
[   70579ms] [WARNING] THREE.WebGLRenderer: Texture marked for update but image is incomplete @ https://app.spline.design/assets/chunks/chunk-C1GBGJcI.js:4
[   70592ms] [WARNING] THREE.WebGLRenderer: Texture marked for update but image is incomplete @ https://app.spline.design/assets/chunks/chunk-C1GBGJcI.js:4
[   70605ms] [WARNING] THREE.WebGLRenderer: Texture marked for update but image is incomplete @ https://app.spline.design/assets/chunks/chunk-C1GBGJcI.js:4
[   70619ms] [WARNING] THREE.WebGLRenderer: Texture marked for update but image is incomplete @ https://app.spline.design/assets/chunks/chunk-C1GBGJcI.js:4
[   70633ms] [WARNING] THREE.WebGLRenderer: Texture marked for update but image is incomplete @ https://app.spline.design/assets/chunks/chunk-C1GBGJcI.js:4
[   70645ms] [WARNING] THREE.WebGLRenderer: Texture marked for update but image is incomplete @ https://app.spline.design/assets/chunks/chunk-C1GBGJcI.js:4
[   70659ms] [WARNING] THREE.WebGLRenderer: Texture marked for update but image is incomplete @ https://app.spline.design/assets/chunks/chunk-C1GBGJcI.js:4
[   70673ms] [WARNING] THREE.WebGLRenderer: Texture marked for update but image is incomplete @ https://app.spline.design/assets/chunks/chunk-C1GBGJcI.js:4
[   70687ms] [WARNING] THREE.WebGLRenderer: Texture marked for update but image is incomplete @ https://app.spline.design/assets/chunks/chunk-C1GBGJcI.js:4
[   70699ms] [WARNING] THREE.WebGLRenderer: Texture marked for update but image is incomplete @ https://app.spline.design/assets/chunks/chunk-C1GBGJcI.js:4
[   70712ms] [WARNING] THREE.WebGLRenderer: Texture marked for update but image is incomplete @ https://app.spline.design/assets/chunks/chunk-C1GBGJcI.js:4
[   70726ms] [WARNING] THREE.WebGLRenderer: Texture marked for update but image is incomplete @ https://app.spline.design/assets/chunks/chunk-C1GBGJcI.js:4
[   70739ms] [WARNING] THREE.WebGLRenderer: Texture marked for update but image is incomplete @ https://app.spline.design/assets/chunks/chunk-C1GBGJcI.js:4
[   70752ms] [WARNING] THREE.WebGLRenderer: Texture marked for update but image is incomplete @ https://app.spline.design/assets/chunks/chunk-C1GBGJcI.js:4
[   70766ms] [WARNING] THREE.WebGLRenderer: Texture marked for update but image is incomplete @ https://app.spline.design/assets/chunks/chunk-C1GBGJcI.js:4
[   70779ms] [WARNING] THREE.WebGLRenderer: Texture marked for update but image is incomplete @ https://app.spline.design/assets/chunks/chunk-C1GBGJcI.js:4
[   70792ms] [WARNING] THREE.WebGLRenderer: Texture marked for update but image is incomplete @ https://app.spline.design/assets/chunks/chunk-C1GBGJcI.js:4
[   70805ms] [WARNING] THREE.WebGLRenderer: Texture marked for update but image is incomplete @ https://app.spline.design/assets/chunks/chunk-C1GBGJcI.js:4
[   70819ms] [WARNING] THREE.WebGLRenderer: Texture marked for update but image is incomplete @ https://app.spline.design/assets/chunks/chunk-C1GBGJcI.js:4
[   70833ms] [WARNING] THREE.WebGLRenderer: Texture marked for update but image is incomplete @ https://app.spline.design/assets/chunks/chunk-C1GBGJcI.js:4
[   70846ms] [WARNING] THREE.WebGLRenderer: Texture marked for update but image is incomplete @ https://app.spline.design/assets/chunks/chunk-C1GBGJcI.js:4
[   70859ms] [WARNING] THREE.WebGLRenderer: Texture marked for update but image is incomplete @ https://app.spline.design/assets/chunks/chunk-C1GBGJcI.js:4
[   70872ms] [WARNING] THREE.WebGLRenderer: Texture marked for update but image is incomplete @ https://app.spline.design/assets/chunks/chunk-C1GBGJcI.js:4
[   70886ms] [WARNING] THREE.WebGLRenderer: Texture marked for update but image is incomplete @ https://app.spline.design/assets/chunks/chunk-C1GBGJcI.js:4
[   70977ms] [WARNING] THREE.WebGLRenderer: Texture marked for update but image is incomplete @ https://app.spline.design/assets/chunks/chunk-C1GBGJcI.js:4
[   70980ms] [WARNING] THREE.WebGLRenderer: Texture marked for update but image is incomplete @ https://app.spline.design/assets/chunks/chunk-C1GBGJcI.js:4
[   70992ms] [WARNING] THREE.WebGLRenderer: Texture marked for update but image is incomplete @ https://app.spline.design/assets/chunks/chunk-C1GBGJcI.js:4
[   71006ms] [WARNING] THREE.WebGLRenderer: Texture marked for update but image is incomplete @ https://app.spline.design/assets/chunks/chunk-C1GBGJcI.js:4
[   71019ms] [WARNING] THREE.WebGLRenderer: Texture marked for update but image is incomplete @ https://app.spline.design/assets/chunks/chunk-C1GBGJcI.js:4
[   71034ms] [WARNING] THREE.WebGLRenderer: Texture marked for update but image is incomplete @ https://app.spline.design/assets/chunks/chunk-C1GBGJcI.js:4
[   71047ms] [WARNING] THREE.WebGLRenderer: Texture marked for update but image is incomplete @ https://app.spline.design/assets/chunks/chunk-C1GBGJcI.js:4
[   71059ms] [WARNING] THREE.WebGLRenderer: Texture marked for update but image is incomplete @ https://app.spline.design/assets/chunks/chunk-C1GBGJcI.js:4
[   71073ms] [WARNING] THREE.WebGLRenderer: Texture marked for update but image is incomplete @ https://app.spline.design/assets/chunks/chunk-C1GBGJcI.js:4
[   71086ms] [WARNING] THREE.WebGLRenderer: Texture marked for update but image is incomplete @ https://app.spline.design/assets/chunks/chunk-C1GBGJcI.js:4
[   71099ms] [WARNING] THREE.WebGLRenderer: Texture marked for update but image is incomplete @ https://app.spline.design/assets/chunks/chunk-C1GBGJcI.js:4
[   71113ms] [WARNING] THREE.WebGLRenderer: Texture marked for update but image is incomplete @ https://app.spline.design/assets/chunks/chunk-C1GBGJcI.js:4
[   71126ms] [WARNING] THREE.WebGLRenderer: Texture marked for update but image is incomplete @ https://app.spline.design/assets/chunks/chunk-C1GBGJcI.js:4
[   71140ms] [WARNING] THREE.WebGLRenderer: Texture marked for update but image is incomplete @ https://app.spline.design/assets/chunks/chunk-C1GBGJcI.js:4
[   71153ms] [WARNING] THREE.WebGLRenderer: Texture marked for update but image is incomplete @ https://app.spline.design/assets/chunks/chunk-C1GBGJcI.js:4
[   71166ms] [WARNING] THREE.WebGLRenderer: Texture marked for update but image is incomplete @ https://app.spline.design/assets/chunks/chunk-C1GBGJcI.js:4
[   71179ms] [WARNING] THREE.WebGLRenderer: Texture marked for update but image is incomplete @ https://app.spline.design/assets/chunks/chunk-C1GBGJcI.js:4
[   71192ms] [WARNING] THREE.WebGLRenderer: Texture marked for update but image is incomplete @ https://app.spline.design/assets/chunks/chunk-C1GBGJcI.js:4
[   71207ms] [WARNING] THREE.WebGLRenderer: Texture marked for update but image is incomplete @ https://app.spline.design/assets/chunks/chunk-C1GBGJcI.js:4
[   71220ms] [WARNING] THREE.WebGLRenderer: Texture marked for update but image is incomplete @ https://app.spline.design/assets/chunks/chunk-C1GBGJcI.js:4
[   71233ms] [WARNING] THREE.WebGLRenderer: Texture marked for update but image is incomplete @ https://app.spline.design/assets/chunks/chunk-C1GBGJcI.js:4
[   71246ms] [WARNING] THREE.WebGLRenderer: Texture marked for update but image is incomplete @ https://app.spline.design/assets/chunks/chunk-C1GBGJcI.js:4
[   71259ms] [WARNING] THREE.WebGLRenderer: Texture marked for update but image is incomplete @ https://app.spline.design/assets/chunks/chunk-C1GBGJcI.js:4
[   71273ms] [WARNING] THREE.WebGLRenderer: Texture marked for update but image is incomplete @ https://app.spline.design/assets/chunks/chunk-C1GBGJcI.js:4
[   71286ms] [WARNING] THREE.WebGLRenderer: Texture marked for update but image is incomplete @ https://app.spline.design/assets/chunks/chunk-C1GBGJcI.js:4
[   71299ms] [WARNING] THREE.WebGLRenderer: Texture marked for update but image is incomplete @ https://app.spline.design/assets/chunks/chunk-C1GBGJcI.js:4
[   71312ms] [WARNING] THREE.WebGLRenderer: Texture marked for update but image is incomplete @ https://app.spline.design/assets/chunks/chunk-C1GBGJcI.js:4
[   71326ms] [WARNING] THREE.WebGLRenderer: Texture marked for update but image is incomplete @ https://app.spline.design/assets/chunks/chunk-C1GBGJcI.js:4
[   71339ms] [WARNING] THREE.WebGLRenderer: Texture marked for update but image is incomplete @ https://app.spline.design/assets/chunks/chunk-C1GBGJcI.js:4
[   71353ms] [WARNING] THREE.WebGLRenderer: Texture marked for update but image is incomplete @ https://app.spline.design/assets/chunks/chunk-C1GBGJcI.js:4
[   71367ms] [WARNING] THREE.WebGLRenderer: Texture marked for update but image is incomplete @ https://app.spline.design/assets/chunks/chunk-C1GBGJcI.js:4
[   71379ms] [WARNING] THREE.WebGLRenderer: Texture marked for update but image is incomplete @ https://app.spline.design/assets/chunks/chunk-C1GBGJcI.js:4
[   71393ms] [WARNING] THREE.WebGLRenderer: Texture marked for update but image is incomplete @ https://app.spline.design/assets/chunks/chunk-C1GBGJcI.js:4
[   71406ms] [WARNING] THREE.WebGLRenderer: Texture marked for update but image is incomplete @ https://app.spline.design/assets/chunks/chunk-C1GBGJcI.js:4
[   71420ms] [WARNING] THREE.WebGLRenderer: Texture marked for update but image is incomplete @ https://app.spline.design/assets/chunks/chunk-C1GBGJcI.js:4
[   71432ms] [WARNING] THREE.WebGLRenderer: Texture marked for update but image is incomplete @ https://app.spline.design/assets/chunks/chunk-C1GBGJcI.js:4
[   71446ms] [WARNING] THREE.WebGLRenderer: Texture marked for update but image is incomplete @ https://app.spline.design/assets/chunks/chunk-C1GBGJcI.js:4
[   71460ms] [WARNING] THREE.WebGLRenderer: Texture marked for update but image is incomplete @ https://app.spline.design/assets/chunks/chunk-C1GBGJcI.js:4
[   71472ms] [WARNING] THREE.WebGLRenderer: Texture marked for update but image is incomplete @ https://app.spline.design/assets/chunks/chunk-C1GBGJcI.js:4
[   71486ms] [WARNING] THREE.WebGLRenderer: Texture marked for update but image is incomplete @ https://app.spline.design/assets/chunks/chunk-C1GBGJcI.js:4
[   71498ms] [WARNING] THREE.WebGLRenderer: Texture marked for update but image is incomplete @ https://app.spline.design/assets/chunks/chunk-C1GBGJcI.js:4
[   71512ms] [WARNING] THREE.WebGLRenderer: Texture marked for update but image is incomplete @ https://app.spline.design/assets/chunks/chunk-C1GBGJcI.js:4
[   71526ms] [WARNING] THREE.WebGLRenderer: Texture marked for update but image is incomplete @ https://app.spline.design/assets/chunks/chunk-C1GBGJcI.js:4
[   71539ms] [WARNING] THREE.WebGLRenderer: Texture marked for update but image is incomplete @ https://app.spline.design/assets/chunks/chunk-C1GBGJcI.js:4
[   71552ms] [WARNING] THREE.WebGLRenderer: Texture marked for update but image is incomplete @ https://app.spline.design/assets/chunks/chunk-C1GBGJcI.js:4
[   71566ms] [WARNING] THREE.WebGLRenderer: Texture marked for update but image is incomplete @ https://app.spline.design/assets/chunks/chunk-C1GBGJcI.js:4
[   71579ms] [WARNING] THREE.WebGLRenderer: Texture marked for update but image is incomplete @ https://app.spline.design/assets/chunks/chunk-C1GBGJcI.js:4
[   71592ms] [WARNING] THREE.WebGLRenderer: Texture marked for update but image is incomplete @ https://app.spline.design/assets/chunks/chunk-C1GBGJcI.js:4
[   71606ms] [WARNING] THREE.WebGLRenderer: Texture marked for update but image is incomplete @ https://app.spline.design/assets/chunks/chunk-C1GBGJcI.js:4
[   71619ms] [WARNING] THREE.WebGLRenderer: Texture marked for update but image is incomplete @ https://app.spline.design/assets/chunks/chunk-C1GBGJcI.js:4
[   71632ms] [WARNING] THREE.WebGLRenderer: Texture marked for update but image is incomplete @ https://app.spline.design/assets/chunks/chunk-C1GBGJcI.js:4
[   71647ms] [WARNING] THREE.WebGLRenderer: Texture marked for update but image is incomplete @ https://app.spline.design/assets/chunks/chunk-C1GBGJcI.js:4
[   71659ms] [WARNING] THREE.WebGLRenderer: Texture marked for update but image is incomplete @ https://app.spline.design/assets/chunks/chunk-C1GBGJcI.js:4
[   71673ms] [WARNING] THREE.WebGLRenderer: Texture marked for update but image is incomplete @ https://app.spline.design/assets/chunks/chunk-C1GBGJcI.js:4
[   71686ms] [WARNING] THREE.WebGLRenderer: Texture marked for update but image is incomplete @ https://app.spline.design/assets/chunks/chunk-C1GBGJcI.js:4
[   71698ms] [WARNING] THREE.WebGLRenderer: Texture marked for update but image is incomplete @ https://app.spline.design/assets/chunks/chunk-C1GBGJcI.js:4
[   71713ms] [WARNING] THREE.WebGLRenderer: Texture marked for update but image is incomplete @ https://app.spline.design/assets/chunks/chunk-C1GBGJcI.js:4
[   71725ms] [WARNING] THREE.WebGLRenderer: Texture marked for update but image is incomplete @ https://app.spline.design/assets/chunks/chunk-C1GBGJcI.js:4
[   71739ms] [WARNING] THREE.WebGLRenderer: Texture marked for update but image is incomplete @ https://app.spline.design/assets/chunks/chunk-C1GBGJcI.js:4
[   71752ms] [WARNING] THREE.WebGLRenderer: Texture marked for update but image is incomplete @ https://app.spline.design/assets/chunks/chunk-C1GBGJcI.js:4
[   71765ms] [WARNING] THREE.WebGLRenderer: Texture marked for update but image is incomplete @ https://app.spline.design/assets/chunks/chunk-C1GBGJcI.js:4
[   71779ms] [WARNING] THREE.WebGLRenderer: Texture marked for update but image is incomplete @ https://app.spline.design/assets/chunks/chunk-C1GBGJcI.js:4
[   71792ms] [WARNING] THREE.WebGLRenderer: Texture marked for update but image is incomplete @ https://app.spline.design/assets/chunks/chunk-C1GBGJcI.js:4
[   71805ms] [WARNING] THREE.WebGLRenderer: Texture marked for update but image is incomplete @ https://app.spline.design/assets/chunks/chunk-C1GBGJcI.js:4
[   71819ms] [WARNING] THREE.WebGLRenderer: Texture marked for update but image is incomplete @ https://app.spline.design/assets/chunks/chunk-C1GBGJcI.js:4
[   71832ms] [WARNING] THREE.WebGLRenderer: Texture marked for update but image is incomplete @ https://app.spline.design/assets/chunks/chunk-C1GBGJcI.js:4
[   71847ms] [WARNING] THREE.WebGLRenderer: Texture marked for update but image is incomplete @ https://app.spline.design/assets/chunks/chunk-C1GBGJcI.js:4
[   71859ms] [WARNING] THREE.WebGLRenderer: Texture marked for update but image is incomplete @ https://app.spline.design/assets/chunks/chunk-C1GBGJcI.js:4
[   71872ms] [WARNING] THREE.WebGLRenderer: Texture marked for update but image is incomplete @ https://app.spline.design/assets/chunks/chunk-C1GBGJcI.js:4
[   71885ms] [WARNING] THREE.WebGLRenderer: Texture marked for update but image is incomplete @ https://app.spline.design/assets/chunks/chunk-C1GBGJcI.js:4
[   71898ms] [WARNING] THREE.WebGLRenderer: Texture marked for update but image is incomplete @ https://app.spline.design/assets/chunks/chunk-C1GBGJcI.js:4
[   71912ms] [WARNING] THREE.WebGLRenderer: Texture marked for update but image is incomplete @ https://app.spline.design/assets/chunks/chunk-C1GBGJcI.js:4
[   71927ms] [WARNING] THREE.WebGLRenderer: Texture marked for update but image is incomplete @ https://app.spline.design/assets/chunks/chunk-C1GBGJcI.js:4
[   71940ms] [WARNING] THREE.WebGLRenderer: Texture marked for update but image is incomplete @ https://app.spline.design/assets/chunks/chunk-C1GBGJcI.js:4
[   71953ms] [WARNING] THREE.WebGLRenderer: Texture marked for update but image is incomplete @ https://app.spline.design/assets/chunks/chunk-C1GBGJcI.js:4
[   71966ms] [WARNING] THREE.WebGLRenderer: Texture marked for update but image is incomplete @ https://app.spline.design/assets/chunks/chunk-C1GBGJcI.js:4
[   71979ms] [WARNING] THREE.WebGLRenderer: Texture marked for update but image is incomplete @ https://app.spline.design/assets/chunks/chunk-C1GBGJcI.js:4
[   71992ms] [WARNING] THREE.WebGLRenderer: Texture marked for update but image is incomplete @ https://app.spline.design/assets/chunks/chunk-C1GBGJcI.js:4
[   72007ms] [WARNING] THREE.WebGLRenderer: Texture marked for update but image is incomplete @ https://app.spline.design/assets/chunks/chunk-C1GBGJcI.js:4
[   72019ms] [WARNING] THREE.WebGLRenderer: Texture marked for update but image is incomplete @ https://app.spline.design/assets/chunks/chunk-C1GBGJcI.js:4
[   72033ms] [WARNING] THREE.WebGLRenderer: Texture marked for update but image is incomplete @ https://app.spline.design/assets/chunks/chunk-C1GBGJcI.js:4
[   72045ms] [WARNING] THREE.WebGLRenderer: Texture marked for update but image is incomplete @ https://app.spline.design/assets/chunks/chunk-C1GBGJcI.js:4
[   72060ms] [WARNING] THREE.WebGLRenderer: Texture marked for update but image is incomplete @ https://app.spline.design/assets/chunks/chunk-C1GBGJcI.js:4
[   72072ms] [WARNING] THREE.WebGLRenderer: Texture marked for update but image is incomplete @ https://app.spline.design/assets/chunks/chunk-C1GBGJcI.js:4
[   72086ms] [WARNING] THREE.WebGLRenderer: Texture marked for update but image is incomplete @ https://app.spline.design/assets/chunks/chunk-C1GBGJcI.js:4
[   72100ms] [WARNING] THREE.WebGLRenderer: Texture marked for update but image is incomplete @ https://app.spline.design/assets/chunks/chunk-C1GBGJcI.js:4
[   72112ms] [WARNING] THREE.WebGLRenderer: Texture marked for update but image is incomplete @ https://app.spline.design/assets/chunks/chunk-C1GBGJcI.js:4
[   72125ms] [WARNING] THREE.WebGLRenderer: Texture marked for update but image is incomplete @ https://app.spline.design/assets/chunks/chunk-C1GBGJcI.js:4
[   72140ms] [WARNING] THREE.WebGLRenderer: Texture marked for update but image is incomplete @ https://app.spline.design/assets/chunks/chunk-C1GBGJcI.js:4
[   72153ms] [WARNING] THREE.WebGLRenderer: Texture marked for update but image is incomplete @ https://app.spline.design/assets/chunks/chunk-C1GBGJcI.js:4
[   72166ms] [WARNING] THREE.WebGLRenderer: Texture marked for update but image is incomplete @ https://app.spline.design/assets/chunks/chunk-C1GBGJcI.js:4
[   72180ms] [WARNING] THREE.WebGLRenderer: Texture marked for update but image is incomplete @ https://app.spline.design/assets/chunks/chunk-C1GBGJcI.js:4
[   72192ms] [WARNING] THREE.WebGLRenderer: Texture marked for update but image is incomplete @ https://app.spline.design/assets/chunks/chunk-C1GBGJcI.js:4
[   72206ms] [WARNING] THREE.WebGLRenderer: Texture marked for update but image is incomplete @ https://app.spline.design/assets/chunks/chunk-C1GBGJcI.js:4
[   72219ms] [WARNING] THREE.WebGLRenderer: Texture marked for update but image is incomplete @ https://app.spline.design/assets/chunks/chunk-C1GBGJcI.js:4
[   72234ms] [WARNING] THREE.WebGLRenderer: Texture marked for update but image is incomplete @ https://app.spline.design/assets/chunks/chunk-C1GBGJcI.js:4
[   72246ms] [WARNING] THREE.WebGLRenderer: Texture marked for update but image is incomplete @ https://app.spline.design/assets/chunks/chunk-C1GBGJcI.js:4
[   72260ms] [WARNING] THREE.WebGLRenderer: Texture marked for update but image is incomplete @ https://app.spline.design/assets/chunks/chunk-C1GBGJcI.js:4
[   72273ms] [WARNING] THREE.WebGLRenderer: Texture marked for update but image is incomplete @ https://app.spline.design/assets/chunks/chunk-C1GBGJcI.js:4
[   72286ms] [WARNING] THREE.WebGLRenderer: Texture marked for update but image is incomplete @ https://app.spline.design/assets/chunks/chunk-C1GBGJcI.js:4
[   72299ms] [WARNING] THREE.WebGLRenderer: Texture marked for update but image is incomplete @ https://app.spline.design/assets/chunks/chunk-C1GBGJcI.js:4
[   72314ms] [WARNING] THREE.WebGLRenderer: Texture marked for update but image is incomplete @ https://app.spline.design/assets/chunks/chunk-C1GBGJcI.js:4
[   72325ms] [WARNING] THREE.WebGLRenderer: Texture marked for update but image is incomplete @ https://app.spline.design/assets/chunks/chunk-C1GBGJcI.js:4
[   72339ms] [WARNING] THREE.WebGLRenderer: Texture marked for update but image is incomplete @ https://app.spline.design/assets/chunks/chunk-C1GBGJcI.js:4
[   72353ms] [WARNING] THREE.WebGLRenderer: Texture marked for update but image is incomplete @ https://app.spline.design/assets/chunks/chunk-C1GBGJcI.js:4
[   72366ms] [WARNING] THREE.WebGLRenderer: Texture marked for update but image is incomplete @ https://app.spline.design/assets/chunks/chunk-C1GBGJcI.js:4
[   72380ms] [WARNING] THREE.WebGLRenderer: Texture marked for update but image is incomplete @ https://app.spline.design/assets/chunks/chunk-C1GBGJcI.js:4
[   72392ms] [WARNING] THREE.WebGLRenderer: Texture marked for update but image is incomplete @ https://app.spline.design/assets/chunks/chunk-C1GBGJcI.js:4
[   72406ms] [WARNING] THREE.WebGLRenderer: Texture marked for update but image is incomplete @ https://app.spline.design/assets/chunks/chunk-C1GBGJcI.js:4
[   72419ms] [WARNING] THREE.WebGLRenderer: Texture marked for update but image is incomplete @ https://app.spline.design/assets/chunks/chunk-C1GBGJcI.js:4
[   72434ms] [WARNING] THREE.WebGLRenderer: Texture marked for update but image is incomplete @ https://app.spline.design/assets/chunks/chunk-C1GBGJcI.js:4
[   72445ms] [WARNING] THREE.WebGLRenderer: Texture marked for update but image is incomplete @ https://app.spline.design/assets/chunks/chunk-C1GBGJcI.js:4
[   72461ms] [WARNING] THREE.WebGLRenderer: Texture marked for update but image is incomplete @ https://app.spline.design/assets/chunks/chunk-C1GBGJcI.js:4
[   72473ms] [WARNING] THREE.WebGLRenderer: Texture marked for update but image is incomplete @ https://app.spline.design/assets/chunks/chunk-C1GBGJcI.js:4
[   72486ms] [WARNING] THREE.WebGLRenderer: Texture marked for update but image is incomplete @ https://app.spline.design/assets/chunks/chunk-C1GBGJcI.js:4
[   72499ms] [WARNING] THREE.WebGLRenderer: Texture marked for update but image is incomplete @ https://app.spline.design/assets/chunks/chunk-C1GBGJcI.js:4
[   72514ms] [WARNING] THREE.WebGLRenderer: Texture marked for update but image is incomplete @ https://app.spline.design/assets/chunks/chunk-C1GBGJcI.js:4
[   72526ms] [WARNING] THREE.WebGLRenderer: Texture marked for update but image is incomplete @ https://app.spline.design/assets/chunks/chunk-C1GBGJcI.js:4
[   72539ms] [WARNING] THREE.WebGLRenderer: Texture marked for update but image is incomplete @ https://app.spline.design/assets/chunks/chunk-C1GBGJcI.js:4
[   72553ms] [WARNING] THREE.WebGLRenderer: Texture marked for update but image is incomplete @ https://app.spline.design/assets/chunks/chunk-C1GBGJcI.js:4
[   72566ms] [WARNING] THREE.WebGLRenderer: Texture marked for update but image is incomplete @ https://app.spline.design/assets/chunks/chunk-C1GBGJcI.js:4
[   72580ms] [WARNING] THREE.WebGLRenderer: Texture marked for update but image is incomplete @ https://app.spline.design/assets/chunks/chunk-C1GBGJcI.js:4
[   72592ms] [WARNING] THREE.WebGLRenderer: Texture marked for update but image is incomplete @ https://app.spline.design/assets/chunks/chunk-C1GBGJcI.js:4
[   72606ms] [WARNING] THREE.WebGLRenderer: Texture marked for update but image is incomplete @ https://app.spline.design/assets/chunks/chunk-C1GBGJcI.js:4
[   72620ms] [WARNING] THREE.WebGLRenderer: Texture marked for update but image is incomplete @ https://app.spline.design/assets/chunks/chunk-C1GBGJcI.js:4
[   72632ms] [WARNING] THREE.WebGLRenderer: Texture marked for update but image is incomplete @ https://app.spline.design/assets/chunks/chunk-C1GBGJcI.js:4
[   72646ms] [WARNING] THREE.WebGLRenderer: Texture marked for update but image is incomplete @ https://app.spline.design/assets/chunks/chunk-C1GBGJcI.js:4
[   72659ms] [WARNING] THREE.WebGLRenderer: Texture marked for update but image is incomplete @ https://app.spline.design/assets/chunks/chunk-C1GBGJcI.js:4
[   72673ms] [WARNING] THREE.WebGLRenderer: Texture marked for update but image is incomplete @ https://app.spline.design/assets/chunks/chunk-C1GBGJcI.js:4
[   72686ms] [WARNING] THREE.WebGLRenderer: Texture marked for update but image is incomplete @ https://app.spline.design/assets/chunks/chunk-C1GBGJcI.js:4
[   72699ms] [WARNING] THREE.WebGLRenderer: Texture marked for update but image is incomplete @ https://app.spline.design/assets/chunks/chunk-C1GBGJcI.js:4
[   72713ms] [WARNING] THREE.WebGLRenderer: Texture marked for update but image is incomplete @ https://app.spline.design/assets/chunks/chunk-C1GBGJcI.js:4
[   72726ms] [WARNING] THREE.WebGLRenderer: Texture marked for update but image is incomplete @ https://app.spline.design/assets/chunks/chunk-C1GBGJcI.js:4
[   72739ms] [WARNING] THREE.WebGLRenderer: Texture marked for update but image is incomplete @ https://app.spline.design/assets/chunks/chunk-C1GBGJcI.js:4
[   72753ms] [WARNING] THREE.WebGLRenderer: Texture marked for update but image is incomplete @ https://app.spline.design/assets/chunks/chunk-C1GBGJcI.js:4
[   72767ms] [WARNING] THREE.WebGLRenderer: Texture marked for update but image is incomplete @ https://app.spline.design/assets/chunks/chunk-C1GBGJcI.js:4
[   72780ms] [WARNING] THREE.WebGLRenderer: Texture marked for update but image is incomplete @ https://app.spline.design/assets/chunks/chunk-C1GBGJcI.js:4
[   72793ms] [WARNING] THREE.WebGLRenderer: Texture marked for update but image is incomplete @ https://app.spline.design/assets/chunks/chunk-C1GBGJcI.js:4
[   72806ms] [WARNING] THREE.WebGLRenderer: Texture marked for update but image is incomplete @ https://app.spline.design/assets/chunks/chunk-C1GBGJcI.js:4
[   72819ms] [WARNING] THREE.WebGLRenderer: Texture marked for update but image is incomplete @ https://app.spline.design/assets/chunks/chunk-C1GBGJcI.js:4
[   72833ms] [WARNING] THREE.WebGLRenderer: Texture marked for update but image is incomplete @ https://app.spline.design/assets/chunks/chunk-C1GBGJcI.js:4
[   72846ms] [WARNING] THREE.WebGLRenderer: Texture marked for update but image is incomplete @ https://app.spline.design/assets/chunks/chunk-C1GBGJcI.js:4
[   72859ms] [WARNING] THREE.WebGLRenderer: Texture marked for update but image is incomplete @ https://app.spline.design/assets/chunks/chunk-C1GBGJcI.js:4
[   72873ms] [WARNING] THREE.WebGLRenderer: Texture marked for update but image is incomplete @ https://app.spline.design/assets/chunks/chunk-C1GBGJcI.js:4
[   72887ms] [WARNING] THREE.WebGLRenderer: Texture marked for update but image is incomplete @ https://app.spline.design/assets/chunks/chunk-C1GBGJcI.js:4
[   72900ms] [WARNING] THREE.WebGLRenderer: Texture marked for update but image is incomplete @ https://app.spline.design/assets/chunks/chunk-C1GBGJcI.js:4
[   72913ms] [WARNING] THREE.WebGLRenderer: Texture marked for update but image is incomplete @ https://app.spline.design/assets/chunks/chunk-C1GBGJcI.js:4
[   72926ms] [WARNING] THREE.WebGLRenderer: Texture marked for update but image is incomplete @ https://app.spline.design/assets/chunks/chunk-C1GBGJcI.js:4
[   72940ms] [WARNING] THREE.WebGLRenderer: Texture marked for update but image is incomplete @ https://app.spline.design/assets/chunks/chunk-C1GBGJcI.js:4
[   72952ms] [WARNING] THREE.WebGLRenderer: Texture marked for update but image is incomplete @ https://app.spline.design/assets/chunks/chunk-C1GBGJcI.js:4
[   72967ms] [WARNING] THREE.WebGLRenderer: Texture marked for update but image is incomplete @ https://app.spline.design/assets/chunks/chunk-C1GBGJcI.js:4
[   72980ms] [WARNING] THREE.WebGLRenderer: Texture marked for update but image is incomplete @ https://app.spline.design/assets/chunks/chunk-C1GBGJcI.js:4
[   72993ms] [WARNING] THREE.WebGLRenderer: Texture marked for update but image is incomplete @ https://app.spline.design/assets/chunks/chunk-C1GBGJcI.js:4
[   73006ms] [WARNING] THREE.WebGLRenderer: Texture marked for update but image is incomplete @ https://app.spline.design/assets/chunks/chunk-C1GBGJcI.js:4
[   73020ms] [WARNING] THREE.WebGLRenderer: Texture marked for update but image is incomplete @ https://app.spline.design/assets/chunks/chunk-C1GBGJcI.js:4
[   73034ms] [WARNING] THREE.WebGLRenderer: Texture marked for update but image is incomplete @ https://app.spline.design/assets/chunks/chunk-C1GBGJcI.js:4
[   73047ms] [WARNING] THREE.WebGLRenderer: Texture marked for update but image is incomplete @ https://app.spline.design/assets/chunks/chunk-C1GBGJcI.js:4
[   73060ms] [WARNING] THREE.WebGLRenderer: Texture marked for update but image is incomplete @ https://app.spline.design/assets/chunks/chunk-C1GBGJcI.js:4
[   73073ms] [WARNING] THREE.WebGLRenderer: Texture marked for update but image is incomplete @ https://app.spline.design/assets/chunks/chunk-C1GBGJcI.js:4
[   73087ms] [WARNING] THREE.WebGLRenderer: Texture marked for update but image is incomplete @ https://app.spline.design/assets/chunks/chunk-C1GBGJcI.js:4
[   73100ms] [WARNING] THREE.WebGLRenderer: Texture marked for update but image is incomplete @ https://app.spline.design/assets/chunks/chunk-C1GBGJcI.js:4
[   73113ms] [WARNING] THREE.WebGLRenderer: Texture marked for update but image is incomplete @ https://app.spline.design/assets/chunks/chunk-C1GBGJcI.js:4
[   73127ms] [WARNING] THREE.WebGLRenderer: Texture marked for update but image is incomplete @ https://app.spline.design/assets/chunks/chunk-C1GBGJcI.js:4
[   73140ms] [WARNING] THREE.WebGLRenderer: Texture marked for update but image is incomplete @ https://app.spline.design/assets/chunks/chunk-C1GBGJcI.js:4
[   73153ms] [WARNING] THREE.WebGLRenderer: Texture marked for update but image is incomplete @ https://app.spline.design/assets/chunks/chunk-C1GBGJcI.js:4
[   73166ms] [WARNING] THREE.WebGLRenderer: Texture marked for update but image is incomplete @ https://app.spline.design/assets/chunks/chunk-C1GBGJcI.js:4
[   73179ms] [WARNING] THREE.WebGLRenderer: Texture marked for update but image is incomplete @ https://app.spline.design/assets/chunks/chunk-C1GBGJcI.js:4
[   73193ms] [WARNING] THREE.WebGLRenderer: Texture marked for update but image is incomplete @ https://app.spline.design/assets/chunks/chunk-C1GBGJcI.js:4
[   73206ms] [WARNING] THREE.WebGLRenderer: Texture marked for update but image is incomplete @ https://app.spline.design/assets/chunks/chunk-C1GBGJcI.js:4
[   73220ms] [WARNING] THREE.WebGLRenderer: Texture marked for update but image is incomplete @ https://app.spline.design/assets/chunks/chunk-C1GBGJcI.js:4
[   73233ms] [WARNING] THREE.WebGLRenderer: Texture marked for update but image is incomplete @ https://app.spline.design/assets/chunks/chunk-C1GBGJcI.js:4
[   73247ms] [WARNING] THREE.WebGLRenderer: Texture marked for update but image is incomplete @ https://app.spline.design/assets/chunks/chunk-C1GBGJcI.js:4
[   73260ms] [WARNING] THREE.WebGLRenderer: Texture marked for update but image is incomplete @ https://app.spline.design/assets/chunks/chunk-C1GBGJcI.js:4
[   73274ms] [WARNING] THREE.WebGLRenderer: Texture marked for update but image is incomplete @ https://app.spline.design/assets/chunks/chunk-C1GBGJcI.js:4
[   73286ms] [WARNING] THREE.WebGLRenderer: Texture marked for update but image is incomplete @ https://app.spline.design/assets/chunks/chunk-C1GBGJcI.js:4
[   73300ms] [WARNING] THREE.WebGLRenderer: Texture marked for update but image is incomplete @ https://app.spline.design/assets/chunks/chunk-C1GBGJcI.js:4
[   73313ms] [WARNING] THREE.WebGLRenderer: Texture marked for update but image is incomplete @ https://app.spline.design/assets/chunks/chunk-C1GBGJcI.js:4
[   73327ms] [WARNING] THREE.WebGLRenderer: Texture marked for update but image is incomplete @ https://app.spline.design/assets/chunks/chunk-C1GBGJcI.js:4
[   73340ms] [WARNING] THREE.WebGLRenderer: Texture marked for update but image is incomplete @ https://app.spline.design/assets/chunks/chunk-C1GBGJcI.js:4
[   73353ms] [WARNING] THREE.WebGLRenderer: Texture marked for update but image is incomplete @ https://app.spline.design/assets/chunks/chunk-C1GBGJcI.js:4
[   73367ms] [WARNING] THREE.WebGLRenderer: Texture marked for update but image is incomplete @ https://app.spline.design/assets/chunks/chunk-C1GBGJcI.js:4
[   73379ms] [WARNING] THREE.WebGLRenderer: Texture marked for update but image is incomplete @ https://app.spline.design/assets/chunks/chunk-C1GBGJcI.js:4
[   73393ms] [WARNING] THREE.WebGLRenderer: Texture marked for update but image is incomplete @ https://app.spline.design/assets/chunks/chunk-C1GBGJcI.js:4
[   73407ms] [WARNING] THREE.WebGLRenderer: Texture marked for update but image is incomplete @ https://app.spline.design/assets/chunks/chunk-C1GBGJcI.js:4
[   73420ms] [WARNING] THREE.WebGLRenderer: Texture marked for update but image is incomplete @ https://app.spline.design/assets/chunks/chunk-C1GBGJcI.js:4
[   73434ms] [WARNING] THREE.WebGLRenderer: Texture marked for update but image is incomplete @ https://app.spline.design/assets/chunks/chunk-C1GBGJcI.js:4
[   73446ms] [WARNING] THREE.WebGLRenderer: Texture marked for update but image is incomplete @ https://app.spline.design/assets/chunks/chunk-C1GBGJcI.js:4
[   73460ms] [WARNING] THREE.WebGLRenderer: Texture marked for update but image is incomplete @ https://app.spline.design/assets/chunks/chunk-C1GBGJcI.js:4
[   73474ms] [WARNING] THREE.WebGLRenderer: Texture marked for update but image is incomplete @ https://app.spline.design/assets/chunks/chunk-C1GBGJcI.js:4
[   73487ms] [WARNING] THREE.WebGLRenderer: Texture marked for update but image is incomplete @ https://app.spline.design/assets/chunks/chunk-C1GBGJcI.js:4
[   73500ms] [WARNING] THREE.WebGLRenderer: Texture marked for update but image is incomplete @ https://app.spline.design/assets/chunks/chunk-C1GBGJcI.js:4
[   73513ms] [WARNING] THREE.WebGLRenderer: Texture marked for update but image is incomplete @ https://app.spline.design/assets/chunks/chunk-C1GBGJcI.js:4
[   73526ms] [WARNING] THREE.WebGLRenderer: Texture marked for update but image is incomplete @ https://app.spline.design/assets/chunks/chunk-C1GBGJcI.js:4
[   73541ms] [WARNING] THREE.WebGLRenderer: Texture marked for update but image is incomplete @ https://app.spline.design/assets/chunks/chunk-C1GBGJcI.js:4
[   73552ms] [WARNING] THREE.WebGLRenderer: Texture marked for update but image is incomplete @ https://app.spline.design/assets/chunks/chunk-C1GBGJcI.js:4
[   73567ms] [WARNING] THREE.WebGLRenderer: Texture marked for update but image is incomplete @ https://app.spline.design/assets/chunks/chunk-C1GBGJcI.js:4
[   73581ms] [WARNING] THREE.WebGLRenderer: Texture marked for update but image is incomplete @ https://app.spline.design/assets/chunks/chunk-C1GBGJcI.js:4
[   73594ms] [WARNING] THREE.WebGLRenderer: Texture marked for update but image is incomplete @ https://app.spline.design/assets/chunks/chunk-C1GBGJcI.js:4
[   73606ms] [WARNING] THREE.WebGLRenderer: Texture marked for update but image is incomplete @ https://app.spline.design/assets/chunks/chunk-C1GBGJcI.js:4
[   73620ms] [WARNING] THREE.WebGLRenderer: Texture marked for update but image is incomplete @ https://app.spline.design/assets/chunks/chunk-C1GBGJcI.js:4
[   73634ms] [WARNING] THREE.WebGLRenderer: Texture marked for update but image is incomplete @ https://app.spline.design/assets/chunks/chunk-C1GBGJcI.js:4
[   73647ms] [WARNING] THREE.WebGLRenderer: Texture marked for update but image is incomplete @ https://app.spline.design/assets/chunks/chunk-C1GBGJcI.js:4
[   73660ms] [WARNING] THREE.WebGLRenderer: Texture marked for update but image is incomplete @ https://app.spline.design/assets/chunks/chunk-C1GBGJcI.js:4
[   73673ms] [WARNING] THREE.WebGLRenderer: Texture marked for update but image is incomplete @ https://app.spline.design/assets/chunks/chunk-C1GBGJcI.js:4
[   73687ms] [WARNING] THREE.WebGLRenderer: Texture marked for update but image is incomplete @ https://app.spline.design/assets/chunks/chunk-C1GBGJcI.js:4
[   73700ms] [WARNING] THREE.WebGLRenderer: Texture marked for update but image is incomplete @ https://app.spline.design/assets/chunks/chunk-C1GBGJcI.js:4
[   73713ms] [WARNING] THREE.WebGLRenderer: Texture marked for update but image is incomplete @ https://app.spline.design/assets/chunks/chunk-C1GBGJcI.js:4
[   73726ms] [WARNING] THREE.WebGLRenderer: Texture marked for update but image is incomplete @ https://app.spline.design/assets/chunks/chunk-C1GBGJcI.js:4
[   73740ms] [WARNING] THREE.WebGLRenderer: Texture marked for update but image is incomplete @ https://app.spline.design/assets/chunks/chunk-C1GBGJcI.js:4
[   73754ms] [WARNING] THREE.WebGLRenderer: Texture marked for update but image is incomplete @ https://app.spline.design/assets/chunks/chunk-C1GBGJcI.js:4
[   73766ms] [WARNING] THREE.WebGLRenderer: Texture marked for update but image is incomplete @ https://app.spline.design/assets/chunks/chunk-C1GBGJcI.js:4
[   73781ms] [WARNING] THREE.WebGLRenderer: Texture marked for update but image is incomplete @ https://app.spline.design/assets/chunks/chunk-C1GBGJcI.js:4
[   73793ms] [WARNING] THREE.WebGLRenderer: Texture marked for update but image is incomplete @ https://app.spline.design/assets/chunks/chunk-C1GBGJcI.js:4
[   73808ms] [WARNING] THREE.WebGLRenderer: Texture marked for update but image is incomplete @ https://app.spline.design/assets/chunks/chunk-C1GBGJcI.js:4
[   73820ms] [WARNING] THREE.WebGLRenderer: Texture marked for update but image is incomplete @ https://app.spline.design/assets/chunks/chunk-C1GBGJcI.js:4
[   73834ms] [WARNING] THREE.WebGLRenderer: Texture marked for update but image is incomplete @ https://app.spline.design/assets/chunks/chunk-C1GBGJcI.js:4
[   73846ms] [WARNING] THREE.WebGLRenderer: Texture marked for update but image is incomplete @ https://app.spline.design/assets/chunks/chunk-C1GBGJcI.js:4
[   73860ms] [WARNING] THREE.WebGLRenderer: Texture marked for update but image is incomplete @ https://app.spline.design/assets/chunks/chunk-C1GBGJcI.js:4
[   73874ms] [WARNING] THREE.WebGLRenderer: Texture marked for update but image is incomplete @ https://app.spline.design/assets/chunks/chunk-C1GBGJcI.js:4
[   73886ms] [WARNING] THREE.WebGLRenderer: Texture marked for update but image is incomplete @ https://app.spline.design/assets/chunks/chunk-C1GBGJcI.js:4
[   73899ms] [WARNING] THREE.WebGLRenderer: Texture marked for update but image is incomplete @ https://app.spline.design/assets/chunks/chunk-C1GBGJcI.js:4
[   73913ms] [WARNING] THREE.WebGLRenderer: Texture marked for update but image is incomplete @ https://app.spline.design/assets/chunks/chunk-C1GBGJcI.js:4
[   73926ms] [WARNING] THREE.WebGLRenderer: Texture marked for update but image is incomplete @ https://app.spline.design/assets/chunks/chunk-C1GBGJcI.js:4
[   73940ms] [WARNING] THREE.WebGLRenderer: Texture marked for update but image is incomplete @ https://app.spline.design/assets/chunks/chunk-C1GBGJcI.js:4
[   73954ms] [WARNING] THREE.WebGLRenderer: Texture marked for update but image is incomplete @ https://app.spline.design/assets/chunks/chunk-C1GBGJcI.js:4
[   73966ms] [WARNING] THREE.WebGLRenderer: Texture marked for update but image is incomplete @ https://app.spline.design/assets/chunks/chunk-C1GBGJcI.js:4
[   73980ms] [WARNING] THREE.WebGLRenderer: Texture marked for update but image is incomplete @ https://app.spline.design/assets/chunks/chunk-C1GBGJcI.js:4
[   73993ms] [WARNING] THREE.WebGLRenderer: Texture marked for update but image is incomplete @ https://app.spline.design/assets/chunks/chunk-C1GBGJcI.js:4
[   74007ms] [WARNING] THREE.WebGLRenderer: Texture marked for update but image is incomplete @ https://app.spline.design/assets/chunks/chunk-C1GBGJcI.js:4
[   74020ms] [WARNING] THREE.WebGLRenderer: Texture marked for update but image is incomplete @ https://app.spline.design/assets/chunks/chunk-C1GBGJcI.js:4
[   74033ms] [WARNING] THREE.WebGLRenderer: Texture marked for update but image is incomplete @ https://app.spline.design/assets/chunks/chunk-C1GBGJcI.js:4
[   74047ms] [WARNING] THREE.WebGLRenderer: Texture marked for update but image is incomplete @ https://app.spline.design/assets/chunks/chunk-C1GBGJcI.js:4
[   74061ms] [WARNING] THREE.WebGLRenderer: Texture marked for update but image is incomplete @ https://app.spline.design/assets/chunks/chunk-C1GBGJcI.js:4
[   74074ms] [WARNING] THREE.WebGLRenderer: Texture marked for update but image is incomplete @ https://app.spline.design/assets/chunks/chunk-C1GBGJcI.js:4
[   74087ms] [WARNING] THREE.WebGLRenderer: Texture marked for update but image is incomplete @ https://app.spline.design/assets/chunks/chunk-C1GBGJcI.js:4
[   74100ms] [WARNING] THREE.WebGLRenderer: Texture marked for update but image is incomplete @ https://app.spline.design/assets/chunks/chunk-C1GBGJcI.js:4
[   74113ms] [WARNING] THREE.WebGLRenderer: Texture marked for update but image is incomplete @ https://app.spline.design/assets/chunks/chunk-C1GBGJcI.js:4
[   74127ms] [WARNING] THREE.WebGLRenderer: Texture marked for update but image is incomplete @ https://app.spline.design/assets/chunks/chunk-C1GBGJcI.js:4
[   74140ms] [WARNING] THREE.WebGLRenderer: Texture marked for update but image is incomplete @ https://app.spline.design/assets/chunks/chunk-C1GBGJcI.js:4
[   74154ms] [WARNING] THREE.WebGLRenderer: Texture marked for update but image is incomplete @ https://app.spline.design/assets/chunks/chunk-C1GBGJcI.js:4
[   74167ms] [WARNING] THREE.WebGLRenderer: Texture marked for update but image is incomplete @ https://app.spline.design/assets/chunks/chunk-C1GBGJcI.js:4
[   74180ms] [WARNING] THREE.WebGLRenderer: Texture marked for update but image is incomplete @ https://app.spline.design/assets/chunks/chunk-C1GBGJcI.js:4
[   74193ms] [WARNING] THREE.WebGLRenderer: Texture marked for update but image is incomplete @ https://app.spline.design/assets/chunks/chunk-C1GBGJcI.js:4
[   74207ms] [WARNING] THREE.WebGLRenderer: Texture marked for update but image is incomplete @ https://app.spline.design/assets/chunks/chunk-C1GBGJcI.js:4
[   74221ms] [WARNING] THREE.WebGLRenderer: Texture marked for update but image is incomplete @ https://app.spline.design/assets/chunks/chunk-C1GBGJcI.js:4
[   74233ms] [WARNING] THREE.WebGLRenderer: Texture marked for update but image is incomplete @ https://app.spline.design/assets/chunks/chunk-C1GBGJcI.js:4
[   74247ms] [WARNING] THREE.WebGLRenderer: Texture marked for update but image is incomplete @ https://app.spline.design/assets/chunks/chunk-C1GBGJcI.js:4
[   74260ms] [WARNING] THREE.WebGLRenderer: Texture marked for update but image is incomplete @ https://app.spline.design/assets/chunks/chunk-C1GBGJcI.js:4
[   74273ms] [WARNING] THREE.WebGLRenderer: Texture marked for update but image is incomplete @ https://app.spline.design/assets/chunks/chunk-C1GBGJcI.js:4
[   74287ms] [WARNING] THREE.WebGLRenderer: Texture marked for update but image is incomplete @ https://app.spline.design/assets/chunks/chunk-C1GBGJcI.js:4
[   74300ms] [WARNING] THREE.WebGLRenderer: Texture marked for update but image is incomplete @ https://app.spline.design/assets/chunks/chunk-C1GBGJcI.js:4
[   74314ms] [WARNING] THREE.WebGLRenderer: Texture marked for update but image is incomplete @ https://app.spline.design/assets/chunks/chunk-C1GBGJcI.js:4
[   74326ms] [WARNING] THREE.WebGLRenderer: Texture marked for update but image is incomplete @ https://app.spline.design/assets/chunks/chunk-C1GBGJcI.js:4
[   74340ms] [WARNING] THREE.WebGLRenderer: Texture marked for update but image is incomplete @ https://app.spline.design/assets/chunks/chunk-C1GBGJcI.js:4
[   74354ms] [WARNING] THREE.WebGLRenderer: Texture marked for update but image is incomplete @ https://app.spline.design/assets/chunks/chunk-C1GBGJcI.js:4
[   74367ms] [WARNING] THREE.WebGLRenderer: Texture marked for update but image is incomplete @ https://app.spline.design/assets/chunks/chunk-C1GBGJcI.js:4
[   74381ms] [WARNING] THREE.WebGLRenderer: Texture marked for update but image is incomplete @ https://app.spline.design/assets/chunks/chunk-C1GBGJcI.js:4
[   74393ms] [WARNING] THREE.WebGLRenderer: Texture marked for update but image is incomplete @ https://app.spline.design/assets/chunks/chunk-C1GBGJcI.js:4
[   74407ms] [WARNING] THREE.WebGLRenderer: Texture marked for update but image is incomplete @ https://app.spline.design/assets/chunks/chunk-C1GBGJcI.js:4
[   74420ms] [WARNING] THREE.WebGLRenderer: Texture marked for update but image is incomplete @ https://app.spline.design/assets/chunks/chunk-C1GBGJcI.js:4
[   74434ms] [WARNING] THREE.WebGLRenderer: Texture marked for update but image is incomplete @ https://app.spline.design/assets/chunks/chunk-C1GBGJcI.js:4
[   74447ms] [WARNING] THREE.WebGLRenderer: Texture marked for update but image is incomplete @ https://app.spline.design/assets/chunks/chunk-C1GBGJcI.js:4
[   74460ms] [WARNING] THREE.WebGLRenderer: Texture marked for update but image is incomplete @ https://app.spline.design/assets/chunks/chunk-C1GBGJcI.js:4
[   74474ms] [WARNING] THREE.WebGLRenderer: Texture marked for update but image is incomplete @ https://app.spline.design/assets/chunks/chunk-C1GBGJcI.js:4
[   74487ms] [WARNING] THREE.WebGLRenderer: Texture marked for update but image is incomplete @ https://app.spline.design/assets/chunks/chunk-C1GBGJcI.js:4
[   74500ms] [WARNING] THREE.WebGLRenderer: Texture marked for update but image is incomplete @ https://app.spline.design/assets/chunks/chunk-C1GBGJcI.js:4
[   74514ms] [WARNING] THREE.WebGLRenderer: Texture marked for update but image is incomplete @ https://app.spline.design/assets/chunks/chunk-C1GBGJcI.js:4
[   74527ms] [WARNING] THREE.WebGLRenderer: Texture marked for update but image is incomplete @ https://app.spline.design/assets/chunks/chunk-C1GBGJcI.js:4
[   74540ms] [WARNING] THREE.WebGLRenderer: Texture marked for update but image is incomplete @ https://app.spline.design/assets/chunks/chunk-C1GBGJcI.js:4
[   74554ms] [WARNING] THREE.WebGLRenderer: Texture marked for update but image is incomplete @ https://app.spline.design/assets/chunks/chunk-C1GBGJcI.js:4
[   74567ms] [WARNING] THREE.WebGLRenderer: Texture marked for update but image is incomplete @ https://app.spline.design/assets/chunks/chunk-C1GBGJcI.js:4
[   74580ms] [WARNING] THREE.WebGLRenderer: Texture marked for update but image is incomplete @ https://app.spline.design/assets/chunks/chunk-C1GBGJcI.js:4
[   74593ms] [WARNING] THREE.WebGLRenderer: Texture marked for update but image is incomplete @ https://app.spline.design/assets/chunks/chunk-C1GBGJcI.js:4
[   74607ms] [WARNING] THREE.WebGLRenderer: Texture marked for update but image is incomplete @ https://app.spline.design/assets/chunks/chunk-C1GBGJcI.js:4
[   74621ms] [WARNING] THREE.WebGLRenderer: Texture marked for update but image is incomplete @ https://app.spline.design/assets/chunks/chunk-C1GBGJcI.js:4
[   74633ms] [WARNING] THREE.WebGLRenderer: Texture marked for update but image is incomplete @ https://app.spline.design/assets/chunks/chunk-C1GBGJcI.js:4
[   74647ms] [WARNING] THREE.WebGLRenderer: Texture marked for update but image is incomplete @ https://app.spline.design/assets/chunks/chunk-C1GBGJcI.js:4
[   74660ms] [WARNING] THREE.WebGLRenderer: Texture marked for update but image is incomplete @ https://app.spline.design/assets/chunks/chunk-C1GBGJcI.js:4
[   74675ms] [WARNING] THREE.WebGLRenderer: Texture marked for update but image is incomplete @ https://app.spline.design/assets/chunks/chunk-C1GBGJcI.js:4
[   74688ms] [WARNING] THREE.WebGLRenderer: Texture marked for update but image is incomplete @ https://app.spline.design/assets/chunks/chunk-C1GBGJcI.js:4
[   74701ms] [WARNING] THREE.WebGLRenderer: Texture marked for update but image is incomplete @ https://app.spline.design/assets/chunks/chunk-C1GBGJcI.js:4
[   74714ms] [WARNING] THREE.WebGLRenderer: Texture marked for update but image is incomplete @ https://app.spline.design/assets/chunks/chunk-C1GBGJcI.js:4
[   74727ms] [WARNING] THREE.WebGLRenderer: Texture marked for update but image is incomplete @ https://app.spline.design/assets/chunks/chunk-C1GBGJcI.js:4
[   74740ms] [WARNING] THREE.WebGLRenderer: Texture marked for update but image is incomplete @ https://app.spline.design/assets/chunks/chunk-C1GBGJcI.js:4
[   74754ms] [WARNING] THREE.WebGLRenderer: Texture marked for update but image is incomplete @ https://app.spline.design/assets/chunks/chunk-C1GBGJcI.js:4
[   74767ms] [WARNING] THREE.WebGLRenderer: Texture marked for update but image is incomplete @ https://app.spline.design/assets/chunks/chunk-C1GBGJcI.js:4
[   74780ms] [WARNING] THREE.WebGLRenderer: Texture marked for update but image is incomplete @ https://app.spline.design/assets/chunks/chunk-C1GBGJcI.js:4
[   74793ms] [WARNING] THREE.WebGLRenderer: Texture marked for update but image is incomplete @ https://app.spline.design/assets/chunks/chunk-C1GBGJcI.js:4
[   74807ms] [WARNING] THREE.WebGLRenderer: Texture marked for update but image is incomplete @ https://app.spline.design/assets/chunks/chunk-C1GBGJcI.js:4
[   74820ms] [WARNING] THREE.WebGLRenderer: Texture marked for update but image is incomplete @ https://app.spline.design/assets/chunks/chunk-C1GBGJcI.js:4
[   74834ms] [WARNING] THREE.WebGLRenderer: Texture marked for update but image is incomplete @ https://app.spline.design/assets/chunks/chunk-C1GBGJcI.js:4
[   74847ms] [WARNING] THREE.WebGLRenderer: Texture marked for update but image is incomplete @ https://app.spline.design/assets/chunks/chunk-C1GBGJcI.js:4
[   74860ms] [WARNING] THREE.WebGLRenderer: Texture marked for update but image is incomplete @ https://app.spline.design/assets/chunks/chunk-C1GBGJcI.js:4
[   74873ms] [WARNING] THREE.WebGLRenderer: Texture marked for update but image is incomplete @ https://app.spline.design/assets/chunks/chunk-C1GBGJcI.js:4
[   74887ms] [WARNING] THREE.WebGLRenderer: Texture marked for update but image is incomplete @ https://app.spline.design/assets/chunks/chunk-C1GBGJcI.js:4
[   74901ms] [WARNING] THREE.WebGLRenderer: Texture marked for update but image is incomplete @ https://app.spline.design/assets/chunks/chunk-C1GBGJcI.js:4
[   74914ms] [WARNING] THREE.WebGLRenderer: Texture marked for update but image is incomplete @ https://app.spline.design/assets/chunks/chunk-C1GBGJcI.js:4
[   74927ms] [WARNING] THREE.WebGLRenderer: Texture marked for update but image is incomplete @ https://app.spline.design/assets/chunks/chunk-C1GBGJcI.js:4
[   74940ms] [WARNING] THREE.WebGLRenderer: Texture marked for update but image is incomplete @ https://app.spline.design/assets/chunks/chunk-C1GBGJcI.js:4
[   74954ms] [WARNING] THREE.WebGLRenderer: Texture marked for update but image is incomplete @ https://app.spline.design/assets/chunks/chunk-C1GBGJcI.js:4
[   74967ms] [WARNING] THREE.WebGLRenderer: Texture marked for update but image is incomplete @ https://app.spline.design/assets/chunks/chunk-C1GBGJcI.js:4
[   74980ms] [WARNING] THREE.WebGLRenderer: Texture marked for update but image is incomplete @ https://app.spline.design/assets/chunks/chunk-C1GBGJcI.js:4
[   74993ms] [WARNING] THREE.WebGLRenderer: Texture marked for update but image is incomplete @ https://app.spline.design/assets/chunks/chunk-C1GBGJcI.js:4
[   75007ms] [WARNING] THREE.WebGLRenderer: Texture marked for update but image is incomplete @ https://app.spline.design/assets/chunks/chunk-C1GBGJcI.js:4
[   75020ms] [WARNING] THREE.WebGLRenderer: Texture marked for update but image is incomplete @ https://app.spline.design/assets/chunks/chunk-C1GBGJcI.js:4
[   75034ms] [WARNING] THREE.WebGLRenderer: Texture marked for update but image is incomplete @ https://app.spline.design/assets/chunks/chunk-C1GBGJcI.js:4
[   75048ms] [WARNING] THREE.WebGLRenderer: Texture marked for update but image is incomplete @ https://app.spline.design/assets/chunks/chunk-C1GBGJcI.js:4
[   75061ms] [WARNING] THREE.WebGLRenderer: Texture marked for update but image is incomplete @ https://app.spline.design/assets/chunks/chunk-C1GBGJcI.js:4
[   75074ms] [WARNING] THREE.WebGLRenderer: Texture marked for update but image is incomplete @ https://app.spline.design/assets/chunks/chunk-C1GBGJcI.js:4
[   75087ms] [WARNING] THREE.WebGLRenderer: Texture marked for update but image is incomplete @ https://app.spline.design/assets/chunks/chunk-C1GBGJcI.js:4
[   75101ms] [WARNING] THREE.WebGLRenderer: Texture marked for update but image is incomplete @ https://app.spline.design/assets/chunks/chunk-C1GBGJcI.js:4
[   75113ms] [WARNING] THREE.WebGLRenderer: Texture marked for update but image is incomplete @ https://app.spline.design/assets/chunks/chunk-C1GBGJcI.js:4
[   75127ms] [WARNING] THREE.WebGLRenderer: Texture marked for update but image is incomplete @ https://app.spline.design/assets/chunks/chunk-C1GBGJcI.js:4
[   75140ms] [WARNING] THREE.WebGLRenderer: Texture marked for update but image is incomplete @ https://app.spline.design/assets/chunks/chunk-C1GBGJcI.js:4
[   75155ms] [WARNING] THREE.WebGLRenderer: Texture marked for update but image is incomplete @ https://app.spline.design/assets/chunks/chunk-C1GBGJcI.js:4
[   75167ms] [WARNING] THREE.WebGLRenderer: Texture marked for update but image is incomplete @ https://app.spline.design/assets/chunks/chunk-C1GBGJcI.js:4
[   75180ms] [WARNING] THREE.WebGLRenderer: Texture marked for update but image is incomplete @ https://app.spline.design/assets/chunks/chunk-C1GBGJcI.js:4
[   75195ms] [WARNING] THREE.WebGLRenderer: Texture marked for update but image is incomplete @ https://app.spline.design/assets/chunks/chunk-C1GBGJcI.js:4
[   75207ms] [WARNING] THREE.WebGLRenderer: Texture marked for update but image is incomplete @ https://app.spline.design/assets/chunks/chunk-C1GBGJcI.js:4
[   75220ms] [WARNING] THREE.WebGLRenderer: Texture marked for update but image is incomplete @ https://app.spline.design/assets/chunks/chunk-C1GBGJcI.js:4
[   75233ms] [WARNING] THREE.WebGLRenderer: Texture marked for update but image is incomplete @ https://app.spline.design/assets/chunks/chunk-C1GBGJcI.js:4
[   75249ms] [WARNING] THREE.WebGLRenderer: Texture marked for update but image is incomplete @ https://app.spline.design/assets/chunks/chunk-C1GBGJcI.js:4
[   75261ms] [WARNING] THREE.WebGLRenderer: Texture marked for update but image is incomplete @ https://app.spline.design/assets/chunks/chunk-C1GBGJcI.js:4
[   75274ms] [WARNING] THREE.WebGLRenderer: Texture marked for update but image is incomplete @ https://app.spline.design/assets/chunks/chunk-C1GBGJcI.js:4
[   75287ms] [WARNING] THREE.WebGLRenderer: Texture marked for update but image is incomplete @ https://app.spline.design/assets/chunks/chunk-C1GBGJcI.js:4
[   75300ms] [WARNING] THREE.WebGLRenderer: Texture marked for update but image is incomplete @ https://app.spline.design/assets/chunks/chunk-C1GBGJcI.js:4
[   75315ms] [WARNING] THREE.WebGLRenderer: Texture marked for update but image is incomplete @ https://app.spline.design/assets/chunks/chunk-C1GBGJcI.js:4
[   75327ms] [WARNING] THREE.WebGLRenderer: Texture marked for update but image is incomplete @ https://app.spline.design/assets/chunks/chunk-C1GBGJcI.js:4
[   75340ms] [WARNING] THREE.WebGLRenderer: Texture marked for update but image is incomplete @ https://app.spline.design/assets/chunks/chunk-C1GBGJcI.js:4
[   75354ms] [WARNING] THREE.WebGLRenderer: Texture marked for update but image is incomplete @ https://app.spline.design/assets/chunks/chunk-C1GBGJcI.js:4
[   75368ms] [WARNING] THREE.WebGLRenderer: Texture marked for update but image is incomplete @ https://app.spline.design/assets/chunks/chunk-C1GBGJcI.js:4
[   75381ms] [WARNING] THREE.WebGLRenderer: Texture marked for update but image is incomplete @ https://app.spline.design/assets/chunks/chunk-C1GBGJcI.js:4
[   75394ms] [WARNING] THREE.WebGLRenderer: Texture marked for update but image is incomplete @ https://app.spline.design/assets/chunks/chunk-C1GBGJcI.js:4
[   75407ms] [WARNING] THREE.WebGLRenderer: Texture marked for update but image is incomplete @ https://app.spline.design/assets/chunks/chunk-C1GBGJcI.js:4
[   75420ms] [WARNING] THREE.WebGLRenderer: Texture marked for update but image is incomplete @ https://app.spline.design/assets/chunks/chunk-C1GBGJcI.js:4
[   75434ms] [WARNING] THREE.WebGLRenderer: Texture marked for update but image is incomplete @ https://app.spline.design/assets/chunks/chunk-C1GBGJcI.js:4
[   75448ms] [WARNING] THREE.WebGLRenderer: Texture marked for update but image is incomplete @ https://app.spline.design/assets/chunks/chunk-C1GBGJcI.js:4
[   75460ms] [WARNING] THREE.WebGLRenderer: Texture marked for update but image is incomplete @ https://app.spline.design/assets/chunks/chunk-C1GBGJcI.js:4
[   75474ms] [WARNING] THREE.WebGLRenderer: Texture marked for update but image is incomplete @ https://app.spline.design/assets/chunks/chunk-C1GBGJcI.js:4
[   75488ms] [WARNING] THREE.WebGLRenderer: Texture marked for update but image is incomplete @ https://app.spline.design/assets/chunks/chunk-C1GBGJcI.js:4
[   75500ms] [WARNING] THREE.WebGLRenderer: Texture marked for update but image is incomplete @ https://app.spline.design/assets/chunks/chunk-C1GBGJcI.js:4
[   75515ms] [WARNING] THREE.WebGLRenderer: Texture marked for update but image is incomplete @ https://app.spline.design/assets/chunks/chunk-C1GBGJcI.js:4
[   75527ms] [WARNING] THREE.WebGLRenderer: Texture marked for update but image is incomplete @ https://app.spline.design/assets/chunks/chunk-C1GBGJcI.js:4
[   75540ms] [WARNING] THREE.WebGLRenderer: Texture marked for update but image is incomplete @ https://app.spline.design/assets/chunks/chunk-C1GBGJcI.js:4
[   75554ms] [WARNING] THREE.WebGLRenderer: Texture marked for update but image is incomplete @ https://app.spline.design/assets/chunks/chunk-C1GBGJcI.js:4
[   75567ms] [WARNING] THREE.WebGLRenderer: Texture marked for update but image is incomplete @ https://app.spline.design/assets/chunks/chunk-C1GBGJcI.js:4
[   75580ms] [WARNING] THREE.WebGLRenderer: Texture marked for update but image is incomplete @ https://app.spline.design/assets/chunks/chunk-C1GBGJcI.js:4
[   75594ms] [WARNING] THREE.WebGLRenderer: Texture marked for update but image is incomplete @ https://app.spline.design/assets/chunks/chunk-C1GBGJcI.js:4
[   75607ms] [WARNING] THREE.WebGLRenderer: Texture marked for update but image is incomplete @ https://app.spline.design/assets/chunks/chunk-C1GBGJcI.js:4
[   75621ms] [WARNING] THREE.WebGLRenderer: Texture marked for update but image is incomplete @ https://app.spline.design/assets/chunks/chunk-C1GBGJcI.js:4
[   75634ms] [WARNING] THREE.WebGLRenderer: Texture marked for update but image is incomplete @ https://app.spline.design/assets/chunks/chunk-C1GBGJcI.js:4
[   75647ms] [WARNING] THREE.WebGLRenderer: Texture marked for update but image is incomplete @ https://app.spline.design/assets/chunks/chunk-C1GBGJcI.js:4
[   75661ms] [WARNING] THREE.WebGLRenderer: Texture marked for update but image is incomplete @ https://app.spline.design/assets/chunks/chunk-C1GBGJcI.js:4
[   75674ms] [WARNING] THREE.WebGLRenderer: Texture marked for update but image is incomplete @ https://app.spline.design/assets/chunks/chunk-C1GBGJcI.js:4
[   75687ms] [WARNING] THREE.WebGLRenderer: Texture marked for update but image is incomplete @ https://app.spline.design/assets/chunks/chunk-C1GBGJcI.js:4
[   75701ms] [WARNING] THREE.WebGLRenderer: Texture marked for update but image is incomplete @ https://app.spline.design/assets/chunks/chunk-C1GBGJcI.js:4
[   75832ms] [WARNING] THREE.WebGLRenderer: Texture marked for update but image is incomplete @ https://app.spline.design/assets/chunks/chunk-C1GBGJcI.js:4
[   75835ms] [WARNING] THREE.WebGLRenderer: Texture marked for update but image is incomplete @ https://app.spline.design/assets/chunks/chunk-C1GBGJcI.js:4
[   75848ms] [WARNING] THREE.WebGLRenderer: Texture marked for update but image is incomplete @ https://app.spline.design/assets/chunks/chunk-C1GBGJcI.js:4
[   75861ms] [WARNING] THREE.WebGLRenderer: Texture marked for update but image is incomplete @ https://app.spline.design/assets/chunks/chunk-C1GBGJcI.js:4
[   75874ms] [WARNING] THREE.WebGLRenderer: Texture marked for update but image is incomplete @ https://app.spline.design/assets/chunks/chunk-C1GBGJcI.js:4
[   75887ms] [WARNING] THREE.WebGLRenderer: Texture marked for update but image is incomplete @ https://app.spline.design/assets/chunks/chunk-C1GBGJcI.js:4
[   75901ms] [WARNING] THREE.WebGLRenderer: Texture marked for update but image is incomplete @ https://app.spline.design/assets/chunks/chunk-C1GBGJcI.js:4
[   75914ms] [WARNING] THREE.WebGLRenderer: Texture marked for update but image is incomplete @ https://app.spline.design/assets/chunks/chunk-C1GBGJcI.js:4
[   75929ms] [WARNING] THREE.WebGLRenderer: Texture marked for update but image is incomplete @ https://app.spline.design/assets/chunks/chunk-C1GBGJcI.js:4
[   75941ms] [WARNING] THREE.WebGLRenderer: Texture marked for update but image is incomplete @ https://app.spline.design/assets/chunks/chunk-C1GBGJcI.js:4
[   75954ms] [WARNING] THREE.WebGLRenderer: Texture marked for update but image is incomplete @ https://app.spline.design/assets/chunks/chunk-C1GBGJcI.js:4
[   75967ms] [WARNING] THREE.WebGLRenderer: Texture marked for update but image is incomplete @ https://app.spline.design/assets/chunks/chunk-C1GBGJcI.js:4
[   75981ms] [WARNING] THREE.WebGLRenderer: Texture marked for update but image is incomplete @ https://app.spline.design/assets/chunks/chunk-C1GBGJcI.js:4
[   75995ms] [WARNING] THREE.WebGLRenderer: Texture marked for update but image is incomplete @ https://app.spline.design/assets/chunks/chunk-C1GBGJcI.js:4
[   76007ms] [WARNING] THREE.WebGLRenderer: Texture marked for update but image is incomplete @ https://app.spline.design/assets/chunks/chunk-C1GBGJcI.js:4
[   76021ms] [WARNING] THREE.WebGLRenderer: Texture marked for update but image is incomplete @ https://app.spline.design/assets/chunks/chunk-C1GBGJcI.js:4
[   76034ms] [WARNING] THREE.WebGLRenderer: Texture marked for update but image is incomplete @ https://app.spline.design/assets/chunks/chunk-C1GBGJcI.js:4
[   76047ms] [WARNING] THREE.WebGLRenderer: Texture marked for update but image is incomplete @ https://app.spline.design/assets/chunks/chunk-C1GBGJcI.js:4
[   76062ms] [WARNING] THREE.WebGLRenderer: Texture marked for update but image is incomplete @ https://app.spline.design/assets/chunks/chunk-C1GBGJcI.js:4
[   76074ms] [WARNING] THREE.WebGLRenderer: Texture marked for update but image is incomplete @ https://app.spline.design/assets/chunks/chunk-C1GBGJcI.js:4
[   76088ms] [WARNING] THREE.WebGLRenderer: Texture marked for update but image is incomplete @ https://app.spline.design/assets/chunks/chunk-C1GBGJcI.js:4
[   76101ms] [WARNING] THREE.WebGLRenderer: Texture marked for update but image is incomplete @ https://app.spline.design/assets/chunks/chunk-C1GBGJcI.js:4
[   76114ms] [WARNING] THREE.WebGLRenderer: Texture marked for update but image is incomplete @ https://app.spline.design/assets/chunks/chunk-C1GBGJcI.js:4
[   76128ms] [WARNING] THREE.WebGLRenderer: Texture marked for update but image is incomplete @ https://app.spline.design/assets/chunks/chunk-C1GBGJcI.js:4
[   76141ms] [WARNING] THREE.WebGLRenderer: Texture marked for update but image is incomplete @ https://app.spline.design/assets/chunks/chunk-C1GBGJcI.js:4
[   76154ms] [WARNING] THREE.WebGLRenderer: Texture marked for update but image is incomplete @ https://app.spline.design/assets/chunks/chunk-C1GBGJcI.js:4
[   76167ms] [WARNING] THREE.WebGLRenderer: Texture marked for update but image is incomplete @ https://app.spline.design/assets/chunks/chunk-C1GBGJcI.js:4
[   76181ms] [WARNING] THREE.WebGLRenderer: Texture marked for update but image is incomplete @ https://app.spline.design/assets/chunks/chunk-C1GBGJcI.js:4
[   76194ms] [WARNING] THREE.WebGLRenderer: Texture marked for update but image is incomplete @ https://app.spline.design/assets/chunks/chunk-C1GBGJcI.js:4
[   76207ms] [WARNING] THREE.WebGLRenderer: Texture marked for update but image is incomplete @ https://app.spline.design/assets/chunks/chunk-C1GBGJcI.js:4
[   76221ms] [WARNING] THREE.WebGLRenderer: Texture marked for update but image is incomplete @ https://app.spline.design/assets/chunks/chunk-C1GBGJcI.js:4
[   76234ms] [WARNING] THREE.WebGLRenderer: Texture marked for update but image is incomplete @ https://app.spline.design/assets/chunks/chunk-C1GBGJcI.js:4
[   76247ms] [WARNING] THREE.WebGLRenderer: Texture marked for update but image is incomplete @ https://app.spline.design/assets/chunks/chunk-C1GBGJcI.js:4
[   76261ms] [WARNING] THREE.WebGLRenderer: Texture marked for update but image is incomplete @ https://app.spline.design/assets/chunks/chunk-C1GBGJcI.js:4
[   76274ms] [WARNING] THREE.WebGLRenderer: Texture marked for update but image is incomplete @ https://app.spline.design/assets/chunks/chunk-C1GBGJcI.js:4
[   76288ms] [WARNING] THREE.WebGLRenderer: Texture marked for update but image is incomplete @ https://app.spline.design/assets/chunks/chunk-C1GBGJcI.js:4
[   76300ms] [WARNING] THREE.WebGLRenderer: Texture marked for update but image is incomplete @ https://app.spline.design/assets/chunks/chunk-C1GBGJcI.js:4
[   76314ms] [WARNING] THREE.WebGLRenderer: Texture marked for update but image is incomplete @ https://app.spline.design/assets/chunks/chunk-C1GBGJcI.js:4
[   76327ms] [WARNING] THREE.WebGLRenderer: Texture marked for update but image is incomplete @ https://app.spline.design/assets/chunks/chunk-C1GBGJcI.js:4
[   76340ms] [WARNING] THREE.WebGLRenderer: Texture marked for update but image is incomplete @ https://app.spline.design/assets/chunks/chunk-C1GBGJcI.js:4
[   76354ms] [WARNING] THREE.WebGLRenderer: Texture marked for update but image is incomplete @ https://app.spline.design/assets/chunks/chunk-C1GBGJcI.js:4
[   76367ms] [WARNING] THREE.WebGLRenderer: Texture marked for update but image is incomplete @ https://app.spline.design/assets/chunks/chunk-C1GBGJcI.js:4
[   76381ms] [WARNING] THREE.WebGLRenderer: Texture marked for update but image is incomplete @ https://app.spline.design/assets/chunks/chunk-C1GBGJcI.js:4
[   76394ms] [WARNING] THREE.WebGLRenderer: Texture marked for update but image is incomplete @ https://app.spline.design/assets/chunks/chunk-C1GBGJcI.js:4
[   76408ms] [WARNING] THREE.WebGLRenderer: Texture marked for update but image is incomplete @ https://app.spline.design/assets/chunks/chunk-C1GBGJcI.js:4
[   76421ms] [WARNING] THREE.WebGLRenderer: Texture marked for update but image is incomplete @ https://app.spline.design/assets/chunks/chunk-C1GBGJcI.js:4
[   76434ms] [WARNING] THREE.WebGLRenderer: Texture marked for update but image is incomplete @ https://app.spline.design/assets/chunks/chunk-C1GBGJcI.js:4
[   76447ms] [WARNING] THREE.WebGLRenderer: Texture marked for update but image is incomplete @ https://app.spline.design/assets/chunks/chunk-C1GBGJcI.js:4
[   76461ms] [WARNING] THREE.WebGLRenderer: Texture marked for update but image is incomplete @ https://app.spline.design/assets/chunks/chunk-C1GBGJcI.js:4
[   76474ms] [WARNING] THREE.WebGLRenderer: Texture marked for update but image is incomplete @ https://app.spline.design/assets/chunks/chunk-C1GBGJcI.js:4
[   76487ms] [WARNING] THREE.WebGLRenderer: Texture marked for update but image is incomplete @ https://app.spline.design/assets/chunks/chunk-C1GBGJcI.js:4
[   76500ms] [WARNING] THREE.WebGLRenderer: Texture marked for update but image is incomplete @ https://app.spline.design/assets/chunks/chunk-C1GBGJcI.js:4
[   76514ms] [WARNING] THREE.WebGLRenderer: Texture marked for update but image is incomplete @ https://app.spline.design/assets/chunks/chunk-C1GBGJcI.js:4
[   76527ms] [WARNING] THREE.WebGLRenderer: Texture marked for update but image is incomplete @ https://app.spline.design/assets/chunks/chunk-C1GBGJcI.js:4
[   76541ms] [WARNING] THREE.WebGLRenderer: Texture marked for update but image is incomplete @ https://app.spline.design/assets/chunks/chunk-C1GBGJcI.js:4
[   76555ms] [WARNING] THREE.WebGLRenderer: Texture marked for update but image is incomplete @ https://app.spline.design/assets/chunks/chunk-C1GBGJcI.js:4
[   76568ms] [WARNING] THREE.WebGLRenderer: Texture marked for update but image is incomplete @ https://app.spline.design/assets/chunks/chunk-C1GBGJcI.js:4
[   76581ms] [WARNING] THREE.WebGLRenderer: Texture marked for update but image is incomplete @ https://app.spline.design/assets/chunks/chunk-C1GBGJcI.js:4
[   76594ms] [WARNING] THREE.WebGLRenderer: Texture marked for update but image is incomplete @ https://app.spline.design/assets/chunks/chunk-C1GBGJcI.js:4
[   76607ms] [WARNING] THREE.WebGLRenderer: Texture marked for update but image is incomplete @ https://app.spline.design/assets/chunks/chunk-C1GBGJcI.js:4
[   76621ms] [WARNING] THREE.WebGLRenderer: Texture marked for update but image is incomplete @ https://app.spline.design/assets/chunks/chunk-C1GBGJcI.js:4
[   76634ms] [WARNING] THREE.WebGLRenderer: Texture marked for update but image is incomplete @ https://app.spline.design/assets/chunks/chunk-C1GBGJcI.js:4
[   76647ms] [WARNING] THREE.WebGLRenderer: Texture marked for update but image is incomplete @ https://app.spline.design/assets/chunks/chunk-C1GBGJcI.js:4
[   76661ms] [WARNING] THREE.WebGLRenderer: Texture marked for update but image is incomplete @ https://app.spline.design/assets/chunks/chunk-C1GBGJcI.js:4
[   76674ms] [WARNING] THREE.WebGLRenderer: Texture marked for update but image is incomplete @ https://app.spline.design/assets/chunks/chunk-C1GBGJcI.js:4
[   76688ms] [WARNING] THREE.WebGLRenderer: Texture marked for update but image is incomplete @ https://app.spline.design/assets/chunks/chunk-C1GBGJcI.js:4
[   76701ms] [WARNING] THREE.WebGLRenderer: Texture marked for update but image is incomplete @ https://app.spline.design/assets/chunks/chunk-C1GBGJcI.js:4
[   76714ms] [WARNING] THREE.WebGLRenderer: Texture marked for update but image is incomplete @ https://app.spline.design/assets/chunks/chunk-C1GBGJcI.js:4
[   76728ms] [WARNING] THREE.WebGLRenderer: Texture marked for update but image is incomplete @ https://app.spline.design/assets/chunks/chunk-C1GBGJcI.js:4
[   76741ms] [WARNING] THREE.WebGLRenderer: Texture marked for update but image is incomplete @ https://app.spline.design/assets/chunks/chunk-C1GBGJcI.js:4
[   76755ms] [WARNING] THREE.WebGLRenderer: Texture marked for update but image is incomplete @ https://app.spline.design/assets/chunks/chunk-C1GBGJcI.js:4
[   76769ms] [WARNING] THREE.WebGLRenderer: Texture marked for update but image is incomplete @ https://app.spline.design/assets/chunks/chunk-C1GBGJcI.js:4
[   76781ms] [WARNING] THREE.WebGLRenderer: Texture marked for update but image is incomplete @ https://app.spline.design/assets/chunks/chunk-C1GBGJcI.js:4
[   76795ms] [WARNING] THREE.WebGLRenderer: Texture marked for update but image is incomplete @ https://app.spline.design/assets/chunks/chunk-C1GBGJcI.js:4
[   76807ms] [WARNING] THREE.WebGLRenderer: Texture marked for update but image is incomplete @ https://app.spline.design/assets/chunks/chunk-C1GBGJcI.js:4
[   76821ms] [WARNING] THREE.WebGLRenderer: Texture marked for update but image is incomplete @ https://app.spline.design/assets/chunks/chunk-C1GBGJcI.js:4
[   76834ms] [WARNING] THREE.WebGLRenderer: Texture marked for update but image is incomplete @ https://app.spline.design/assets/chunks/chunk-C1GBGJcI.js:4
[   76848ms] [WARNING] THREE.WebGLRenderer: Texture marked for update but image is incomplete @ https://app.spline.design/assets/chunks/chunk-C1GBGJcI.js:4
[   76861ms] [WARNING] THREE.WebGLRenderer: Texture marked for update but image is incomplete @ https://app.spline.design/assets/chunks/chunk-C1GBGJcI.js:4
[   76874ms] [WARNING] THREE.WebGLRenderer: Texture marked for update but image is incomplete @ https://app.spline.design/assets/chunks/chunk-C1GBGJcI.js:4
[   76887ms] [WARNING] THREE.WebGLRenderer: Texture marked for update but image is incomplete @ https://app.spline.design/assets/chunks/chunk-C1GBGJcI.js:4
[   76901ms] [WARNING] THREE.WebGLRenderer: Texture marked for update but image is incomplete @ https://app.spline.design/assets/chunks/chunk-C1GBGJcI.js:4
[   76915ms] [WARNING] THREE.WebGLRenderer: Texture marked for update but image is incomplete @ https://app.spline.design/assets/chunks/chunk-C1GBGJcI.js:4
[   76928ms] [WARNING] THREE.WebGLRenderer: Texture marked for update but image is incomplete @ https://app.spline.design/assets/chunks/chunk-C1GBGJcI.js:4
[   76941ms] [WARNING] THREE.WebGLRenderer: Texture marked for update but image is incomplete @ https://app.spline.design/assets/chunks/chunk-C1GBGJcI.js:4
[   76955ms] [WARNING] THREE.WebGLRenderer: Texture marked for update but image is incomplete @ https://app.spline.design/assets/chunks/chunk-C1GBGJcI.js:4
[   76969ms] [WARNING] THREE.WebGLRenderer: Texture marked for update but image is incomplete @ https://app.spline.design/assets/chunks/chunk-C1GBGJcI.js:4
[   76981ms] [WARNING] THREE.WebGLRenderer: Texture marked for update but image is incomplete @ https://app.spline.design/assets/chunks/chunk-C1GBGJcI.js:4
[   76995ms] [WARNING] THREE.WebGLRenderer: Texture marked for update but image is incomplete @ https://app.spline.design/assets/chunks/chunk-C1GBGJcI.js:4
[   77008ms] [WARNING] THREE.WebGLRenderer: Texture marked for update but image is incomplete @ https://app.spline.design/assets/chunks/chunk-C1GBGJcI.js:4
[   77021ms] [WARNING] THREE.WebGLRenderer: Texture marked for update but image is incomplete @ https://app.spline.design/assets/chunks/chunk-C1GBGJcI.js:4
[   77035ms] [WARNING] THREE.WebGLRenderer: Texture marked for update but image is incomplete @ https://app.spline.design/assets/chunks/chunk-C1GBGJcI.js:4
[   77048ms] [WARNING] THREE.WebGLRenderer: Texture marked for update but image is incomplete @ https://app.spline.design/assets/chunks/chunk-C1GBGJcI.js:4
[   77061ms] [WARNING] THREE.WebGLRenderer: Texture marked for update but image is incomplete @ https://app.spline.design/assets/chunks/chunk-C1GBGJcI.js:4
[   77074ms] [WARNING] THREE.WebGLRenderer: Texture marked for update but image is incomplete @ https://app.spline.design/assets/chunks/chunk-C1GBGJcI.js:4
[   77087ms] [WARNING] THREE.WebGLRenderer: Texture marked for update but image is incomplete @ https://app.spline.design/assets/chunks/chunk-C1GBGJcI.js:4
[   77102ms] [WARNING] THREE.WebGLRenderer: Texture marked for update but image is incomplete @ https://app.spline.design/assets/chunks/chunk-C1GBGJcI.js:4
[   77115ms] [WARNING] THREE.WebGLRenderer: Texture marked for update but image is incomplete @ https://app.spline.design/assets/chunks/chunk-C1GBGJcI.js:4
[   77128ms] [WARNING] THREE.WebGLRenderer: Texture marked for update but image is incomplete @ https://app.spline.design/assets/chunks/chunk-C1GBGJcI.js:4
[   77141ms] [WARNING] THREE.WebGLRenderer: Texture marked for update but image is incomplete @ https://app.spline.design/assets/chunks/chunk-C1GBGJcI.js:4
[   77155ms] [WARNING] THREE.WebGLRenderer: Texture marked for update but image is incomplete @ https://app.spline.design/assets/chunks/chunk-C1GBGJcI.js:4
[   77168ms] [WARNING] THREE.WebGLRenderer: Texture marked for update but image is incomplete @ https://app.spline.design/assets/chunks/chunk-C1GBGJcI.js:4
[   77180ms] [WARNING] THREE.WebGLRenderer: Texture marked for update but image is incomplete @ https://app.spline.design/assets/chunks/chunk-C1GBGJcI.js:4
[   77195ms] [WARNING] THREE.WebGLRenderer: Texture marked for update but image is incomplete @ https://app.spline.design/assets/chunks/chunk-C1GBGJcI.js:4
[   77209ms] [WARNING] THREE.WebGLRenderer: Texture marked for update but image is incomplete @ https://app.spline.design/assets/chunks/chunk-C1GBGJcI.js:4
[   77221ms] [WARNING] THREE.WebGLRenderer: Texture marked for update but image is incomplete @ https://app.spline.design/assets/chunks/chunk-C1GBGJcI.js:4
[   77235ms] [WARNING] THREE.WebGLRenderer: Texture marked for update but image is incomplete @ https://app.spline.design/assets/chunks/chunk-C1GBGJcI.js:4
[   77248ms] [WARNING] THREE.WebGLRenderer: Texture marked for update but image is incomplete @ https://app.spline.design/assets/chunks/chunk-C1GBGJcI.js:4
[   77261ms] [WARNING] THREE.WebGLRenderer: Texture marked for update but image is incomplete @ https://app.spline.design/assets/chunks/chunk-C1GBGJcI.js:4
[   77274ms] [WARNING] THREE.WebGLRenderer: Texture marked for update but image is incomplete @ https://app.spline.design/assets/chunks/chunk-C1GBGJcI.js:4
[   77287ms] [WARNING] THREE.WebGLRenderer: Texture marked for update but image is incomplete @ https://app.spline.design/assets/chunks/chunk-C1GBGJcI.js:4
[   77302ms] [WARNING] THREE.WebGLRenderer: Texture marked for update but image is incomplete @ https://app.spline.design/assets/chunks/chunk-C1GBGJcI.js:4
[   77315ms] [WARNING] THREE.WebGLRenderer: Texture marked for update but image is incomplete @ https://app.spline.design/assets/chunks/chunk-C1GBGJcI.js:4
[   77328ms] [WARNING] THREE.WebGLRenderer: Texture marked for update but image is incomplete @ https://app.spline.design/assets/chunks/chunk-C1GBGJcI.js:4
[   77342ms] [WARNING] THREE.WebGLRenderer: Texture marked for update but image is incomplete @ https://app.spline.design/assets/chunks/chunk-C1GBGJcI.js:4
[   77354ms] [WARNING] THREE.WebGLRenderer: Texture marked for update but image is incomplete @ https://app.spline.design/assets/chunks/chunk-C1GBGJcI.js:4
[   77368ms] [WARNING] THREE.WebGLRenderer: Texture marked for update but image is incomplete @ https://app.spline.design/assets/chunks/chunk-C1GBGJcI.js:4
[   77381ms] [WARNING] THREE.WebGLRenderer: Texture marked for update but image is incomplete @ https://app.spline.design/assets/chunks/chunk-C1GBGJcI.js:4
[   77394ms] [WARNING] THREE.WebGLRenderer: Texture marked for update but image is incomplete @ https://app.spline.design/assets/chunks/chunk-C1GBGJcI.js:4
[   77407ms] [WARNING] THREE.WebGLRenderer: Texture marked for update but image is incomplete @ https://app.spline.design/assets/chunks/chunk-C1GBGJcI.js:4
[   77421ms] [WARNING] THREE.WebGLRenderer: Texture marked for update but image is incomplete @ https://app.spline.design/assets/chunks/chunk-C1GBGJcI.js:4
[   77435ms] [WARNING] THREE.WebGLRenderer: Texture marked for update but image is incomplete @ https://app.spline.design/assets/chunks/chunk-C1GBGJcI.js:4
[   77449ms] [WARNING] THREE.WebGLRenderer: Texture marked for update but image is incomplete @ https://app.spline.design/assets/chunks/chunk-C1GBGJcI.js:4
[   77462ms] [WARNING] THREE.WebGLRenderer: Texture marked for update but image is incomplete @ https://app.spline.design/assets/chunks/chunk-C1GBGJcI.js:4
[   77474ms] [WARNING] THREE.WebGLRenderer: Texture marked for update but image is incomplete @ https://app.spline.design/assets/chunks/chunk-C1GBGJcI.js:4
[   77487ms] [WARNING] THREE.WebGLRenderer: Texture marked for update but image is incomplete @ https://app.spline.design/assets/chunks/chunk-C1GBGJcI.js:4
[   77501ms] [WARNING] THREE.WebGLRenderer: Texture marked for update but image is incomplete @ https://app.spline.design/assets/chunks/chunk-C1GBGJcI.js:4
[   77515ms] [WARNING] THREE.WebGLRenderer: Texture marked for update but image is incomplete @ https://app.spline.design/assets/chunks/chunk-C1GBGJcI.js:4
[   77528ms] [WARNING] THREE.WebGLRenderer: Texture marked for update but image is incomplete @ https://app.spline.design/assets/chunks/chunk-C1GBGJcI.js:4
[   77541ms] [WARNING] THREE.WebGLRenderer: Texture marked for update but image is incomplete @ https://app.spline.design/assets/chunks/chunk-C1GBGJcI.js:4
[   77556ms] [WARNING] THREE.WebGLRenderer: Texture marked for update but image is incomplete @ https://app.spline.design/assets/chunks/chunk-C1GBGJcI.js:4
[   77567ms] [WARNING] THREE.WebGLRenderer: Texture marked for update but image is incomplete @ https://app.spline.design/assets/chunks/chunk-C1GBGJcI.js:4
[   77581ms] [WARNING] THREE.WebGLRenderer: Texture marked for update but image is incomplete @ https://app.spline.design/assets/chunks/chunk-C1GBGJcI.js:4
[   77595ms] [WARNING] THREE.WebGLRenderer: Texture marked for update but image is incomplete @ https://app.spline.design/assets/chunks/chunk-C1GBGJcI.js:4
[   77607ms] [WARNING] THREE.WebGLRenderer: Texture marked for update but image is incomplete @ https://app.spline.design/assets/chunks/chunk-C1GBGJcI.js:4
[   77622ms] [WARNING] THREE.WebGLRenderer: Texture marked for update but image is incomplete @ https://app.spline.design/assets/chunks/chunk-C1GBGJcI.js:4
[   77635ms] [WARNING] THREE.WebGLRenderer: Texture marked for update but image is incomplete @ https://app.spline.design/assets/chunks/chunk-C1GBGJcI.js:4
[   77648ms] [WARNING] THREE.WebGLRenderer: Texture marked for update but image is incomplete @ https://app.spline.design/assets/chunks/chunk-C1GBGJcI.js:4
[   77661ms] [WARNING] THREE.WebGLRenderer: Texture marked for update but image is incomplete @ https://app.spline.design/assets/chunks/chunk-C1GBGJcI.js:4
[   77675ms] [WARNING] THREE.WebGLRenderer: Texture marked for update but image is incomplete @ https://app.spline.design/assets/chunks/chunk-C1GBGJcI.js:4
[   77688ms] [WARNING] THREE.WebGLRenderer: Texture marked for update but image is incomplete @ https://app.spline.design/assets/chunks/chunk-C1GBGJcI.js:4
[   77702ms] [WARNING] THREE.WebGLRenderer: Texture marked for update but image is incomplete @ https://app.spline.design/assets/chunks/chunk-C1GBGJcI.js:4
[   77716ms] [WARNING] THREE.WebGLRenderer: Texture marked for update but image is incomplete @ https://app.spline.design/assets/chunks/chunk-C1GBGJcI.js:4
[   77728ms] [WARNING] THREE.WebGLRenderer: Texture marked for update but image is incomplete @ https://app.spline.design/assets/chunks/chunk-C1GBGJcI.js:4
[   77741ms] [WARNING] THREE.WebGLRenderer: Texture marked for update but image is incomplete @ https://app.spline.design/assets/chunks/chunk-C1GBGJcI.js:4
[   77756ms] [WARNING] THREE.WebGLRenderer: Texture marked for update but image is incomplete @ https://app.spline.design/assets/chunks/chunk-C1GBGJcI.js:4
[   77768ms] [WARNING] THREE.WebGLRenderer: Texture marked for update but image is incomplete @ https://app.spline.design/assets/chunks/chunk-C1GBGJcI.js:4
[   77780ms] [WARNING] THREE.WebGLRenderer: Texture marked for update but image is incomplete @ https://app.spline.design/assets/chunks/chunk-C1GBGJcI.js:4
[   77795ms] [WARNING] THREE.WebGLRenderer: Texture marked for update but image is incomplete @ https://app.spline.design/assets/chunks/chunk-C1GBGJcI.js:4
[   77808ms] [WARNING] THREE.WebGLRenderer: Texture marked for update but image is incomplete @ https://app.spline.design/assets/chunks/chunk-C1GBGJcI.js:4
[   77821ms] [WARNING] THREE.WebGLRenderer: Texture marked for update but image is incomplete @ https://app.spline.design/assets/chunks/chunk-C1GBGJcI.js:4
[   77835ms] [WARNING] THREE.WebGLRenderer: Texture marked for update but image is incomplete @ https://app.spline.design/assets/chunks/chunk-C1GBGJcI.js:4
[   77849ms] [WARNING] THREE.WebGLRenderer: Texture marked for update but image is incomplete @ https://app.spline.design/assets/chunks/chunk-C1GBGJcI.js:4
[   77862ms] [WARNING] THREE.WebGLRenderer: Texture marked for update but image is incomplete @ https://app.spline.design/assets/chunks/chunk-C1GBGJcI.js:4
[   77875ms] [WARNING] THREE.WebGLRenderer: Texture marked for update but image is incomplete @ https://app.spline.design/assets/chunks/chunk-C1GBGJcI.js:4
[   77888ms] [WARNING] THREE.WebGLRenderer: Texture marked for update but image is incomplete @ https://app.spline.design/assets/chunks/chunk-C1GBGJcI.js:4
[   77901ms] [WARNING] THREE.WebGLRenderer: Texture marked for update but image is incomplete @ https://app.spline.design/assets/chunks/chunk-C1GBGJcI.js:4
[   77915ms] [WARNING] THREE.WebGLRenderer: Texture marked for update but image is incomplete @ https://app.spline.design/assets/chunks/chunk-C1GBGJcI.js:4
[   77928ms] [WARNING] THREE.WebGLRenderer: Texture marked for update but image is incomplete @ https://app.spline.design/assets/chunks/chunk-C1GBGJcI.js:4
[   77942ms] [WARNING] THREE.WebGLRenderer: Texture marked for update but image is incomplete @ https://app.spline.design/assets/chunks/chunk-C1GBGJcI.js:4
[   77955ms] [WARNING] THREE.WebGLRenderer: Texture marked for update but image is incomplete @ https://app.spline.design/assets/chunks/chunk-C1GBGJcI.js:4
[   77968ms] [WARNING] THREE.WebGLRenderer: Texture marked for update but image is incomplete @ https://app.spline.design/assets/chunks/chunk-C1GBGJcI.js:4
[   77981ms] [WARNING] THREE.WebGLRenderer: Texture marked for update but image is incomplete @ https://app.spline.design/assets/chunks/chunk-C1GBGJcI.js:4
[   77995ms] [WARNING] THREE.WebGLRenderer: Texture marked for update but image is incomplete @ https://app.spline.design/assets/chunks/chunk-C1GBGJcI.js:4
[   78008ms] [WARNING] THREE.WebGLRenderer: Texture marked for update but image is incomplete @ https://app.spline.design/assets/chunks/chunk-C1GBGJcI.js:4
[   78022ms] [WARNING] THREE.WebGLRenderer: Texture marked for update but image is incomplete @ https://app.spline.design/assets/chunks/chunk-C1GBGJcI.js:4
[   78034ms] [WARNING] THREE.WebGLRenderer: Texture marked for update but image is incomplete @ https://app.spline.design/assets/chunks/chunk-C1GBGJcI.js:4
[   78048ms] [WARNING] THREE.WebGLRenderer: Texture marked for update but image is incomplete @ https://app.spline.design/assets/chunks/chunk-C1GBGJcI.js:4
[   78062ms] [WARNING] THREE.WebGLRenderer: Texture marked for update but image is incomplete @ https://app.spline.design/assets/chunks/chunk-C1GBGJcI.js:4
[   78074ms] [WARNING] THREE.WebGLRenderer: Texture marked for update but image is incomplete @ https://app.spline.design/assets/chunks/chunk-C1GBGJcI.js:4
[   78089ms] [WARNING] THREE.WebGLRenderer: Texture marked for update but image is incomplete @ https://app.spline.design/assets/chunks/chunk-C1GBGJcI.js:4
[   78101ms] [WARNING] THREE.WebGLRenderer: Texture marked for update but image is incomplete @ https://app.spline.design/assets/chunks/chunk-C1GBGJcI.js:4
[   78114ms] [WARNING] THREE.WebGLRenderer: Texture marked for update but image is incomplete @ https://app.spline.design/assets/chunks/chunk-C1GBGJcI.js:4
[   78129ms] [WARNING] THREE.WebGLRenderer: Texture marked for update but image is incomplete @ https://app.spline.design/assets/chunks/chunk-C1GBGJcI.js:4
[   78142ms] [WARNING] THREE.WebGLRenderer: Texture marked for update but image is incomplete @ https://app.spline.design/assets/chunks/chunk-C1GBGJcI.js:4
[   78155ms] [WARNING] THREE.WebGLRenderer: Texture marked for update but image is incomplete @ https://app.spline.design/assets/chunks/chunk-C1GBGJcI.js:4
[   78168ms] [WARNING] THREE.WebGLRenderer: Texture marked for update but image is incomplete @ https://app.spline.design/assets/chunks/chunk-C1GBGJcI.js:4
[   78181ms] [WARNING] THREE.WebGLRenderer: Texture marked for update but image is incomplete @ https://app.spline.design/assets/chunks/chunk-C1GBGJcI.js:4
[   78194ms] [WARNING] THREE.WebGLRenderer: Texture marked for update but image is incomplete @ https://app.spline.design/assets/chunks/chunk-C1GBGJcI.js:4
[   78208ms] [WARNING] THREE.WebGLRenderer: Texture marked for update but image is incomplete @ https://app.spline.design/assets/chunks/chunk-C1GBGJcI.js:4
[   78221ms] [WARNING] THREE.WebGLRenderer: Texture marked for update but image is incomplete @ https://app.spline.design/assets/chunks/chunk-C1GBGJcI.js:4
[   78236ms] [WARNING] THREE.WebGLRenderer: Texture marked for update but image is incomplete @ https://app.spline.design/assets/chunks/chunk-C1GBGJcI.js:4
[   78249ms] [WARNING] THREE.WebGLRenderer: Texture marked for update but image is incomplete @ https://app.spline.design/assets/chunks/chunk-C1GBGJcI.js:4
[   78263ms] [WARNING] THREE.WebGLRenderer: Texture marked for update but image is incomplete @ https://app.spline.design/assets/chunks/chunk-C1GBGJcI.js:4
[   78275ms] [WARNING] THREE.WebGLRenderer: Texture marked for update but image is incomplete @ https://app.spline.design/assets/chunks/chunk-C1GBGJcI.js:4
[   78288ms] [WARNING] THREE.WebGLRenderer: Texture marked for update but image is incomplete @ https://app.spline.design/assets/chunks/chunk-C1GBGJcI.js:4
[   78302ms] [WARNING] THREE.WebGLRenderer: Texture marked for update but image is incomplete @ https://app.spline.design/assets/chunks/chunk-C1GBGJcI.js:4
[   78315ms] [WARNING] THREE.WebGLRenderer: Texture marked for update but image is incomplete @ https://app.spline.design/assets/chunks/chunk-C1GBGJcI.js:4
[   78328ms] [WARNING] THREE.WebGLRenderer: Texture marked for update but image is incomplete @ https://app.spline.design/assets/chunks/chunk-C1GBGJcI.js:4
[   78341ms] [WARNING] THREE.WebGLRenderer: Texture marked for update but image is incomplete @ https://app.spline.design/assets/chunks/chunk-C1GBGJcI.js:4
[   78356ms] [WARNING] THREE.WebGLRenderer: Texture marked for update but image is incomplete @ https://app.spline.design/assets/chunks/chunk-C1GBGJcI.js:4
[   78368ms] [WARNING] THREE.WebGLRenderer: Texture marked for update but image is incomplete @ https://app.spline.design/assets/chunks/chunk-C1GBGJcI.js:4
[   78381ms] [WARNING] THREE.WebGLRenderer: Texture marked for update but image is incomplete @ https://app.spline.design/assets/chunks/chunk-C1GBGJcI.js:4
[   78395ms] [WARNING] THREE.WebGLRenderer: Texture marked for update but image is incomplete @ https://app.spline.design/assets/chunks/chunk-C1GBGJcI.js:4
[   78408ms] [WARNING] THREE.WebGLRenderer: Texture marked for update but image is incomplete @ https://app.spline.design/assets/chunks/chunk-C1GBGJcI.js:4
[   78422ms] [WARNING] THREE.WebGLRenderer: Texture marked for update but image is incomplete @ https://app.spline.design/assets/chunks/chunk-C1GBGJcI.js:4
[   78435ms] [WARNING] THREE.WebGLRenderer: Texture marked for update but image is incomplete @ https://app.spline.design/assets/chunks/chunk-C1GBGJcI.js:4
[   78449ms] [WARNING] THREE.WebGLRenderer: Texture marked for update but image is incomplete @ https://app.spline.design/assets/chunks/chunk-C1GBGJcI.js:4
[   78462ms] [WARNING] THREE.WebGLRenderer: Texture marked for update but image is incomplete @ https://app.spline.design/assets/chunks/chunk-C1GBGJcI.js:4
[   78476ms] [WARNING] THREE.WebGLRenderer: Texture marked for update but image is incomplete @ https://app.spline.design/assets/chunks/chunk-C1GBGJcI.js:4
[   78489ms] [WARNING] THREE.WebGLRenderer: Texture marked for update but image is incomplete @ https://app.spline.design/assets/chunks/chunk-C1GBGJcI.js:4
[   78501ms] [WARNING] THREE.WebGLRenderer: Texture marked for update but image is incomplete @ https://app.spline.design/assets/chunks/chunk-C1GBGJcI.js:4
[   78516ms] [WARNING] THREE.WebGLRenderer: Texture marked for update but image is incomplete @ https://app.spline.design/assets/chunks/chunk-C1GBGJcI.js:4
[   78528ms] [WARNING] THREE.WebGLRenderer: Texture marked for update but image is incomplete @ https://app.spline.design/assets/chunks/chunk-C1GBGJcI.js:4
[   78541ms] [WARNING] THREE.WebGLRenderer: Texture marked for update but image is incomplete @ https://app.spline.design/assets/chunks/chunk-C1GBGJcI.js:4
[   78554ms] [WARNING] THREE.WebGLRenderer: Texture marked for update but image is incomplete @ https://app.spline.design/assets/chunks/chunk-C1GBGJcI.js:4
[   78568ms] [WARNING] THREE.WebGLRenderer: Texture marked for update but image is incomplete @ https://app.spline.design/assets/chunks/chunk-C1GBGJcI.js:4
[   78583ms] [WARNING] THREE.WebGLRenderer: Texture marked for update but image is incomplete @ https://app.spline.design/assets/chunks/chunk-C1GBGJcI.js:4
[   78596ms] [WARNING] THREE.WebGLRenderer: Texture marked for update but image is incomplete @ https://app.spline.design/assets/chunks/chunk-C1GBGJcI.js:4
[   78609ms] [WARNING] THREE.WebGLRenderer: Texture marked for update but image is incomplete @ https://app.spline.design/assets/chunks/chunk-C1GBGJcI.js:4
[   78623ms] [WARNING] THREE.WebGLRenderer: Texture marked for update but image is incomplete @ https://app.spline.design/assets/chunks/chunk-C1GBGJcI.js:4
[   78636ms] [WARNING] THREE.WebGLRenderer: Texture marked for update but image is incomplete @ https://app.spline.design/assets/chunks/chunk-C1GBGJcI.js:4
[   78649ms] [WARNING] THREE.WebGLRenderer: Texture marked for update but image is incomplete @ https://app.spline.design/assets/chunks/chunk-C1GBGJcI.js:4
[   78661ms] [WARNING] THREE.WebGLRenderer: Texture marked for update but image is incomplete @ https://app.spline.design/assets/chunks/chunk-C1GBGJcI.js:4
[   78675ms] [WARNING] THREE.WebGLRenderer: Texture marked for update but image is incomplete @ https://app.spline.design/assets/chunks/chunk-C1GBGJcI.js:4
[   78688ms] [WARNING] THREE.WebGLRenderer: Texture marked for update but image is incomplete @ https://app.spline.design/assets/chunks/chunk-C1GBGJcI.js:4
[   78702ms] [WARNING] THREE.WebGLRenderer: Texture marked for update but image is incomplete @ https://app.spline.design/assets/chunks/chunk-C1GBGJcI.js:4
[   78716ms] [WARNING] THREE.WebGLRenderer: Texture marked for update but image is incomplete @ https://app.spline.design/assets/chunks/chunk-C1GBGJcI.js:4
[   78729ms] [WARNING] THREE.WebGLRenderer: Texture marked for update but image is incomplete @ https://app.spline.design/assets/chunks/chunk-C1GBGJcI.js:4
[   78741ms] [WARNING] THREE.WebGLRenderer: Texture marked for update but image is incomplete @ https://app.spline.design/assets/chunks/chunk-C1GBGJcI.js:4
[   78755ms] [WARNING] THREE.WebGLRenderer: Texture marked for update but image is incomplete @ https://app.spline.design/assets/chunks/chunk-C1GBGJcI.js:4
[   78768ms] [WARNING] THREE.WebGLRenderer: Texture marked for update but image is incomplete @ https://app.spline.design/assets/chunks/chunk-C1GBGJcI.js:4
[   78781ms] [WARNING] THREE.WebGLRenderer: Texture marked for update but image is incomplete @ https://app.spline.design/assets/chunks/chunk-C1GBGJcI.js:4
[   78796ms] [WARNING] THREE.WebGLRenderer: Texture marked for update but image is incomplete @ https://app.spline.design/assets/chunks/chunk-C1GBGJcI.js:4
[   78809ms] [WARNING] THREE.WebGLRenderer: Texture marked for update but image is incomplete @ https://app.spline.design/assets/chunks/chunk-C1GBGJcI.js:4
[   78821ms] [WARNING] THREE.WebGLRenderer: Texture marked for update but image is incomplete @ https://app.spline.design/assets/chunks/chunk-C1GBGJcI.js:4
[   78835ms] [WARNING] THREE.WebGLRenderer: Texture marked for update but image is incomplete @ https://app.spline.design/assets/chunks/chunk-C1GBGJcI.js:4
[   78849ms] [WARNING] THREE.WebGLRenderer: Texture marked for update but image is incomplete @ https://app.spline.design/assets/chunks/chunk-C1GBGJcI.js:4
[   78862ms] [WARNING] THREE.WebGLRenderer: Texture marked for update but image is incomplete @ https://app.spline.design/assets/chunks/chunk-C1GBGJcI.js:4
[   78875ms] [WARNING] THREE.WebGLRenderer: Texture marked for update but image is incomplete @ https://app.spline.design/assets/chunks/chunk-C1GBGJcI.js:4
[   78888ms] [WARNING] THREE.WebGLRenderer: Texture marked for update but image is incomplete @ https://app.spline.design/assets/chunks/chunk-C1GBGJcI.js:4
[   78901ms] [WARNING] THREE.WebGLRenderer: Texture marked for update but image is incomplete @ https://app.spline.design/assets/chunks/chunk-C1GBGJcI.js:4
[   78915ms] [WARNING] THREE.WebGLRenderer: Texture marked for update but image is incomplete @ https://app.spline.design/assets/chunks/chunk-C1GBGJcI.js:4
[   78928ms] [WARNING] THREE.WebGLRenderer: Texture marked for update but image is incomplete @ https://app.spline.design/assets/chunks/chunk-C1GBGJcI.js:4
[   78941ms] [WARNING] THREE.WebGLRenderer: Texture marked for update but image is incomplete @ https://app.spline.design/assets/chunks/chunk-C1GBGJcI.js:4
[   78956ms] [WARNING] THREE.WebGLRenderer: Texture marked for update but image is incomplete @ https://app.spline.design/assets/chunks/chunk-C1GBGJcI.js:4
[   78969ms] [WARNING] THREE.WebGLRenderer: Texture marked for update but image is incomplete @ https://app.spline.design/assets/chunks/chunk-C1GBGJcI.js:4
[   78983ms] [WARNING] THREE.WebGLRenderer: Texture marked for update but image is incomplete @ https://app.spline.design/assets/chunks/chunk-C1GBGJcI.js:4
[   78994ms] [WARNING] THREE.WebGLRenderer: Texture marked for update but image is incomplete @ https://app.spline.design/assets/chunks/chunk-C1GBGJcI.js:4
[   79009ms] [WARNING] THREE.WebGLRenderer: Texture marked for update but image is incomplete @ https://app.spline.design/assets/chunks/chunk-C1GBGJcI.js:4
[   79022ms] [WARNING] THREE.WebGLRenderer: Texture marked for update but image is incomplete @ https://app.spline.design/assets/chunks/chunk-C1GBGJcI.js:4
[   79035ms] [WARNING] THREE.WebGLRenderer: Texture marked for update but image is incomplete @ https://app.spline.design/assets/chunks/chunk-C1GBGJcI.js:4
[   79049ms] [WARNING] THREE.WebGLRenderer: Texture marked for update but image is incomplete @ https://app.spline.design/assets/chunks/chunk-C1GBGJcI.js:4
[   79062ms] [WARNING] THREE.WebGLRenderer: Texture marked for update but image is incomplete @ https://app.spline.design/assets/chunks/chunk-C1GBGJcI.js:4
[   79075ms] [WARNING] THREE.WebGLRenderer: Texture marked for update but image is incomplete @ https://app.spline.design/assets/chunks/chunk-C1GBGJcI.js:4
[   79089ms] [WARNING] THREE.WebGLRenderer: Texture marked for update but image is incomplete @ https://app.spline.design/assets/chunks/chunk-C1GBGJcI.js:4
[   79102ms] [WARNING] THREE.WebGLRenderer: Texture marked for update but image is incomplete @ https://app.spline.design/assets/chunks/chunk-C1GBGJcI.js:4
[   79116ms] [WARNING] THREE.WebGLRenderer: Texture marked for update but image is incomplete @ https://app.spline.design/assets/chunks/chunk-C1GBGJcI.js:4
[   79128ms] [WARNING] THREE.WebGLRenderer: Texture marked for update but image is incomplete @ https://app.spline.design/assets/chunks/chunk-C1GBGJcI.js:4
[   79142ms] [WARNING] THREE.WebGLRenderer: Texture marked for update but image is incomplete @ https://app.spline.design/assets/chunks/chunk-C1GBGJcI.js:4
[   79155ms] [WARNING] THREE.WebGLRenderer: Texture marked for update but image is incomplete @ https://app.spline.design/assets/chunks/chunk-C1GBGJcI.js:4
[   79168ms] [WARNING] THREE.WebGLRenderer: Texture marked for update but image is incomplete @ https://app.spline.design/assets/chunks/chunk-C1GBGJcI.js:4
[   79183ms] [WARNING] THREE.WebGLRenderer: Texture marked for update but image is incomplete @ https://app.spline.design/assets/chunks/chunk-C1GBGJcI.js:4
[   79195ms] [WARNING] THREE.WebGLRenderer: Texture marked for update but image is incomplete @ https://app.spline.design/assets/chunks/chunk-C1GBGJcI.js:4
[   79208ms] [WARNING] THREE.WebGLRenderer: Texture marked for update but image is incomplete @ https://app.spline.design/assets/chunks/chunk-C1GBGJcI.js:4
[   79222ms] [WARNING] THREE.WebGLRenderer: Texture marked for update but image is incomplete @ https://app.spline.design/assets/chunks/chunk-C1GBGJcI.js:4
[   79235ms] [WARNING] THREE.WebGLRenderer: Texture marked for update but image is incomplete @ https://app.spline.design/assets/chunks/chunk-C1GBGJcI.js:4
[   79248ms] [WARNING] THREE.WebGLRenderer: Texture marked for update but image is incomplete @ https://app.spline.design/assets/chunks/chunk-C1GBGJcI.js:4
[   79263ms] [WARNING] THREE.WebGLRenderer: Texture marked for update but image is incomplete @ https://app.spline.design/assets/chunks/chunk-C1GBGJcI.js:4
[   79275ms] [WARNING] THREE.WebGLRenderer: Texture marked for update but image is incomplete @ https://app.spline.design/assets/chunks/chunk-C1GBGJcI.js:4
[   79288ms] [WARNING] THREE.WebGLRenderer: Texture marked for update but image is incomplete @ https://app.spline.design/assets/chunks/chunk-C1GBGJcI.js:4
[   79302ms] [WARNING] THREE.WebGLRenderer: Texture marked for update but image is incomplete @ https://app.spline.design/assets/chunks/chunk-C1GBGJcI.js:4
[   79315ms] [WARNING] THREE.WebGLRenderer: Texture marked for update but image is incomplete @ https://app.spline.design/assets/chunks/chunk-C1GBGJcI.js:4
[   79329ms] [WARNING] THREE.WebGLRenderer: Texture marked for update but image is incomplete @ https://app.spline.design/assets/chunks/chunk-C1GBGJcI.js:4
[   79341ms] [WARNING] THREE.WebGLRenderer: Texture marked for update but image is incomplete @ https://app.spline.design/assets/chunks/chunk-C1GBGJcI.js:4
[   79355ms] [WARNING] THREE.WebGLRenderer: Texture marked for update but image is incomplete @ https://app.spline.design/assets/chunks/chunk-C1GBGJcI.js:4
[   79368ms] [WARNING] THREE.WebGLRenderer: Texture marked for update but image is incomplete @ https://app.spline.design/assets/chunks/chunk-C1GBGJcI.js:4
[   79382ms] [WARNING] THREE.WebGLRenderer: Texture marked for update but image is incomplete @ https://app.spline.design/assets/chunks/chunk-C1GBGJcI.js:4
[   79395ms] [WARNING] THREE.WebGLRenderer: Texture marked for update but image is incomplete @ https://app.spline.design/assets/chunks/chunk-C1GBGJcI.js:4
[   79408ms] [WARNING] THREE.WebGLRenderer: Texture marked for update but image is incomplete @ https://app.spline.design/assets/chunks/chunk-C1GBGJcI.js:4
[   79422ms] [WARNING] THREE.WebGLRenderer: Texture marked for update but image is incomplete @ https://app.spline.design/assets/chunks/chunk-C1GBGJcI.js:4
[   79435ms] [WARNING] THREE.WebGLRenderer: Texture marked for update but image is incomplete @ https://app.spline.design/assets/chunks/chunk-C1GBGJcI.js:4
[   79448ms] [WARNING] THREE.WebGLRenderer: Texture marked for update but image is incomplete @ https://app.spline.design/assets/chunks/chunk-C1GBGJcI.js:4
[   79462ms] [WARNING] THREE.WebGLRenderer: Texture marked for update but image is incomplete @ https://app.spline.design/assets/chunks/chunk-C1GBGJcI.js:4
[   79475ms] [WARNING] THREE.WebGLRenderer: Texture marked for update but image is incomplete @ https://app.spline.design/assets/chunks/chunk-C1GBGJcI.js:4
[   79489ms] [WARNING] THREE.WebGLRenderer: Texture marked for update but image is incomplete @ https://app.spline.design/assets/chunks/chunk-C1GBGJcI.js:4
[   79502ms] [WARNING] THREE.WebGLRenderer: Texture marked for update but image is incomplete @ https://app.spline.design/assets/chunks/chunk-C1GBGJcI.js:4
[   79516ms] [WARNING] THREE.WebGLRenderer: Texture marked for update but image is incomplete @ https://app.spline.design/assets/chunks/chunk-C1GBGJcI.js:4
[   79529ms] [WARNING] THREE.WebGLRenderer: Texture marked for update but image is incomplete @ https://app.spline.design/assets/chunks/chunk-C1GBGJcI.js:4
[   79542ms] [WARNING] THREE.WebGLRenderer: Texture marked for update but image is incomplete @ https://app.spline.design/assets/chunks/chunk-C1GBGJcI.js:4
[   79556ms] [WARNING] THREE.WebGLRenderer: Texture marked for update but image is incomplete @ https://app.spline.design/assets/chunks/chunk-C1GBGJcI.js:4
[   79569ms] [WARNING] THREE.WebGLRenderer: Texture marked for update but image is incomplete @ https://app.spline.design/assets/chunks/chunk-C1GBGJcI.js:4
[   79582ms] [WARNING] THREE.WebGLRenderer: Texture marked for update but image is incomplete @ https://app.spline.design/assets/chunks/chunk-C1GBGJcI.js:4
[   79596ms] [WARNING] THREE.WebGLRenderer: Texture marked for update but image is incomplete @ https://app.spline.design/assets/chunks/chunk-C1GBGJcI.js:4
[   79608ms] [WARNING] THREE.WebGLRenderer: Texture marked for update but image is incomplete @ https://app.spline.design/assets/chunks/chunk-C1GBGJcI.js:4
[   79622ms] [WARNING] THREE.WebGLRenderer: Texture marked for update but image is incomplete @ https://app.spline.design/assets/chunks/chunk-C1GBGJcI.js:4
[   79636ms] [WARNING] THREE.WebGLRenderer: Texture marked for update but image is incomplete @ https://app.spline.design/assets/chunks/chunk-C1GBGJcI.js:4
[   79649ms] [WARNING] THREE.WebGLRenderer: Texture marked for update but image is incomplete @ https://app.spline.design/assets/chunks/chunk-C1GBGJcI.js:4
[   79662ms] [WARNING] THREE.WebGLRenderer: Texture marked for update but image is incomplete @ https://app.spline.design/assets/chunks/chunk-C1GBGJcI.js:4
[   79676ms] [WARNING] THREE.WebGLRenderer: Texture marked for update but image is incomplete @ https://app.spline.design/assets/chunks/chunk-C1GBGJcI.js:4
[   79689ms] [WARNING] THREE.WebGLRenderer: Texture marked for update but image is incomplete @ https://app.spline.design/assets/chunks/chunk-C1GBGJcI.js:4
[   79702ms] [WARNING] THREE.WebGLRenderer: Texture marked for update but image is incomplete @ https://app.spline.design/assets/chunks/chunk-C1GBGJcI.js:4
[   79715ms] [WARNING] THREE.WebGLRenderer: Texture marked for update but image is incomplete @ https://app.spline.design/assets/chunks/chunk-C1GBGJcI.js:4
[   79728ms] [WARNING] THREE.WebGLRenderer: Texture marked for update but image is incomplete @ https://app.spline.design/assets/chunks/chunk-C1GBGJcI.js:4
[   79742ms] [WARNING] THREE.WebGLRenderer: Texture marked for update but image is incomplete @ https://app.spline.design/assets/chunks/chunk-C1GBGJcI.js:4
[   79755ms] [WARNING] THREE.WebGLRenderer: Texture marked for update but image is incomplete @ https://app.spline.design/assets/chunks/chunk-C1GBGJcI.js:4
[   79769ms] [WARNING] THREE.WebGLRenderer: Texture marked for update but image is incomplete @ https://app.spline.design/assets/chunks/chunk-C1GBGJcI.js:4
[   79784ms] [WARNING] THREE.WebGLRenderer: Texture marked for update but image is incomplete @ https://app.spline.design/assets/chunks/chunk-C1GBGJcI.js:4
[   79796ms] [WARNING] THREE.WebGLRenderer: Texture marked for update but image is incomplete @ https://app.spline.design/assets/chunks/chunk-C1GBGJcI.js:4
[   79809ms] [WARNING] THREE.WebGLRenderer: Texture marked for update but image is incomplete @ https://app.spline.design/assets/chunks/chunk-C1GBGJcI.js:4
[   79822ms] [WARNING] THREE.WebGLRenderer: Texture marked for update but image is incomplete @ https://app.spline.design/assets/chunks/chunk-C1GBGJcI.js:4
[   79836ms] [WARNING] THREE.WebGLRenderer: Texture marked for update but image is incomplete @ https://app.spline.design/assets/chunks/chunk-C1GBGJcI.js:4
[   79848ms] [WARNING] THREE.WebGLRenderer: Texture marked for update but image is incomplete @ https://app.spline.design/assets/chunks/chunk-C1GBGJcI.js:4
[   79862ms] [WARNING] THREE.WebGLRenderer: Texture marked for update but image is incomplete @ https://app.spline.design/assets/chunks/chunk-C1GBGJcI.js:4
[   79875ms] [WARNING] THREE.WebGLRenderer: Texture marked for update but image is incomplete @ https://app.spline.design/assets/chunks/chunk-C1GBGJcI.js:4
[   79889ms] [WARNING] THREE.WebGLRenderer: Texture marked for update but image is incomplete @ https://app.spline.design/assets/chunks/chunk-C1GBGJcI.js:4
[   79902ms] [WARNING] THREE.WebGLRenderer: Texture marked for update but image is incomplete @ https://app.spline.design/assets/chunks/chunk-C1GBGJcI.js:4
[   79915ms] [WARNING] THREE.WebGLRenderer: Texture marked for update but image is incomplete @ https://app.spline.design/assets/chunks/chunk-C1GBGJcI.js:4
[   79929ms] [WARNING] THREE.WebGLRenderer: Texture marked for update but image is incomplete @ https://app.spline.design/assets/chunks/chunk-C1GBGJcI.js:4
[   79943ms] [WARNING] THREE.WebGLRenderer: Texture marked for update but image is incomplete @ https://app.spline.design/assets/chunks/chunk-C1GBGJcI.js:4
[   79955ms] [WARNING] THREE.WebGLRenderer: Texture marked for update but image is incomplete @ https://app.spline.design/assets/chunks/chunk-C1GBGJcI.js:4
[   79969ms] [WARNING] THREE.WebGLRenderer: Texture marked for update but image is incomplete @ https://app.spline.design/assets/chunks/chunk-C1GBGJcI.js:4
[   79982ms] [WARNING] THREE.WebGLRenderer: Texture marked for update but image is incomplete @ https://app.spline.design/assets/chunks/chunk-C1GBGJcI.js:4
[   79996ms] [WARNING] THREE.WebGLRenderer: Texture marked for update but image is incomplete @ https://app.spline.design/assets/chunks/chunk-C1GBGJcI.js:4
[   80009ms] [WARNING] THREE.WebGLRenderer: Texture marked for update but image is incomplete @ https://app.spline.design/assets/chunks/chunk-C1GBGJcI.js:4
[   80022ms] [WARNING] THREE.WebGLRenderer: Texture marked for update but image is incomplete @ https://app.spline.design/assets/chunks/chunk-C1GBGJcI.js:4
[   80036ms] [WARNING] THREE.WebGLRenderer: Texture marked for update but image is incomplete @ https://app.spline.design/assets/chunks/chunk-C1GBGJcI.js:4
[   80049ms] [WARNING] THREE.WebGLRenderer: Texture marked for update but image is incomplete @ https://app.spline.design/assets/chunks/chunk-C1GBGJcI.js:4
[   80062ms] [WARNING] THREE.WebGLRenderer: Texture marked for update but image is incomplete @ https://app.spline.design/assets/chunks/chunk-C1GBGJcI.js:4
[   80075ms] [WARNING] THREE.WebGLRenderer: Texture marked for update but image is incomplete @ https://app.spline.design/assets/chunks/chunk-C1GBGJcI.js:4
[   80089ms] [WARNING] THREE.WebGLRenderer: Texture marked for update but image is incomplete @ https://app.spline.design/assets/chunks/chunk-C1GBGJcI.js:4
[   80103ms] [WARNING] THREE.WebGLRenderer: Texture marked for update but image is incomplete @ https://app.spline.design/assets/chunks/chunk-C1GBGJcI.js:4
[   80116ms] [WARNING] THREE.WebGLRenderer: Texture marked for update but image is incomplete @ https://app.spline.design/assets/chunks/chunk-C1GBGJcI.js:4
[   80128ms] [WARNING] THREE.WebGLRenderer: Texture marked for update but image is incomplete @ https://app.spline.design/assets/chunks/chunk-C1GBGJcI.js:4
[   80142ms] [WARNING] THREE.WebGLRenderer: Texture marked for update but image is incomplete @ https://app.spline.design/assets/chunks/chunk-C1GBGJcI.js:4
[   80155ms] [WARNING] THREE.WebGLRenderer: Texture marked for update but image is incomplete @ https://app.spline.design/assets/chunks/chunk-C1GBGJcI.js:4
[   80169ms] [WARNING] THREE.WebGLRenderer: Texture marked for update but image is incomplete @ https://app.spline.design/assets/chunks/chunk-C1GBGJcI.js:4
[   80182ms] [WARNING] THREE.WebGLRenderer: Texture marked for update but image is incomplete @ https://app.spline.design/assets/chunks/chunk-C1GBGJcI.js:4
[   80195ms] [WARNING] THREE.WebGLRenderer: Texture marked for update but image is incomplete @ https://app.spline.design/assets/chunks/chunk-C1GBGJcI.js:4
[   80209ms] [WARNING] THREE.WebGLRenderer: Texture marked for update but image is incomplete @ https://app.spline.design/assets/chunks/chunk-C1GBGJcI.js:4
[   80221ms] [WARNING] THREE.WebGLRenderer: Texture marked for update but image is incomplete @ https://app.spline.design/assets/chunks/chunk-C1GBGJcI.js:4
[   80236ms] [WARNING] THREE.WebGLRenderer: Texture marked for update but image is incomplete @ https://app.spline.design/assets/chunks/chunk-C1GBGJcI.js:4
[   80249ms] [WARNING] THREE.WebGLRenderer: Texture marked for update but image is incomplete @ https://app.spline.design/assets/chunks/chunk-C1GBGJcI.js:4
[   80262ms] [WARNING] THREE.WebGLRenderer: Texture marked for update but image is incomplete @ https://app.spline.design/assets/chunks/chunk-C1GBGJcI.js:4
[   80275ms] [WARNING] THREE.WebGLRenderer: Texture marked for update but image is incomplete @ https://app.spline.design/assets/chunks/chunk-C1GBGJcI.js:4
[   80289ms] [WARNING] THREE.WebGLRenderer: Texture marked for update but image is incomplete @ https://app.spline.design/assets/chunks/chunk-C1GBGJcI.js:4
[   80302ms] [WARNING] THREE.WebGLRenderer: Texture marked for update but image is incomplete @ https://app.spline.design/assets/chunks/chunk-C1GBGJcI.js:4
[   80316ms] [WARNING] THREE.WebGLRenderer: Texture marked for update but image is incomplete @ https://app.spline.design/assets/chunks/chunk-C1GBGJcI.js:4
[   80330ms] [WARNING] THREE.WebGLRenderer: Texture marked for update but image is incomplete @ https://app.spline.design/assets/chunks/chunk-C1GBGJcI.js:4
[   80343ms] [WARNING] THREE.WebGLRenderer: Texture marked for update but image is incomplete @ https://app.spline.design/assets/chunks/chunk-C1GBGJcI.js:4
[   80356ms] [WARNING] THREE.WebGLRenderer: Texture marked for update but image is incomplete @ https://app.spline.design/assets/chunks/chunk-C1GBGJcI.js:4
[   80370ms] [WARNING] THREE.WebGLRenderer: Texture marked for update but image is incomplete @ https://app.spline.design/assets/chunks/chunk-C1GBGJcI.js:4
[   80382ms] [WARNING] THREE.WebGLRenderer: Texture marked for update but image is incomplete @ https://app.spline.design/assets/chunks/chunk-C1GBGJcI.js:4
[   80396ms] [WARNING] THREE.WebGLRenderer: Texture marked for update but image is incomplete @ https://app.spline.design/assets/chunks/chunk-C1GBGJcI.js:4
[   80409ms] [WARNING] THREE.WebGLRenderer: Texture marked for update but image is incomplete @ https://app.spline.design/assets/chunks/chunk-C1GBGJcI.js:4
[   80423ms] [WARNING] THREE.WebGLRenderer: Texture marked for update but image is incomplete @ https://app.spline.design/assets/chunks/chunk-C1GBGJcI.js:4
[   80435ms] [WARNING] THREE.WebGLRenderer: Texture marked for update but image is incomplete @ https://app.spline.design/assets/chunks/chunk-C1GBGJcI.js:4
[   80449ms] [WARNING] THREE.WebGLRenderer: Texture marked for update but image is incomplete @ https://app.spline.design/assets/chunks/chunk-C1GBGJcI.js:4
[   80463ms] [WARNING] THREE.WebGLRenderer: Texture marked for update but image is incomplete @ https://app.spline.design/assets/chunks/chunk-C1GBGJcI.js:4
[   80476ms] [WARNING] THREE.WebGLRenderer: Texture marked for update but image is incomplete @ https://app.spline.design/assets/chunks/chunk-C1GBGJcI.js:4
[   80489ms] [WARNING] THREE.WebGLRenderer: Texture marked for update but image is incomplete @ https://app.spline.design/assets/chunks/chunk-C1GBGJcI.js:4
[   80502ms] [WARNING] THREE.WebGLRenderer: Texture marked for update but image is incomplete @ https://app.spline.design/assets/chunks/chunk-C1GBGJcI.js:4
[   80516ms] [WARNING] THREE.WebGLRenderer: Texture marked for update but image is incomplete @ https://app.spline.design/assets/chunks/chunk-C1GBGJcI.js:4
[   80529ms] [WARNING] THREE.WebGLRenderer: Texture marked for update but image is incomplete @ https://app.spline.design/assets/chunks/chunk-C1GBGJcI.js:4
[   80542ms] [WARNING] THREE.WebGLRenderer: Texture marked for update but image is incomplete @ https://app.spline.design/assets/chunks/chunk-C1GBGJcI.js:4
[   80556ms] [WARNING] THREE.WebGLRenderer: Texture marked for update but image is incomplete @ https://app.spline.design/assets/chunks/chunk-C1GBGJcI.js:4
[   80569ms] [WARNING] THREE.WebGLRenderer: Texture marked for update but image is incomplete @ https://app.spline.design/assets/chunks/chunk-C1GBGJcI.js:4
[   80583ms] [WARNING] THREE.WebGLRenderer: Texture marked for update but image is incomplete @ https://app.spline.design/assets/chunks/chunk-C1GBGJcI.js:4
[   80596ms] [WARNING] THREE.WebGLRenderer: Texture marked for update but image is incomplete @ https://app.spline.design/assets/chunks/chunk-C1GBGJcI.js:4
[   80609ms] [WARNING] THREE.WebGLRenderer: Texture marked for update but image is incomplete @ https://app.spline.design/assets/chunks/chunk-C1GBGJcI.js:4
[   80623ms] [WARNING] THREE.WebGLRenderer: Texture marked for update but image is incomplete @ https://app.spline.design/assets/chunks/chunk-C1GBGJcI.js:4
[   80635ms] [WARNING] THREE.WebGLRenderer: Texture marked for update but image is incomplete @ https://app.spline.design/assets/chunks/chunk-C1GBGJcI.js:4
[   80650ms] [WARNING] THREE.WebGLRenderer: Texture marked for update but image is incomplete @ https://app.spline.design/assets/chunks/chunk-C1GBGJcI.js:4
[   80662ms] [WARNING] THREE.WebGLRenderer: Texture marked for update but image is incomplete @ https://app.spline.design/assets/chunks/chunk-C1GBGJcI.js:4
[   80675ms] [WARNING] THREE.WebGLRenderer: Texture marked for update but image is incomplete @ https://app.spline.design/assets/chunks/chunk-C1GBGJcI.js:4
[   80689ms] [WARNING] THREE.WebGLRenderer: Texture marked for update but image is incomplete @ https://app.spline.design/assets/chunks/chunk-C1GBGJcI.js:4
[   80702ms] [WARNING] THREE.WebGLRenderer: Texture marked for update but image is incomplete @ https://app.spline.design/assets/chunks/chunk-C1GBGJcI.js:4
[   80716ms] [WARNING] THREE.WebGLRenderer: Texture marked for update but image is incomplete @ https://app.spline.design/assets/chunks/chunk-C1GBGJcI.js:4
[   80729ms] [WARNING] THREE.WebGLRenderer: Texture marked for update but image is incomplete @ https://app.spline.design/assets/chunks/chunk-C1GBGJcI.js:4
[   80742ms] [WARNING] THREE.WebGLRenderer: Texture marked for update but image is incomplete @ https://app.spline.design/assets/chunks/chunk-C1GBGJcI.js:4
[   80756ms] [WARNING] THREE.WebGLRenderer: Texture marked for update but image is incomplete @ https://app.spline.design/assets/chunks/chunk-C1GBGJcI.js:4
[   80769ms] [WARNING] THREE.WebGLRenderer: Texture marked for update but image is incomplete @ https://app.spline.design/assets/chunks/chunk-C1GBGJcI.js:4
[   80783ms] [WARNING] THREE.WebGLRenderer: Texture marked for update but image is incomplete @ https://app.spline.design/assets/chunks/chunk-C1GBGJcI.js:4
[   80796ms] [WARNING] THREE.WebGLRenderer: Texture marked for update but image is incomplete @ https://app.spline.design/assets/chunks/chunk-C1GBGJcI.js:4
[   80810ms] [WARNING] THREE.WebGLRenderer: Texture marked for update but image is incomplete @ https://app.spline.design/assets/chunks/chunk-C1GBGJcI.js:4
[   80823ms] [WARNING] THREE.WebGLRenderer: Texture marked for update but image is incomplete @ https://app.spline.design/assets/chunks/chunk-C1GBGJcI.js:4
[   80836ms] [WARNING] THREE.WebGLRenderer: Texture marked for update but image is incomplete @ https://app.spline.design/assets/chunks/chunk-C1GBGJcI.js:4
[   80849ms] [WARNING] THREE.WebGLRenderer: Texture marked for update but image is incomplete @ https://app.spline.design/assets/chunks/chunk-C1GBGJcI.js:4
[   80862ms] [WARNING] THREE.WebGLRenderer: Texture marked for update but image is incomplete @ https://app.spline.design/assets/chunks/chunk-C1GBGJcI.js:4
[   80875ms] [WARNING] THREE.WebGLRenderer: Texture marked for update but image is incomplete @ https://app.spline.design/assets/chunks/chunk-C1GBGJcI.js:4
[   80889ms] [WARNING] THREE.WebGLRenderer: Texture marked for update but image is incomplete @ https://app.spline.design/assets/chunks/chunk-C1GBGJcI.js:4
[   80902ms] [WARNING] THREE.WebGLRenderer: Texture marked for update but image is incomplete @ https://app.spline.design/assets/chunks/chunk-C1GBGJcI.js:4
[   80916ms] [WARNING] THREE.WebGLRenderer: Texture marked for update but image is incomplete @ https://app.spline.design/assets/chunks/chunk-C1GBGJcI.js:4
[   80930ms] [WARNING] THREE.WebGLRenderer: Texture marked for update but image is incomplete @ https://app.spline.design/assets/chunks/chunk-C1GBGJcI.js:4
[   80942ms] [WARNING] THREE.WebGLRenderer: Texture marked for update but image is incomplete @ https://app.spline.design/assets/chunks/chunk-C1GBGJcI.js:4
[   80956ms] [WARNING] THREE.WebGLRenderer: Texture marked for update but image is incomplete @ https://app.spline.design/assets/chunks/chunk-C1GBGJcI.js:4
[   80969ms] [WARNING] THREE.WebGLRenderer: Texture marked for update but image is incomplete @ https://app.spline.design/assets/chunks/chunk-C1GBGJcI.js:4
[   80982ms] [WARNING] THREE.WebGLRenderer: Texture marked for update but image is incomplete @ https://app.spline.design/assets/chunks/chunk-C1GBGJcI.js:4
[   80995ms] [WARNING] THREE.WebGLRenderer: Texture marked for update but image is incomplete @ https://app.spline.design/assets/chunks/chunk-C1GBGJcI.js:4
[   81010ms] [WARNING] THREE.WebGLRenderer: Texture marked for update but image is incomplete @ https://app.spline.design/assets/chunks/chunk-C1GBGJcI.js:4
[   81023ms] [WARNING] THREE.WebGLRenderer: Texture marked for update but image is incomplete @ https://app.spline.design/assets/chunks/chunk-C1GBGJcI.js:4
[   81036ms] [WARNING] THREE.WebGLRenderer: Texture marked for update but image is incomplete @ https://app.spline.design/assets/chunks/chunk-C1GBGJcI.js:4
[   81049ms] [WARNING] THREE.WebGLRenderer: Texture marked for update but image is incomplete @ https://app.spline.design/assets/chunks/chunk-C1GBGJcI.js:4
[   81063ms] [WARNING] THREE.WebGLRenderer: Texture marked for update but image is incomplete @ https://app.spline.design/assets/chunks/chunk-C1GBGJcI.js:4
[   81076ms] [WARNING] THREE.WebGLRenderer: Texture marked for update but image is incomplete @ https://app.spline.design/assets/chunks/chunk-C1GBGJcI.js:4
[   81090ms] [WARNING] THREE.WebGLRenderer: Texture marked for update but image is incomplete @ https://app.spline.design/assets/chunks/chunk-C1GBGJcI.js:4
[   81103ms] [WARNING] THREE.WebGLRenderer: Texture marked for update but image is incomplete @ https://app.spline.design/assets/chunks/chunk-C1GBGJcI.js:4
[   81116ms] [WARNING] THREE.WebGLRenderer: Texture marked for update but image is incomplete @ https://app.spline.design/assets/chunks/chunk-C1GBGJcI.js:4
[   81129ms] [WARNING] THREE.WebGLRenderer: Texture marked for update but image is incomplete @ https://app.spline.design/assets/chunks/chunk-C1GBGJcI.js:4
[   81142ms] [WARNING] THREE.WebGLRenderer: Texture marked for update but image is incomplete @ https://app.spline.design/assets/chunks/chunk-C1GBGJcI.js:4
[   81156ms] [WARNING] THREE.WebGLRenderer: Texture marked for update but image is incomplete @ https://app.spline.design/assets/chunks/chunk-C1GBGJcI.js:4
[   81169ms] [WARNING] THREE.WebGLRenderer: Texture marked for update but image is incomplete @ https://app.spline.design/assets/chunks/chunk-C1GBGJcI.js:4
[   81183ms] [WARNING] THREE.WebGLRenderer: Texture marked for update but image is incomplete @ https://app.spline.design/assets/chunks/chunk-C1GBGJcI.js:4
[   81197ms] [WARNING] THREE.WebGLRenderer: Texture marked for update but image is incomplete @ https://app.spline.design/assets/chunks/chunk-C1GBGJcI.js:4
[   81209ms] [WARNING] THREE.WebGLRenderer: Texture marked for update but image is incomplete @ https://app.spline.design/assets/chunks/chunk-C1GBGJcI.js:4
[   81223ms] [WARNING] THREE.WebGLRenderer: Texture marked for update but image is incomplete @ https://app.spline.design/assets/chunks/chunk-C1GBGJcI.js:4
[   81237ms] [WARNING] THREE.WebGLRenderer: Texture marked for update but image is incomplete @ https://app.spline.design/assets/chunks/chunk-C1GBGJcI.js:4
[   81249ms] [WARNING] THREE.WebGLRenderer: Texture marked for update but image is incomplete @ https://app.spline.design/assets/chunks/chunk-C1GBGJcI.js:4
[   81263ms] [WARNING] THREE.WebGLRenderer: Texture marked for update but image is incomplete @ https://app.spline.design/assets/chunks/chunk-C1GBGJcI.js:4
[   81276ms] [WARNING] THREE.WebGLRenderer: Texture marked for update but image is incomplete @ https://app.spline.design/assets/chunks/chunk-C1GBGJcI.js:4
[   81289ms] [WARNING] THREE.WebGLRenderer: Texture marked for update but image is incomplete @ https://app.spline.design/assets/chunks/chunk-C1GBGJcI.js:4
[   81303ms] [WARNING] THREE.WebGLRenderer: Texture marked for update but image is incomplete @ https://app.spline.design/assets/chunks/chunk-C1GBGJcI.js:4
[   81317ms] [WARNING] THREE.WebGLRenderer: Texture marked for update but image is incomplete @ https://app.spline.design/assets/chunks/chunk-C1GBGJcI.js:4
[   81329ms] [WARNING] THREE.WebGLRenderer: Texture marked for update but image is incomplete @ https://app.spline.design/assets/chunks/chunk-C1GBGJcI.js:4
[   81343ms] [WARNING] THREE.WebGLRenderer: Texture marked for update but image is incomplete @ https://app.spline.design/assets/chunks/chunk-C1GBGJcI.js:4
[   81356ms] [WARNING] THREE.WebGLRenderer: Texture marked for update but image is incomplete @ https://app.spline.design/assets/chunks/chunk-C1GBGJcI.js:4
[   81369ms] [WARNING] THREE.WebGLRenderer: Texture marked for update but image is incomplete @ https://app.spline.design/assets/chunks/chunk-C1GBGJcI.js:4
[   81382ms] [WARNING] THREE.WebGLRenderer: Texture marked for update but image is incomplete @ https://app.spline.design/assets/chunks/chunk-C1GBGJcI.js:4
[   81395ms] [WARNING] THREE.WebGLRenderer: Texture marked for update but image is incomplete @ https://app.spline.design/assets/chunks/chunk-C1GBGJcI.js:4
[   81410ms] [WARNING] THREE.WebGLRenderer: Texture marked for update but image is incomplete @ https://app.spline.design/assets/chunks/chunk-C1GBGJcI.js:4
[   81423ms] [WARNING] THREE.WebGLRenderer: Texture marked for update but image is incomplete @ https://app.spline.design/assets/chunks/chunk-C1GBGJcI.js:4
[   81436ms] [WARNING] THREE.WebGLRenderer: Texture marked for update but image is incomplete @ https://app.spline.design/assets/chunks/chunk-C1GBGJcI.js:4
[   81449ms] [WARNING] THREE.WebGLRenderer: Texture marked for update but image is incomplete @ https://app.spline.design/assets/chunks/chunk-C1GBGJcI.js:4
[   81463ms] [WARNING] THREE.WebGLRenderer: Texture marked for update but image is incomplete @ https://app.spline.design/assets/chunks/chunk-C1GBGJcI.js:4
[   81476ms] [WARNING] THREE.WebGLRenderer: Texture marked for update but image is incomplete @ https://app.spline.design/assets/chunks/chunk-C1GBGJcI.js:4
[   81489ms] [WARNING] THREE.WebGLRenderer: Texture marked for update but image is incomplete @ https://app.spline.design/assets/chunks/chunk-C1GBGJcI.js:4
[   81502ms] [WARNING] THREE.WebGLRenderer: Texture marked for update but image is incomplete @ https://app.spline.design/assets/chunks/chunk-C1GBGJcI.js:4
[   81517ms] [WARNING] THREE.WebGLRenderer: Texture marked for update but image is incomplete @ https://app.spline.design/assets/chunks/chunk-C1GBGJcI.js:4
[   81530ms] [WARNING] THREE.WebGLRenderer: Texture marked for update but image is incomplete @ https://app.spline.design/assets/chunks/chunk-C1GBGJcI.js:4
[   81542ms] [WARNING] THREE.WebGLRenderer: Texture marked for update but image is incomplete @ https://app.spline.design/assets/chunks/chunk-C1GBGJcI.js:4
[   81557ms] [WARNING] THREE.WebGLRenderer: Texture marked for update but image is incomplete @ https://app.spline.design/assets/chunks/chunk-C1GBGJcI.js:4
[   81569ms] [WARNING] THREE.WebGLRenderer: Texture marked for update but image is incomplete @ https://app.spline.design/assets/chunks/chunk-C1GBGJcI.js:4
[   81583ms] [WARNING] THREE.WebGLRenderer: Texture marked for update but image is incomplete @ https://app.spline.design/assets/chunks/chunk-C1GBGJcI.js:4
[   81596ms] [WARNING] THREE.WebGLRenderer: Texture marked for update but image is incomplete @ https://app.spline.design/assets/chunks/chunk-C1GBGJcI.js:4
[   81609ms] [WARNING] THREE.WebGLRenderer: Texture marked for update but image is incomplete @ https://app.spline.design/assets/chunks/chunk-C1GBGJcI.js:4
[   81623ms] [WARNING] THREE.WebGLRenderer: Texture marked for update but image is incomplete @ https://app.spline.design/assets/chunks/chunk-C1GBGJcI.js:4
[   81637ms] [WARNING] THREE.WebGLRenderer: Texture marked for update but image is incomplete @ https://app.spline.design/assets/chunks/chunk-C1GBGJcI.js:4
[   81650ms] [WARNING] THREE.WebGLRenderer: Texture marked for update but image is incomplete @ https://app.spline.design/assets/chunks/chunk-C1GBGJcI.js:4
[   81662ms] [WARNING] THREE.WebGLRenderer: Texture marked for update but image is incomplete @ https://app.spline.design/assets/chunks/chunk-C1GBGJcI.js:4
[   81675ms] [WARNING] THREE.WebGLRenderer: Texture marked for update but image is incomplete @ https://app.spline.design/assets/chunks/chunk-C1GBGJcI.js:4
[   81690ms] [WARNING] THREE.WebGLRenderer: Texture marked for update but image is incomplete @ https://app.spline.design/assets/chunks/chunk-C1GBGJcI.js:4
[   81703ms] [WARNING] THREE.WebGLRenderer: Texture marked for update but image is incomplete @ https://app.spline.design/assets/chunks/chunk-C1GBGJcI.js:4
[   81717ms] [WARNING] THREE.WebGLRenderer: Texture marked for update but image is incomplete @ https://app.spline.design/assets/chunks/chunk-C1GBGJcI.js:4
[   81730ms] [WARNING] THREE.WebGLRenderer: Texture marked for update but image is incomplete @ https://app.spline.design/assets/chunks/chunk-C1GBGJcI.js:4
[   81743ms] [WARNING] THREE.WebGLRenderer: Texture marked for update but image is incomplete @ https://app.spline.design/assets/chunks/chunk-C1GBGJcI.js:4
[   81757ms] [WARNING] THREE.WebGLRenderer: Texture marked for update but image is incomplete @ https://app.spline.design/assets/chunks/chunk-C1GBGJcI.js:4
[   81769ms] [WARNING] THREE.WebGLRenderer: Texture marked for update but image is incomplete @ https://app.spline.design/assets/chunks/chunk-C1GBGJcI.js:4
[   81783ms] [WARNING] THREE.WebGLRenderer: Texture marked for update but image is incomplete @ https://app.spline.design/assets/chunks/chunk-C1GBGJcI.js:4
[   81796ms] [WARNING] THREE.WebGLRenderer: Texture marked for update but image is incomplete @ https://app.spline.design/assets/chunks/chunk-C1GBGJcI.js:4
[   81809ms] [WARNING] THREE.WebGLRenderer: Texture marked for update but image is incomplete @ https://app.spline.design/assets/chunks/chunk-C1GBGJcI.js:4
[   81822ms] [WARNING] THREE.WebGLRenderer: Texture marked for update but image is incomplete @ https://app.spline.design/assets/chunks/chunk-C1GBGJcI.js:4
[   81837ms] [WARNING] THREE.WebGLRenderer: Texture marked for update but image is incomplete @ https://app.spline.design/assets/chunks/chunk-C1GBGJcI.js:4
[   81849ms] [WARNING] THREE.WebGLRenderer: Texture marked for update but image is incomplete @ https://app.spline.design/assets/chunks/chunk-C1GBGJcI.js:4
[   81864ms] [WARNING] THREE.WebGLRenderer: Texture marked for update but image is incomplete @ https://app.spline.design/assets/chunks/chunk-C1GBGJcI.js:4
[   81877ms] [WARNING] THREE.WebGLRenderer: Texture marked for update but image is incomplete @ https://app.spline.design/assets/chunks/chunk-C1GBGJcI.js:4
[   81889ms] [WARNING] THREE.WebGLRenderer: Texture marked for update but image is incomplete @ https://app.spline.design/assets/chunks/chunk-C1GBGJcI.js:4
[   81903ms] [WARNING] THREE.WebGLRenderer: Texture marked for update but image is incomplete @ https://app.spline.design/assets/chunks/chunk-C1GBGJcI.js:4
[   81916ms] [WARNING] THREE.WebGLRenderer: Texture marked for update but image is incomplete @ https://app.spline.design/assets/chunks/chunk-C1GBGJcI.js:4
[   81930ms] [WARNING] THREE.WebGLRenderer: Texture marked for update but image is incomplete @ https://app.spline.design/assets/chunks/chunk-C1GBGJcI.js:4
[   81942ms] [WARNING] THREE.WebGLRenderer: Texture marked for update but image is incomplete @ https://app.spline.design/assets/chunks/chunk-C1GBGJcI.js:4
[   81957ms] [WARNING] THREE.WebGLRenderer: Texture marked for update but image is incomplete @ https://app.spline.design/assets/chunks/chunk-C1GBGJcI.js:4
[   81969ms] [WARNING] THREE.WebGLRenderer: Texture marked for update but image is incomplete @ https://app.spline.design/assets/chunks/chunk-C1GBGJcI.js:4
[   81983ms] [WARNING] THREE.WebGLRenderer: Texture marked for update but image is incomplete @ https://app.spline.design/assets/chunks/chunk-C1GBGJcI.js:4
[   81997ms] [WARNING] THREE.WebGLRenderer: Texture marked for update but image is incomplete @ https://app.spline.design/assets/chunks/chunk-C1GBGJcI.js:4
[   82009ms] [WARNING] THREE.WebGLRenderer: Texture marked for update but image is incomplete @ https://app.spline.design/assets/chunks/chunk-C1GBGJcI.js:4
[   82023ms] [WARNING] THREE.WebGLRenderer: Texture marked for update but image is incomplete @ https://app.spline.design/assets/chunks/chunk-C1GBGJcI.js:4
[   82036ms] [WARNING] THREE.WebGLRenderer: Texture marked for update but image is incomplete @ https://app.spline.design/assets/chunks/chunk-C1GBGJcI.js:4
[   82049ms] [WARNING] THREE.WebGLRenderer: Texture marked for update but image is incomplete @ https://app.spline.design/assets/chunks/chunk-C1GBGJcI.js:4
[   82062ms] [WARNING] THREE.WebGLRenderer: Texture marked for update but image is incomplete @ https://app.spline.design/assets/chunks/chunk-C1GBGJcI.js:4
[   82076ms] [WARNING] THREE.WebGLRenderer: Texture marked for update but image is incomplete @ https://app.spline.design/assets/chunks/chunk-C1GBGJcI.js:4
[   82090ms] [WARNING] THREE.WebGLRenderer: Texture marked for update but image is incomplete @ https://app.spline.design/assets/chunks/chunk-C1GBGJcI.js:4
[   82103ms] [WARNING] THREE.WebGLRenderer: Texture marked for update but image is incomplete @ https://app.spline.design/assets/chunks/chunk-C1GBGJcI.js:4
[   82116ms] [WARNING] THREE.WebGLRenderer: Texture marked for update but image is incomplete @ https://app.spline.design/assets/chunks/chunk-C1GBGJcI.js:4
[   82130ms] [WARNING] THREE.WebGLRenderer: Texture marked for update but image is incomplete @ https://app.spline.design/assets/chunks/chunk-C1GBGJcI.js:4
[   82144ms] [WARNING] THREE.WebGLRenderer: Texture marked for update but image is incomplete @ https://app.spline.design/assets/chunks/chunk-C1GBGJcI.js:4
[   82156ms] [WARNING] THREE.WebGLRenderer: Texture marked for update but image is incomplete @ https://app.spline.design/assets/chunks/chunk-C1GBGJcI.js:4
[   82170ms] [WARNING] THREE.WebGLRenderer: Texture marked for update but image is incomplete @ https://app.spline.design/assets/chunks/chunk-C1GBGJcI.js:4
[   82184ms] [WARNING] THREE.WebGLRenderer: Texture marked for update but image is incomplete @ https://app.spline.design/assets/chunks/chunk-C1GBGJcI.js:4
[   82196ms] [WARNING] THREE.WebGLRenderer: Texture marked for update but image is incomplete @ https://app.spline.design/assets/chunks/chunk-C1GBGJcI.js:4
[   82209ms] [WARNING] THREE.WebGLRenderer: Texture marked for update but image is incomplete @ https://app.spline.design/assets/chunks/chunk-C1GBGJcI.js:4
[   82223ms] [WARNING] THREE.WebGLRenderer: Texture marked for update but image is incomplete @ https://app.spline.design/assets/chunks/chunk-C1GBGJcI.js:4
[   82236ms] [WARNING] THREE.WebGLRenderer: Texture marked for update but image is incomplete @ https://app.spline.design/assets/chunks/chunk-C1GBGJcI.js:4
[   82250ms] [WARNING] THREE.WebGLRenderer: Texture marked for update but image is incomplete @ https://app.spline.design/assets/chunks/chunk-C1GBGJcI.js:4
[   82264ms] [WARNING] THREE.WebGLRenderer: Texture marked for update but image is incomplete @ https://app.spline.design/assets/chunks/chunk-C1GBGJcI.js:4
[   82277ms] [WARNING] THREE.WebGLRenderer: Texture marked for update but image is incomplete @ https://app.spline.design/assets/chunks/chunk-C1GBGJcI.js:4
[   82290ms] [WARNING] THREE.WebGLRenderer: Texture marked for update but image is incomplete @ https://app.spline.design/assets/chunks/chunk-C1GBGJcI.js:4
[   82303ms] [WARNING] THREE.WebGLRenderer: Texture marked for update but image is incomplete @ https://app.spline.design/assets/chunks/chunk-C1GBGJcI.js:4
[   82316ms] [WARNING] THREE.WebGLRenderer: Texture marked for update but image is incomplete @ https://app.spline.design/assets/chunks/chunk-C1GBGJcI.js:4
[   82329ms] [WARNING] THREE.WebGLRenderer: Texture marked for update but image is incomplete @ https://app.spline.design/assets/chunks/chunk-C1GBGJcI.js:4
[   82343ms] [WARNING] THREE.WebGLRenderer: Texture marked for update but image is incomplete @ https://app.spline.design/assets/chunks/chunk-C1GBGJcI.js:4
[   82356ms] [WARNING] THREE.WebGLRenderer: Texture marked for update but image is incomplete @ https://app.spline.design/assets/chunks/chunk-C1GBGJcI.js:4
[   82370ms] [WARNING] THREE.WebGLRenderer: Texture marked for update but image is incomplete @ https://app.spline.design/assets/chunks/chunk-C1GBGJcI.js:4
[   82384ms] [WARNING] THREE.WebGLRenderer: Texture marked for update but image is incomplete @ https://app.spline.design/assets/chunks/chunk-C1GBGJcI.js:4
[   82397ms] [WARNING] THREE.WebGLRenderer: Texture marked for update but image is incomplete @ https://app.spline.design/assets/chunks/chunk-C1GBGJcI.js:4
[   82409ms] [WARNING] THREE.WebGLRenderer: Texture marked for update but image is incomplete @ https://app.spline.design/assets/chunks/chunk-C1GBGJcI.js:4
[   82423ms] [WARNING] THREE.WebGLRenderer: Texture marked for update but image is incomplete @ https://app.spline.design/assets/chunks/chunk-C1GBGJcI.js:4
[   82436ms] [WARNING] THREE.WebGLRenderer: Texture marked for update but image is incomplete @ https://app.spline.design/assets/chunks/chunk-C1GBGJcI.js:4
[   82450ms] [WARNING] THREE.WebGLRenderer: Texture marked for update but image is incomplete @ https://app.spline.design/assets/chunks/chunk-C1GBGJcI.js:4
[   82463ms] [WARNING] THREE.WebGLRenderer: Texture marked for update but image is incomplete @ https://app.spline.design/assets/chunks/chunk-C1GBGJcI.js:4
[   82476ms] [WARNING] THREE.WebGLRenderer: Texture marked for update but image is incomplete @ https://app.spline.design/assets/chunks/chunk-C1GBGJcI.js:4
[   82489ms] [WARNING] THREE.WebGLRenderer: Texture marked for update but image is incomplete @ https://app.spline.design/assets/chunks/chunk-C1GBGJcI.js:4
[   82504ms] [WARNING] THREE.WebGLRenderer: Texture marked for update but image is incomplete @ https://app.spline.design/assets/chunks/chunk-C1GBGJcI.js:4
[   82516ms] [WARNING] THREE.WebGLRenderer: Texture marked for update but image is incomplete @ https://app.spline.design/assets/chunks/chunk-C1GBGJcI.js:4
[   82530ms] [WARNING] THREE.WebGLRenderer: Texture marked for update but image is incomplete @ https://app.spline.design/assets/chunks/chunk-C1GBGJcI.js:4
[   82543ms] [WARNING] THREE.WebGLRenderer: Texture marked for update but image is incomplete @ https://app.spline.design/assets/chunks/chunk-C1GBGJcI.js:4
[   82558ms] [WARNING] THREE.WebGLRenderer: Texture marked for update but image is incomplete @ https://app.spline.design/assets/chunks/chunk-C1GBGJcI.js:4
[   82570ms] [WARNING] THREE.WebGLRenderer: Texture marked for update but image is incomplete @ https://app.spline.design/assets/chunks/chunk-C1GBGJcI.js:4
[   82583ms] [WARNING] THREE.WebGLRenderer: Texture marked for update but image is incomplete @ https://app.spline.design/assets/chunks/chunk-C1GBGJcI.js:4
[   82597ms] [WARNING] THREE.WebGLRenderer: Texture marked for update but image is incomplete @ https://app.spline.design/assets/chunks/chunk-C1GBGJcI.js:4
[   82609ms] [WARNING] THREE.WebGLRenderer: Texture marked for update but image is incomplete @ https://app.spline.design/assets/chunks/chunk-C1GBGJcI.js:4
[   82624ms] [WARNING] THREE.WebGLRenderer: Texture marked for update but image is incomplete @ https://app.spline.design/assets/chunks/chunk-C1GBGJcI.js:4
[   82638ms] [WARNING] THREE.WebGLRenderer: Texture marked for update but image is incomplete @ https://app.spline.design/assets/chunks/chunk-C1GBGJcI.js:4
[   82650ms] [WARNING] THREE.WebGLRenderer: Texture marked for update but image is incomplete @ https://app.spline.design/assets/chunks/chunk-C1GBGJcI.js:4
[   82664ms] [WARNING] THREE.WebGLRenderer: Texture marked for update but image is incomplete @ https://app.spline.design/assets/chunks/chunk-C1GBGJcI.js:4
[   82677ms] [WARNING] THREE.WebGLRenderer: Texture marked for update but image is incomplete @ https://app.spline.design/assets/chunks/chunk-C1GBGJcI.js:4
[   82690ms] [WARNING] THREE.WebGLRenderer: Texture marked for update but image is incomplete @ https://app.spline.design/assets/chunks/chunk-C1GBGJcI.js:4
[   82703ms] [WARNING] THREE.WebGLRenderer: Texture marked for update but image is incomplete @ https://app.spline.design/assets/chunks/chunk-C1GBGJcI.js:4
[   82716ms] [WARNING] THREE.WebGLRenderer: Texture marked for update but image is incomplete @ https://app.spline.design/assets/chunks/chunk-C1GBGJcI.js:4
[   82731ms] [WARNING] THREE.WebGLRenderer: Texture marked for update but image is incomplete @ https://app.spline.design/assets/chunks/chunk-C1GBGJcI.js:4
[   82743ms] [WARNING] THREE.WebGLRenderer: Texture marked for update but image is incomplete @ https://app.spline.design/assets/chunks/chunk-C1GBGJcI.js:4
[   82757ms] [WARNING] THREE.WebGLRenderer: Texture marked for update but image is incomplete @ https://app.spline.design/assets/chunks/chunk-C1GBGJcI.js:4
[   82771ms] [WARNING] THREE.WebGLRenderer: Texture marked for update but image is incomplete @ https://app.spline.design/assets/chunks/chunk-C1GBGJcI.js:4
[   82783ms] [WARNING] THREE.WebGLRenderer: Texture marked for update but image is incomplete @ https://app.spline.design/assets/chunks/chunk-C1GBGJcI.js:4
[   82796ms] [WARNING] THREE.WebGLRenderer: Texture marked for update but image is incomplete @ https://app.spline.design/assets/chunks/chunk-C1GBGJcI.js:4
[   82810ms] [WARNING] THREE.WebGLRenderer: Texture marked for update but image is incomplete @ https://app.spline.design/assets/chunks/chunk-C1GBGJcI.js:4
[   82823ms] [WARNING] THREE.WebGLRenderer: Texture marked for update but image is incomplete @ https://app.spline.design/assets/chunks/chunk-C1GBGJcI.js:4
[   82837ms] [WARNING] THREE.WebGLRenderer: Texture marked for update but image is incomplete @ https://app.spline.design/assets/chunks/chunk-C1GBGJcI.js:4
[   82850ms] [WARNING] THREE.WebGLRenderer: Texture marked for update but image is incomplete @ https://app.spline.design/assets/chunks/chunk-C1GBGJcI.js:4
[   82863ms] [WARNING] THREE.WebGLRenderer: Texture marked for update but image is incomplete @ https://app.spline.design/assets/chunks/chunk-C1GBGJcI.js:4
[   82876ms] [WARNING] THREE.WebGLRenderer: Texture marked for update but image is incomplete @ https://app.spline.design/assets/chunks/chunk-C1GBGJcI.js:4
[   82890ms] [WARNING] THREE.WebGLRenderer: Texture marked for update but image is incomplete @ https://app.spline.design/assets/chunks/chunk-C1GBGJcI.js:4
[   82904ms] [WARNING] THREE.WebGLRenderer: Texture marked for update but image is incomplete @ https://app.spline.design/assets/chunks/chunk-C1GBGJcI.js:4
[   82917ms] [WARNING] THREE.WebGLRenderer: Texture marked for update but image is incomplete @ https://app.spline.design/assets/chunks/chunk-C1GBGJcI.js:4
[   82930ms] [WARNING] THREE.WebGLRenderer: Texture marked for update but image is incomplete @ https://app.spline.design/assets/chunks/chunk-C1GBGJcI.js:4
[   82943ms] [WARNING] THREE.WebGLRenderer: Texture marked for update but image is incomplete @ https://app.spline.design/assets/chunks/chunk-C1GBGJcI.js:4
[   82957ms] [WARNING] THREE.WebGLRenderer: Texture marked for update but image is incomplete @ https://app.spline.design/assets/chunks/chunk-C1GBGJcI.js:4
[   82970ms] [WARNING] THREE.WebGLRenderer: Texture marked for update but image is incomplete @ https://app.spline.design/assets/chunks/chunk-C1GBGJcI.js:4
[   82983ms] [WARNING] THREE.WebGLRenderer: Texture marked for update but image is incomplete @ https://app.spline.design/assets/chunks/chunk-C1GBGJcI.js:4
[   82996ms] [WARNING] THREE.WebGLRenderer: Texture marked for update but image is incomplete @ https://app.spline.design/assets/chunks/chunk-C1GBGJcI.js:4
[   83009ms] [WARNING] THREE.WebGLRenderer: Texture marked for update but image is incomplete @ https://app.spline.design/assets/chunks/chunk-C1GBGJcI.js:4
[   83023ms] [WARNING] THREE.WebGLRenderer: Texture marked for update but image is incomplete @ https://app.spline.design/assets/chunks/chunk-C1GBGJcI.js:4
[   83037ms] [WARNING] THREE.WebGLRenderer: Texture marked for update but image is incomplete @ https://app.spline.design/assets/chunks/chunk-C1GBGJcI.js:4
[   83050ms] [WARNING] THREE.WebGLRenderer: Texture marked for update but image is incomplete @ https://app.spline.design/assets/chunks/chunk-C1GBGJcI.js:4
[   83063ms] [WARNING] THREE.WebGLRenderer: Texture marked for update but image is incomplete @ https://app.spline.design/assets/chunks/chunk-C1GBGJcI.js:4
[   83076ms] [WARNING] THREE.WebGLRenderer: Texture marked for update but image is incomplete @ https://app.spline.design/assets/chunks/chunk-C1GBGJcI.js:4
[   83090ms] [WARNING] THREE.WebGLRenderer: Texture marked for update but image is incomplete @ https://app.spline.design/assets/chunks/chunk-C1GBGJcI.js:4
[   83104ms] [WARNING] THREE.WebGLRenderer: Texture marked for update but image is incomplete @ https://app.spline.design/assets/chunks/chunk-C1GBGJcI.js:4
[   83117ms] [WARNING] THREE.WebGLRenderer: Texture marked for update but image is incomplete @ https://app.spline.design/assets/chunks/chunk-C1GBGJcI.js:4
[   83130ms] [WARNING] THREE.WebGLRenderer: Texture marked for update but image is incomplete @ https://app.spline.design/assets/chunks/chunk-C1GBGJcI.js:4
[   83143ms] [WARNING] THREE.WebGLRenderer: Texture marked for update but image is incomplete @ https://app.spline.design/assets/chunks/chunk-C1GBGJcI.js:4
[   83157ms] [WARNING] THREE.WebGLRenderer: Texture marked for update but image is incomplete @ https://app.spline.design/assets/chunks/chunk-C1GBGJcI.js:4
[   83170ms] [WARNING] THREE.WebGLRenderer: Texture marked for update but image is incomplete @ https://app.spline.design/assets/chunks/chunk-C1GBGJcI.js:4
[   83184ms] [WARNING] THREE.WebGLRenderer: Texture marked for update but image is incomplete @ https://app.spline.design/assets/chunks/chunk-C1GBGJcI.js:4
[   83197ms] [WARNING] THREE.WebGLRenderer: Texture marked for update but image is incomplete @ https://app.spline.design/assets/chunks/chunk-C1GBGJcI.js:4
[   83210ms] [WARNING] THREE.WebGLRenderer: Texture marked for update but image is incomplete @ https://app.spline.design/assets/chunks/chunk-C1GBGJcI.js:4
[   83223ms] [WARNING] THREE.WebGLRenderer: Texture marked for update but image is incomplete @ https://app.spline.design/assets/chunks/chunk-C1GBGJcI.js:4
[   83237ms] [WARNING] THREE.WebGLRenderer: Texture marked for update but image is incomplete @ https://app.spline.design/assets/chunks/chunk-C1GBGJcI.js:4
[   83250ms] [WARNING] THREE.WebGLRenderer: Texture marked for update but image is incomplete @ https://app.spline.design/assets/chunks/chunk-C1GBGJcI.js:4
[   83263ms] [WARNING] THREE.WebGLRenderer: Texture marked for update but image is incomplete @ https://app.spline.design/assets/chunks/chunk-C1GBGJcI.js:4
[   83276ms] [WARNING] THREE.WebGLRenderer: Texture marked for update but image is incomplete @ https://app.spline.design/assets/chunks/chunk-C1GBGJcI.js:4
[   83290ms] [WARNING] THREE.WebGLRenderer: Texture marked for update but image is incomplete @ https://app.spline.design/assets/chunks/chunk-C1GBGJcI.js:4
[   83303ms] [WARNING] THREE.WebGLRenderer: Texture marked for update but image is incomplete @ https://app.spline.design/assets/chunks/chunk-C1GBGJcI.js:4
[   83317ms] [WARNING] THREE.WebGLRenderer: Texture marked for update but image is incomplete @ https://app.spline.design/assets/chunks/chunk-C1GBGJcI.js:4
[   83330ms] [WARNING] THREE.WebGLRenderer: Texture marked for update but image is incomplete @ https://app.spline.design/assets/chunks/chunk-C1GBGJcI.js:4
[   83379ms] [WARNING] THREE.WebGLRenderer: Texture marked for update but image is incomplete @ https://app.spline.design/assets/chunks/chunk-C1GBGJcI.js:4
[   83384ms] [WARNING] THREE.WebGLRenderer: Texture marked for update but image is incomplete @ https://app.spline.design/assets/chunks/chunk-C1GBGJcI.js:4
[   83388ms] [WARNING] THREE.WebGLRenderer: Texture marked for update but image is incomplete @ https://app.spline.design/assets/chunks/chunk-C1GBGJcI.js:4
[   83400ms] [WARNING] THREE.WebGLRenderer: Texture marked for update but image is incomplete @ https://app.spline.design/assets/chunks/chunk-C1GBGJcI.js:4
[   83410ms] [WARNING] THREE.WebGLRenderer: Texture marked for update but image is incomplete @ https://app.spline.design/assets/chunks/chunk-C1GBGJcI.js:4
[   83424ms] [WARNING] THREE.WebGLRenderer: Texture marked for update but image is incomplete @ https://app.spline.design/assets/chunks/chunk-C1GBGJcI.js:4
[   83437ms] [WARNING] THREE.WebGLRenderer: Texture marked for update but image is incomplete @ https://app.spline.design/assets/chunks/chunk-C1GBGJcI.js:4
[   83450ms] [WARNING] THREE.WebGLRenderer: Texture marked for update but image is incomplete @ https://app.spline.design/assets/chunks/chunk-C1GBGJcI.js:4
[   83463ms] [WARNING] THREE.WebGLRenderer: Texture marked for update but image is incomplete @ https://app.spline.design/assets/chunks/chunk-C1GBGJcI.js:4
[   83493ms] [WARNING] THREE.WebGLRenderer: Texture marked for update but image is incomplete @ https://app.spline.design/assets/chunks/chunk-C1GBGJcI.js:4
[   83495ms] [WARNING] THREE.WebGLRenderer: Texture marked for update but image is incomplete @ https://app.spline.design/assets/chunks/chunk-C1GBGJcI.js:4
[   83504ms] [WARNING] THREE.WebGLRenderer: Texture marked for update but image is incomplete @ https://app.spline.design/assets/chunks/chunk-C1GBGJcI.js:4
[   83517ms] [WARNING] THREE.WebGLRenderer: Texture marked for update but image is incomplete @ https://app.spline.design/assets/chunks/chunk-C1GBGJcI.js:4
[   83531ms] [WARNING] THREE.WebGLRenderer: Texture marked for update but image is incomplete @ https://app.spline.design/assets/chunks/chunk-C1GBGJcI.js:4
[   83544ms] [WARNING] THREE.WebGLRenderer: Texture marked for update but image is incomplete @ https://app.spline.design/assets/chunks/chunk-C1GBGJcI.js:4
[   83557ms] [WARNING] THREE.WebGLRenderer: Texture marked for update but image is incomplete @ https://app.spline.design/assets/chunks/chunk-C1GBGJcI.js:4
[   83570ms] [WARNING] THREE.WebGLRenderer: Texture marked for update but image is incomplete @ https://app.spline.design/assets/chunks/chunk-C1GBGJcI.js:4
[   83584ms] [WARNING] THREE.WebGLRenderer: Texture marked for update but image is incomplete @ https://app.spline.design/assets/chunks/chunk-C1GBGJcI.js:4
[   83597ms] [WARNING] THREE.WebGLRenderer: Texture marked for update but image is incomplete @ https://app.spline.design/assets/chunks/chunk-C1GBGJcI.js:4
[   83610ms] [WARNING] THREE.WebGLRenderer: Texture marked for update but image is incomplete @ https://app.spline.design/assets/chunks/chunk-C1GBGJcI.js:4
[   83623ms] [WARNING] THREE.WebGLRenderer: Texture marked for update but image is incomplete @ https://app.spline.design/assets/chunks/chunk-C1GBGJcI.js:4
[   83637ms] [WARNING] THREE.WebGLRenderer: Texture marked for update but image is incomplete @ https://app.spline.design/assets/chunks/chunk-C1GBGJcI.js:4
[   83650ms] [WARNING] THREE.WebGLRenderer: Texture marked for update but image is incomplete @ https://app.spline.design/assets/chunks/chunk-C1GBGJcI.js:4
[   83664ms] [WARNING] THREE.WebGLRenderer: Texture marked for update but image is incomplete @ https://app.spline.design/assets/chunks/chunk-C1GBGJcI.js:4
[   83677ms] [WARNING] THREE.WebGLRenderer: Texture marked for update but image is incomplete @ https://app.spline.design/assets/chunks/chunk-C1GBGJcI.js:4
[   83690ms] [WARNING] THREE.WebGLRenderer: Texture marked for update but image is incomplete @ https://app.spline.design/assets/chunks/chunk-C1GBGJcI.js:4
[   83704ms] [WARNING] THREE.WebGLRenderer: Texture marked for update but image is incomplete @ https://app.spline.design/assets/chunks/chunk-C1GBGJcI.js:4
[   83717ms] [WARNING] THREE.WebGLRenderer: Texture marked for update but image is incomplete @ https://app.spline.design/assets/chunks/chunk-C1GBGJcI.js:4
[   83730ms] [WARNING] THREE.WebGLRenderer: Texture marked for update but image is incomplete @ https://app.spline.design/assets/chunks/chunk-C1GBGJcI.js:4
[   83744ms] [WARNING] THREE.WebGLRenderer: Texture marked for update but image is incomplete @ https://app.spline.design/assets/chunks/chunk-C1GBGJcI.js:4
[   83757ms] [WARNING] THREE.WebGLRenderer: Texture marked for update but image is incomplete @ https://app.spline.design/assets/chunks/chunk-C1GBGJcI.js:4
[   83770ms] [WARNING] THREE.WebGLRenderer: Texture marked for update but image is incomplete @ https://app.spline.design/assets/chunks/chunk-C1GBGJcI.js:4
[   83784ms] [WARNING] THREE.WebGLRenderer: Texture marked for update but image is incomplete @ https://app.spline.design/assets/chunks/chunk-C1GBGJcI.js:4
[   83797ms] [WARNING] THREE.WebGLRenderer: Texture marked for update but image is incomplete @ https://app.spline.design/assets/chunks/chunk-C1GBGJcI.js:4
[   83810ms] [WARNING] THREE.WebGLRenderer: Texture marked for update but image is incomplete @ https://app.spline.design/assets/chunks/chunk-C1GBGJcI.js:4
[   83823ms] [WARNING] THREE.WebGLRenderer: Texture marked for update but image is incomplete @ https://app.spline.design/assets/chunks/chunk-C1GBGJcI.js:4
[   83837ms] [WARNING] THREE.WebGLRenderer: Texture marked for update but image is incomplete @ https://app.spline.design/assets/chunks/chunk-C1GBGJcI.js:4
[   83851ms] [WARNING] THREE.WebGLRenderer: Texture marked for update but image is incomplete @ https://app.spline.design/assets/chunks/chunk-C1GBGJcI.js:4
[   83863ms] [WARNING] THREE.WebGLRenderer: Texture marked for update but image is incomplete @ https://app.spline.design/assets/chunks/chunk-C1GBGJcI.js:4
[   83876ms] [WARNING] THREE.WebGLRenderer: Texture marked for update but image is incomplete @ https://app.spline.design/assets/chunks/chunk-C1GBGJcI.js:4
[   83890ms] [WARNING] THREE.WebGLRenderer: Texture marked for update but image is incomplete @ https://app.spline.design/assets/chunks/chunk-C1GBGJcI.js:4
[   83904ms] [WARNING] THREE.WebGLRenderer: Texture marked for update but image is incomplete @ https://app.spline.design/assets/chunks/chunk-C1GBGJcI.js:4
[   83917ms] [WARNING] THREE.WebGLRenderer: Texture marked for update but image is incomplete @ https://app.spline.design/assets/chunks/chunk-C1GBGJcI.js:4
[   83930ms] [WARNING] THREE.WebGLRenderer: Texture marked for update but image is incomplete @ https://app.spline.design/assets/chunks/chunk-C1GBGJcI.js:4
[   83943ms] [WARNING] THREE.WebGLRenderer: Texture marked for update but image is incomplete @ https://app.spline.design/assets/chunks/chunk-C1GBGJcI.js:4
[   83957ms] [WARNING] THREE.WebGLRenderer: Texture marked for update but image is incomplete @ https://app.spline.design/assets/chunks/chunk-C1GBGJcI.js:4
[   83970ms] [WARNING] THREE.WebGLRenderer: Texture marked for update but image is incomplete @ https://app.spline.design/assets/chunks/chunk-C1GBGJcI.js:4
[   83984ms] [WARNING] THREE.WebGLRenderer: Texture marked for update but image is incomplete @ https://app.spline.design/assets/chunks/chunk-C1GBGJcI.js:4
[   83998ms] [WARNING] THREE.WebGLRenderer: Texture marked for update but image is incomplete @ https://app.spline.design/assets/chunks/chunk-C1GBGJcI.js:4
[   84052ms] [WARNING] THREE.WebGLRenderer: Texture marked for update but image is incomplete @ https://app.spline.design/assets/chunks/chunk-C1GBGJcI.js:4
[   84055ms] [WARNING] THREE.WebGLRenderer: Texture marked for update but image is incomplete @ https://app.spline.design/assets/chunks/chunk-C1GBGJcI.js:4
[   84096ms] [WARNING] THREE.WebGLRenderer: Texture marked for update but image is incomplete @ https://app.spline.design/assets/chunks/chunk-C1GBGJcI.js:4
[   84097ms] [WARNING] THREE.WebGLRenderer: Texture marked for update but image is incomplete @ https://app.spline.design/assets/chunks/chunk-C1GBGJcI.js:4
[   84111ms] [WARNING] THREE.WebGLRenderer: Texture marked for update but image is incomplete @ https://app.spline.design/assets/chunks/chunk-C1GBGJcI.js:4
[   84117ms] [WARNING] THREE.WebGLRenderer: Texture marked for update but image is incomplete @ https://app.spline.design/assets/chunks/chunk-C1GBGJcI.js:4
[   84131ms] [WARNING] THREE.WebGLRenderer: Texture marked for update but image is incomplete @ https://app.spline.design/assets/chunks/chunk-C1GBGJcI.js:4
[   84144ms] [WARNING] THREE.WebGLRenderer: Texture marked for update but image is incomplete @ https://app.spline.design/assets/chunks/chunk-C1GBGJcI.js:4
[   84157ms] [WARNING] THREE.WebGLRenderer: Texture marked for update but image is incomplete @ https://app.spline.design/assets/chunks/chunk-C1GBGJcI.js:4
[   84171ms] [WARNING] THREE.WebGLRenderer: Texture marked for update but image is incomplete @ https://app.spline.design/assets/chunks/chunk-C1GBGJcI.js:4
[   84184ms] [WARNING] THREE.WebGLRenderer: Texture marked for update but image is incomplete @ https://app.spline.design/assets/chunks/chunk-C1GBGJcI.js:4
[   84197ms] [WARNING] THREE.WebGLRenderer: Texture marked for update but image is incomplete @ https://app.spline.design/assets/chunks/chunk-C1GBGJcI.js:4
[   84210ms] [WARNING] THREE.WebGLRenderer: Texture marked for update but image is incomplete @ https://app.spline.design/assets/chunks/chunk-C1GBGJcI.js:4
[   84224ms] [WARNING] THREE.WebGLRenderer: Texture marked for update but image is incomplete @ https://app.spline.design/assets/chunks/chunk-C1GBGJcI.js:4
[   84237ms] [WARNING] THREE.WebGLRenderer: Texture marked for update but image is incomplete @ https://app.spline.design/assets/chunks/chunk-C1GBGJcI.js:4
[   84251ms] [WARNING] THREE.WebGLRenderer: Texture marked for update but image is incomplete @ https://app.spline.design/assets/chunks/chunk-C1GBGJcI.js:4
[   84264ms] [WARNING] THREE.WebGLRenderer: Texture marked for update but image is incomplete @ https://app.spline.design/assets/chunks/chunk-C1GBGJcI.js:4
[   84277ms] [WARNING] THREE.WebGLRenderer: Texture marked for update but image is incomplete @ https://app.spline.design/assets/chunks/chunk-C1GBGJcI.js:4
[   84290ms] [WARNING] THREE.WebGLRenderer: Texture marked for update but image is incomplete @ https://app.spline.design/assets/chunks/chunk-C1GBGJcI.js:4
[   84304ms] [WARNING] THREE.WebGLRenderer: Texture marked for update but image is incomplete @ https://app.spline.design/assets/chunks/chunk-C1GBGJcI.js:4
[   84317ms] [WARNING] THREE.WebGLRenderer: Texture marked for update but image is incomplete @ https://app.spline.design/assets/chunks/chunk-C1GBGJcI.js:4
[   84330ms] [WARNING] THREE.WebGLRenderer: Texture marked for update but image is incomplete @ https://app.spline.design/assets/chunks/chunk-C1GBGJcI.js:4
[   84343ms] [WARNING] THREE.WebGLRenderer: Texture marked for update but image is incomplete @ https://app.spline.design/assets/chunks/chunk-C1GBGJcI.js:4
[   84359ms] [WARNING] THREE.WebGLRenderer: Texture marked for update but image is incomplete @ https://app.spline.design/assets/chunks/chunk-C1GBGJcI.js:4
[   84371ms] [WARNING] THREE.WebGLRenderer: Texture marked for update but image is incomplete @ https://app.spline.design/assets/chunks/chunk-C1GBGJcI.js:4
[   84384ms] [WARNING] THREE.WebGLRenderer: Texture marked for update but image is incomplete @ https://app.spline.design/assets/chunks/chunk-C1GBGJcI.js:4
[   84397ms] [WARNING] THREE.WebGLRenderer: Texture marked for update but image is incomplete @ https://app.spline.design/assets/chunks/chunk-C1GBGJcI.js:4
[   84410ms] [WARNING] THREE.WebGLRenderer: Texture marked for update but image is incomplete @ https://app.spline.design/assets/chunks/chunk-C1GBGJcI.js:4
[   84424ms] [WARNING] THREE.WebGLRenderer: Texture marked for update but image is incomplete @ https://app.spline.design/assets/chunks/chunk-C1GBGJcI.js:4
[   84437ms] [WARNING] THREE.WebGLRenderer: Texture marked for update but image is incomplete @ https://app.spline.design/assets/chunks/chunk-C1GBGJcI.js:4
[   84450ms] [WARNING] THREE.WebGLRenderer: Texture marked for update but image is incomplete @ https://app.spline.design/assets/chunks/chunk-C1GBGJcI.js:4
[   84464ms] [WARNING] THREE.WebGLRenderer: Texture marked for update but image is incomplete @ https://app.spline.design/assets/chunks/chunk-C1GBGJcI.js:4
[   84477ms] [WARNING] THREE.WebGLRenderer: Texture marked for update but image is incomplete @ https://app.spline.design/assets/chunks/chunk-C1GBGJcI.js:4
[   84491ms] [WARNING] THREE.WebGLRenderer: Texture marked for update but image is incomplete @ https://app.spline.design/assets/chunks/chunk-C1GBGJcI.js:4
[   84503ms] [WARNING] THREE.WebGLRenderer: Texture marked for update but image is incomplete @ https://app.spline.design/assets/chunks/chunk-C1GBGJcI.js:4
[   84518ms] [WARNING] THREE.WebGLRenderer: Texture marked for update but image is incomplete @ https://app.spline.design/assets/chunks/chunk-C1GBGJcI.js:4
[   84530ms] [WARNING] THREE.WebGLRenderer: Texture marked for update but image is incomplete @ https://app.spline.design/assets/chunks/chunk-C1GBGJcI.js:4
[   84543ms] [WARNING] THREE.WebGLRenderer: Texture marked for update but image is incomplete @ https://app.spline.design/assets/chunks/chunk-C1GBGJcI.js:4
[   84557ms] [WARNING] THREE.WebGLRenderer: Texture marked for update but image is incomplete @ https://app.spline.design/assets/chunks/chunk-C1GBGJcI.js:4
[   84570ms] [WARNING] THREE.WebGLRenderer: Texture marked for update but image is incomplete @ https://app.spline.design/assets/chunks/chunk-C1GBGJcI.js:4
[   84584ms] [WARNING] THREE.WebGLRenderer: Texture marked for update but image is incomplete @ https://app.spline.design/assets/chunks/chunk-C1GBGJcI.js:4
[   84597ms] [WARNING] THREE.WebGLRenderer: Texture marked for update but image is incomplete @ https://app.spline.design/assets/chunks/chunk-C1GBGJcI.js:4
[   84611ms] [WARNING] THREE.WebGLRenderer: Texture marked for update but image is incomplete @ https://app.spline.design/assets/chunks/chunk-C1GBGJcI.js:4
[   84623ms] [WARNING] THREE.WebGLRenderer: Texture marked for update but image is incomplete @ https://app.spline.design/assets/chunks/chunk-C1GBGJcI.js:4
[   84637ms] [WARNING] THREE.WebGLRenderer: Texture marked for update but image is incomplete @ https://app.spline.design/assets/chunks/chunk-C1GBGJcI.js:4
[   84652ms] [WARNING] THREE.WebGLRenderer: Texture marked for update but image is incomplete @ https://app.spline.design/assets/chunks/chunk-C1GBGJcI.js:4
[   84664ms] [WARNING] THREE.WebGLRenderer: Texture marked for update but image is incomplete @ https://app.spline.design/assets/chunks/chunk-C1GBGJcI.js:4
[   84677ms] [WARNING] THREE.WebGLRenderer: Texture marked for update but image is incomplete @ https://app.spline.design/assets/chunks/chunk-C1GBGJcI.js:4
[   84690ms] [WARNING] THREE.WebGLRenderer: Texture marked for update but image is incomplete @ https://app.spline.design/assets/chunks/chunk-C1GBGJcI.js:4
[   84704ms] [WARNING] THREE.WebGLRenderer: Texture marked for update but image is incomplete @ https://app.spline.design/assets/chunks/chunk-C1GBGJcI.js:4
[   84718ms] [WARNING] THREE.WebGLRenderer: Texture marked for update but image is incomplete @ https://app.spline.design/assets/chunks/chunk-C1GBGJcI.js:4
[   84731ms] [WARNING] THREE.WebGLRenderer: Texture marked for update but image is incomplete @ https://app.spline.design/assets/chunks/chunk-C1GBGJcI.js:4
[   84744ms] [WARNING] THREE.WebGLRenderer: Texture marked for update but image is incomplete @ https://app.spline.design/assets/chunks/chunk-C1GBGJcI.js:4
[   84757ms] [WARNING] THREE.WebGLRenderer: Texture marked for update but image is incomplete @ https://app.spline.design/assets/chunks/chunk-C1GBGJcI.js:4
[   84772ms] [WARNING] THREE.WebGLRenderer: Texture marked for update but image is incomplete @ https://app.spline.design/assets/chunks/chunk-C1GBGJcI.js:4
[   84784ms] [WARNING] THREE.WebGLRenderer: Texture marked for update but image is incomplete @ https://app.spline.design/assets/chunks/chunk-C1GBGJcI.js:4
[   84798ms] [WARNING] THREE.WebGLRenderer: Texture marked for update but image is incomplete @ https://app.spline.design/assets/chunks/chunk-C1GBGJcI.js:4
[   84811ms] [WARNING] THREE.WebGLRenderer: Texture marked for update but image is incomplete @ https://app.spline.design/assets/chunks/chunk-C1GBGJcI.js:4
[   84824ms] [WARNING] THREE.WebGLRenderer: Texture marked for update but image is incomplete @ https://app.spline.design/assets/chunks/chunk-C1GBGJcI.js:4
[   84838ms] [WARNING] THREE.WebGLRenderer: Texture marked for update but image is incomplete @ https://app.spline.design/assets/chunks/chunk-C1GBGJcI.js:4
[   84851ms] [WARNING] THREE.WebGLRenderer: Texture marked for update but image is incomplete @ https://app.spline.design/assets/chunks/chunk-C1GBGJcI.js:4
[   84863ms] [WARNING] THREE.WebGLRenderer: Texture marked for update but image is incomplete @ https://app.spline.design/assets/chunks/chunk-C1GBGJcI.js:4
[   84877ms] [WARNING] THREE.WebGLRenderer: Texture marked for update but image is incomplete @ https://app.spline.design/assets/chunks/chunk-C1GBGJcI.js:4
[   84890ms] [WARNING] THREE.WebGLRenderer: Texture marked for update but image is incomplete @ https://app.spline.design/assets/chunks/chunk-C1GBGJcI.js:4
[   84904ms] [WARNING] THREE.WebGLRenderer: Texture marked for update but image is incomplete @ https://app.spline.design/assets/chunks/chunk-C1GBGJcI.js:4
[   84917ms] [WARNING] THREE.WebGLRenderer: Texture marked for update but image is incomplete @ https://app.spline.design/assets/chunks/chunk-C1GBGJcI.js:4
[   84930ms] [WARNING] THREE.WebGLRenderer: Texture marked for update but image is incomplete @ https://app.spline.design/assets/chunks/chunk-C1GBGJcI.js:4
[   84943ms] [WARNING] THREE.WebGLRenderer: Texture marked for update but image is incomplete @ https://app.spline.design/assets/chunks/chunk-C1GBGJcI.js:4
[   84957ms] [WARNING] THREE.WebGLRenderer: Texture marked for update but image is incomplete @ https://app.spline.design/assets/chunks/chunk-C1GBGJcI.js:4
[   84970ms] [WARNING] THREE.WebGLRenderer: Texture marked for update but image is incomplete @ https://app.spline.design/assets/chunks/chunk-C1GBGJcI.js:4
[   84984ms] [WARNING] THREE.WebGLRenderer: Texture marked for update but image is incomplete @ https://app.spline.design/assets/chunks/chunk-C1GBGJcI.js:4
[   84997ms] [WARNING] THREE.WebGLRenderer: Texture marked for update but image is incomplete @ https://app.spline.design/assets/chunks/chunk-C1GBGJcI.js:4
[   85010ms] [WARNING] THREE.WebGLRenderer: Texture marked for update but image is incomplete @ https://app.spline.design/assets/chunks/chunk-C1GBGJcI.js:4
[   85023ms] [WARNING] THREE.WebGLRenderer: Texture marked for update but image is incomplete @ https://app.spline.design/assets/chunks/chunk-C1GBGJcI.js:4
[   85038ms] [WARNING] THREE.WebGLRenderer: Texture marked for update but image is incomplete @ https://app.spline.design/assets/chunks/chunk-C1GBGJcI.js:4
[   85051ms] [WARNING] THREE.WebGLRenderer: Texture marked for update but image is incomplete @ https://app.spline.design/assets/chunks/chunk-C1GBGJcI.js:4
[   85064ms] [WARNING] THREE.WebGLRenderer: Texture marked for update but image is incomplete @ https://app.spline.design/assets/chunks/chunk-C1GBGJcI.js:4
[   85077ms] [WARNING] THREE.WebGLRenderer: Texture marked for update but image is incomplete @ https://app.spline.design/assets/chunks/chunk-C1GBGJcI.js:4
[   85090ms] [WARNING] THREE.WebGLRenderer: Texture marked for update but image is incomplete @ https://app.spline.design/assets/chunks/chunk-C1GBGJcI.js:4
[   85103ms] [WARNING] THREE.WebGLRenderer: Texture marked for update but image is incomplete @ https://app.spline.design/assets/chunks/chunk-C1GBGJcI.js:4
[   85118ms] [WARNING] THREE.WebGLRenderer: Texture marked for update but image is incomplete @ https://app.spline.design/assets/chunks/chunk-C1GBGJcI.js:4
[   85132ms] [WARNING] THREE.WebGLRenderer: Texture marked for update but image is incomplete @ https://app.spline.design/assets/chunks/chunk-C1GBGJcI.js:4
[   85144ms] [WARNING] THREE.WebGLRenderer: Texture marked for update but image is incomplete @ https://app.spline.design/assets/chunks/chunk-C1GBGJcI.js:4
[   85158ms] [WARNING] THREE.WebGLRenderer: Texture marked for update but image is incomplete @ https://app.spline.design/assets/chunks/chunk-C1GBGJcI.js:4
[   85171ms] [WARNING] THREE.WebGLRenderer: Texture marked for update but image is incomplete @ https://app.spline.design/assets/chunks/chunk-C1GBGJcI.js:4
[   85184ms] [WARNING] THREE.WebGLRenderer: Texture marked for update but image is incomplete @ https://app.spline.design/assets/chunks/chunk-C1GBGJcI.js:4
[   85197ms] [WARNING] THREE.WebGLRenderer: Texture marked for update but image is incomplete @ https://app.spline.design/assets/chunks/chunk-C1GBGJcI.js:4
[   85210ms] [WARNING] THREE.WebGLRenderer: Texture marked for update but image is incomplete @ https://app.spline.design/assets/chunks/chunk-C1GBGJcI.js:4
[   85224ms] [WARNING] THREE.WebGLRenderer: Texture marked for update but image is incomplete @ https://app.spline.design/assets/chunks/chunk-C1GBGJcI.js:4
[   85238ms] [WARNING] THREE.WebGLRenderer: Texture marked for update but image is incomplete @ https://app.spline.design/assets/chunks/chunk-C1GBGJcI.js:4
[   85252ms] [WARNING] THREE.WebGLRenderer: Texture marked for update but image is incomplete @ https://app.spline.design/assets/chunks/chunk-C1GBGJcI.js:4
[   85264ms] [WARNING] THREE.WebGLRenderer: Texture marked for update but image is incomplete @ https://app.spline.design/assets/chunks/chunk-C1GBGJcI.js:4
[   85278ms] [WARNING] THREE.WebGLRenderer: Texture marked for update but image is incomplete @ https://app.spline.design/assets/chunks/chunk-C1GBGJcI.js:4
[   85290ms] [WARNING] THREE.WebGLRenderer: Texture marked for update but image is incomplete @ https://app.spline.design/assets/chunks/chunk-C1GBGJcI.js:4
[   85304ms] [WARNING] THREE.WebGLRenderer: Texture marked for update but image is incomplete @ https://app.spline.design/assets/chunks/chunk-C1GBGJcI.js:4
[   85316ms] [WARNING] THREE.WebGLRenderer: Texture marked for update but image is incomplete @ https://app.spline.design/assets/chunks/chunk-C1GBGJcI.js:4
[   85331ms] [WARNING] THREE.WebGLRenderer: Texture marked for update but image is incomplete @ https://app.spline.design/assets/chunks/chunk-C1GBGJcI.js:4
[   85344ms] [WARNING] THREE.WebGLRenderer: Texture marked for update but image is incomplete @ https://app.spline.design/assets/chunks/chunk-C1GBGJcI.js:4
[   85357ms] [WARNING] THREE.WebGLRenderer: Texture marked for update but image is incomplete @ https://app.spline.design/assets/chunks/chunk-C1GBGJcI.js:4
[   85371ms] [WARNING] THREE.WebGLRenderer: Texture marked for update but image is incomplete @ https://app.spline.design/assets/chunks/chunk-C1GBGJcI.js:4
[   85384ms] [WARNING] THREE.WebGLRenderer: Texture marked for update but image is incomplete @ https://app.spline.design/assets/chunks/chunk-C1GBGJcI.js:4
[   85398ms] [WARNING] THREE.WebGLRenderer: Texture marked for update but image is incomplete @ https://app.spline.design/assets/chunks/chunk-C1GBGJcI.js:4
[   85410ms] [WARNING] THREE.WebGLRenderer: Texture marked for update but image is incomplete @ https://app.spline.design/assets/chunks/chunk-C1GBGJcI.js:4
[   85424ms] [WARNING] THREE.WebGLRenderer: Texture marked for update but image is incomplete @ https://app.spline.design/assets/chunks/chunk-C1GBGJcI.js:4
[   85437ms] [WARNING] THREE.WebGLRenderer: Texture marked for update but image is incomplete @ https://app.spline.design/assets/chunks/chunk-C1GBGJcI.js:4
[   85451ms] [WARNING] THREE.WebGLRenderer: Texture marked for update but image is incomplete @ https://app.spline.design/assets/chunks/chunk-C1GBGJcI.js:4
[   85465ms] [WARNING] THREE.WebGLRenderer: Texture marked for update but image is incomplete @ https://app.spline.design/assets/chunks/chunk-C1GBGJcI.js:4
[   85477ms] [WARNING] THREE.WebGLRenderer: Texture marked for update but image is incomplete @ https://app.spline.design/assets/chunks/chunk-C1GBGJcI.js:4
[   85490ms] [WARNING] THREE.WebGLRenderer: Texture marked for update but image is incomplete @ https://app.spline.design/assets/chunks/chunk-C1GBGJcI.js:4
[   85504ms] [WARNING] THREE.WebGLRenderer: Texture marked for update but image is incomplete @ https://app.spline.design/assets/chunks/chunk-C1GBGJcI.js:4
[   85518ms] [WARNING] THREE.WebGLRenderer: Texture marked for update but image is incomplete @ https://app.spline.design/assets/chunks/chunk-C1GBGJcI.js:4
[   85531ms] [WARNING] THREE.WebGLRenderer: Texture marked for update but image is incomplete @ https://app.spline.design/assets/chunks/chunk-C1GBGJcI.js:4
[   85544ms] [WARNING] THREE.WebGLRenderer: Texture marked for update but image is incomplete @ https://app.spline.design/assets/chunks/chunk-C1GBGJcI.js:4
[   85558ms] [WARNING] THREE.WebGLRenderer: Texture marked for update but image is incomplete @ https://app.spline.design/assets/chunks/chunk-C1GBGJcI.js:4
[   85570ms] [WARNING] THREE.WebGLRenderer: Texture marked for update but image is incomplete @ https://app.spline.design/assets/chunks/chunk-C1GBGJcI.js:4
[   85584ms] [WARNING] THREE.WebGLRenderer: Texture marked for update but image is incomplete @ https://app.spline.design/assets/chunks/chunk-C1GBGJcI.js:4
[   85597ms] [WARNING] THREE.WebGLRenderer: Texture marked for update but image is incomplete @ https://app.spline.design/assets/chunks/chunk-C1GBGJcI.js:4
[   85611ms] [WARNING] THREE.WebGLRenderer: Texture marked for update but image is incomplete @ https://app.spline.design/assets/chunks/chunk-C1GBGJcI.js:4
[   85624ms] [WARNING] THREE.WebGLRenderer: Texture marked for update but image is incomplete @ https://app.spline.design/assets/chunks/chunk-C1GBGJcI.js:4
[   85639ms] [WARNING] THREE.WebGLRenderer: Texture marked for update but image is incomplete @ https://app.spline.design/assets/chunks/chunk-C1GBGJcI.js:4
[   85652ms] [WARNING] THREE.WebGLRenderer: Texture marked for update but image is incomplete @ https://app.spline.design/assets/chunks/chunk-C1GBGJcI.js:4
[   85665ms] [WARNING] THREE.WebGLRenderer: Texture marked for update but image is incomplete @ https://app.spline.design/assets/chunks/chunk-C1GBGJcI.js:4
[   85677ms] [WARNING] THREE.WebGLRenderer: Texture marked for update but image is incomplete @ https://app.spline.design/assets/chunks/chunk-C1GBGJcI.js:4
[   85690ms] [WARNING] THREE.WebGLRenderer: Texture marked for update but image is incomplete @ https://app.spline.design/assets/chunks/chunk-C1GBGJcI.js:4
[   85705ms] [WARNING] THREE.WebGLRenderer: Texture marked for update but image is incomplete @ https://app.spline.design/assets/chunks/chunk-C1GBGJcI.js:4
[   85718ms] [WARNING] THREE.WebGLRenderer: Texture marked for update but image is incomplete @ https://app.spline.design/assets/chunks/chunk-C1GBGJcI.js:4
[   85731ms] [WARNING] THREE.WebGLRenderer: Texture marked for update but image is incomplete @ https://app.spline.design/assets/chunks/chunk-C1GBGJcI.js:4
[   85745ms] [WARNING] THREE.WebGLRenderer: Texture marked for update but image is incomplete @ https://app.spline.design/assets/chunks/chunk-C1GBGJcI.js:4
[   85757ms] [WARNING] THREE.WebGLRenderer: Texture marked for update but image is incomplete @ https://app.spline.design/assets/chunks/chunk-C1GBGJcI.js:4
[   85771ms] [WARNING] THREE.WebGLRenderer: Texture marked for update but image is incomplete @ https://app.spline.design/assets/chunks/chunk-C1GBGJcI.js:4
[   85784ms] [WARNING] THREE.WebGLRenderer: Texture marked for update but image is incomplete @ https://app.spline.design/assets/chunks/chunk-C1GBGJcI.js:4
[   85797ms] [WARNING] THREE.WebGLRenderer: Texture marked for update but image is incomplete @ https://app.spline.design/assets/chunks/chunk-C1GBGJcI.js:4
[   85811ms] [WARNING] THREE.WebGLRenderer: Texture marked for update but image is incomplete @ https://app.spline.design/assets/chunks/chunk-C1GBGJcI.js:4
[   85824ms] [WARNING] THREE.WebGLRenderer: Texture marked for update but image is incomplete @ https://app.spline.design/assets/chunks/chunk-C1GBGJcI.js:4
[   85837ms] [WARNING] THREE.WebGLRenderer: Texture marked for update but image is incomplete @ https://app.spline.design/assets/chunks/chunk-C1GBGJcI.js:4
[   85851ms] [WARNING] THREE.WebGLRenderer: Texture marked for update but image is incomplete @ https://app.spline.design/assets/chunks/chunk-C1GBGJcI.js:4
[   85864ms] [WARNING] THREE.WebGLRenderer: Texture marked for update but image is incomplete @ https://app.spline.design/assets/chunks/chunk-C1GBGJcI.js:4
[   85877ms] [WARNING] THREE.WebGLRenderer: Texture marked for update but image is incomplete @ https://app.spline.design/assets/chunks/chunk-C1GBGJcI.js:4
[   85891ms] [WARNING] THREE.WebGLRenderer: Texture marked for update but image is incomplete @ https://app.spline.design/assets/chunks/chunk-C1GBGJcI.js:4
[   85904ms] [WARNING] THREE.WebGLRenderer: Texture marked for update but image is incomplete @ https://app.spline.design/assets/chunks/chunk-C1GBGJcI.js:4
[   85918ms] [WARNING] THREE.WebGLRenderer: Texture marked for update but image is incomplete @ https://app.spline.design/assets/chunks/chunk-C1GBGJcI.js:4
[   85931ms] [WARNING] THREE.WebGLRenderer: Texture marked for update but image is incomplete @ https://app.spline.design/assets/chunks/chunk-C1GBGJcI.js:4
[   85945ms] [WARNING] THREE.WebGLRenderer: Texture marked for update but image is incomplete @ https://app.spline.design/assets/chunks/chunk-C1GBGJcI.js:4
[   85957ms] [WARNING] THREE.WebGLRenderer: Texture marked for update but image is incomplete @ https://app.spline.design/assets/chunks/chunk-C1GBGJcI.js:4
[   85971ms] [WARNING] THREE.WebGLRenderer: Texture marked for update but image is incomplete @ https://app.spline.design/assets/chunks/chunk-C1GBGJcI.js:4
[   85984ms] [WARNING] THREE.WebGLRenderer: Texture marked for update but image is incomplete @ https://app.spline.design/assets/chunks/chunk-C1GBGJcI.js:4
[   85997ms] [WARNING] THREE.WebGLRenderer: Texture marked for update but image is incomplete @ https://app.spline.design/assets/chunks/chunk-C1GBGJcI.js:4
[   86011ms] [WARNING] THREE.WebGLRenderer: Texture marked for update but image is incomplete @ https://app.spline.design/assets/chunks/chunk-C1GBGJcI.js:4
[   86024ms] [WARNING] THREE.WebGLRenderer: Texture marked for update but image is incomplete @ https://app.spline.design/assets/chunks/chunk-C1GBGJcI.js:4
[   86037ms] [WARNING] THREE.WebGLRenderer: Texture marked for update but image is incomplete @ https://app.spline.design/assets/chunks/chunk-C1GBGJcI.js:4
[   86051ms] [WARNING] THREE.WebGLRenderer: Texture marked for update but image is incomplete @ https://app.spline.design/assets/chunks/chunk-C1GBGJcI.js:4
[   86064ms] [WARNING] THREE.WebGLRenderer: Texture marked for update but image is incomplete @ https://app.spline.design/assets/chunks/chunk-C1GBGJcI.js:4
[   86078ms] [WARNING] THREE.WebGLRenderer: Texture marked for update but image is incomplete @ https://app.spline.design/assets/chunks/chunk-C1GBGJcI.js:4
[   86092ms] [WARNING] THREE.WebGLRenderer: Texture marked for update but image is incomplete @ https://app.spline.design/assets/chunks/chunk-C1GBGJcI.js:4
[   86105ms] [WARNING] THREE.WebGLRenderer: Texture marked for update but image is incomplete @ https://app.spline.design/assets/chunks/chunk-C1GBGJcI.js:4
[   86118ms] [WARNING] THREE.WebGLRenderer: Texture marked for update but image is incomplete @ https://app.spline.design/assets/chunks/chunk-C1GBGJcI.js:4
[   86131ms] [WARNING] THREE.WebGLRenderer: Texture marked for update but image is incomplete @ https://app.spline.design/assets/chunks/chunk-C1GBGJcI.js:4
[   86144ms] [WARNING] THREE.WebGLRenderer: Texture marked for update but image is incomplete @ https://app.spline.design/assets/chunks/chunk-C1GBGJcI.js:4
[   86158ms] [WARNING] THREE.WebGLRenderer: Texture marked for update but image is incomplete @ https://app.spline.design/assets/chunks/chunk-C1GBGJcI.js:4
[   86171ms] [WARNING] THREE.WebGLRenderer: Texture marked for update but image is incomplete @ https://app.spline.design/assets/chunks/chunk-C1GBGJcI.js:4
[   86184ms] [WARNING] THREE.WebGLRenderer: Texture marked for update but image is incomplete @ https://app.spline.design/assets/chunks/chunk-C1GBGJcI.js:4
[   86198ms] [WARNING] THREE.WebGLRenderer: Texture marked for update but image is incomplete @ https://app.spline.design/assets/chunks/chunk-C1GBGJcI.js:4
[   86211ms] [WARNING] THREE.WebGLRenderer: Texture marked for update but image is incomplete @ https://app.spline.design/assets/chunks/chunk-C1GBGJcI.js:4
[   86225ms] [WARNING] THREE.WebGLRenderer: Texture marked for update but image is incomplete @ https://app.spline.design/assets/chunks/chunk-C1GBGJcI.js:4
[   86238ms] [WARNING] THREE.WebGLRenderer: Texture marked for update but image is incomplete @ https://app.spline.design/assets/chunks/chunk-C1GBGJcI.js:4
[   86251ms] [WARNING] THREE.WebGLRenderer: Texture marked for update but image is incomplete @ https://app.spline.design/assets/chunks/chunk-C1GBGJcI.js:4
[   86265ms] [WARNING] THREE.WebGLRenderer: Texture marked for update but image is incomplete @ https://app.spline.design/assets/chunks/chunk-C1GBGJcI.js:4
[   86277ms] [WARNING] THREE.WebGLRenderer: Texture marked for update but image is incomplete @ https://app.spline.design/assets/chunks/chunk-C1GBGJcI.js:4
[   86291ms] [WARNING] THREE.WebGLRenderer: Texture marked for update but image is incomplete @ https://app.spline.design/assets/chunks/chunk-C1GBGJcI.js:4
[   86305ms] [WARNING] THREE.WebGLRenderer: Texture marked for update but image is incomplete @ https://app.spline.design/assets/chunks/chunk-C1GBGJcI.js:4
[   86317ms] [WARNING] THREE.WebGLRenderer: Texture marked for update but image is incomplete @ https://app.spline.design/assets/chunks/chunk-C1GBGJcI.js:4
[   86331ms] [WARNING] THREE.WebGLRenderer: Texture marked for update but image is incomplete @ https://app.spline.design/assets/chunks/chunk-C1GBGJcI.js:4
[   86345ms] [WARNING] THREE.WebGLRenderer: Texture marked for update but image is incomplete @ https://app.spline.design/assets/chunks/chunk-C1GBGJcI.js:4
[   86358ms] [WARNING] THREE.WebGLRenderer: Texture marked for update but image is incomplete @ https://app.spline.design/assets/chunks/chunk-C1GBGJcI.js:4
[   86372ms] [WARNING] THREE.WebGLRenderer: Texture marked for update but image is incomplete @ https://app.spline.design/assets/chunks/chunk-C1GBGJcI.js:4
[   86384ms] [WARNING] THREE.WebGLRenderer: Texture marked for update but image is incomplete @ https://app.spline.design/assets/chunks/chunk-C1GBGJcI.js:4
[   86397ms] [WARNING] THREE.WebGLRenderer: Texture marked for update but image is incomplete @ https://app.spline.design/assets/chunks/chunk-C1GBGJcI.js:4
[   86412ms] [WARNING] THREE.WebGLRenderer: Texture marked for update but image is incomplete @ https://app.spline.design/assets/chunks/chunk-C1GBGJcI.js:4
[   86424ms] [WARNING] THREE.WebGLRenderer: Texture marked for update but image is incomplete @ https://app.spline.design/assets/chunks/chunk-C1GBGJcI.js:4
[   86437ms] [WARNING] THREE.WebGLRenderer: Texture marked for update but image is incomplete @ https://app.spline.design/assets/chunks/chunk-C1GBGJcI.js:4
[   86451ms] [WARNING] THREE.WebGLRenderer: Texture marked for update but image is incomplete @ https://app.spline.design/assets/chunks/chunk-C1GBGJcI.js:4
[   86464ms] [WARNING] THREE.WebGLRenderer: Texture marked for update but image is incomplete @ https://app.spline.design/assets/chunks/chunk-C1GBGJcI.js:4
[   86477ms] [WARNING] THREE.WebGLRenderer: Texture marked for update but image is incomplete @ https://app.spline.design/assets/chunks/chunk-C1GBGJcI.js:4
[   86491ms] [WARNING] THREE.WebGLRenderer: Texture marked for update but image is incomplete @ https://app.spline.design/assets/chunks/chunk-C1GBGJcI.js:4
[   86507ms] [WARNING] THREE.WebGLRenderer: Texture marked for update but image is incomplete @ https://app.spline.design/assets/chunks/chunk-C1GBGJcI.js:4
[   86518ms] [WARNING] THREE.WebGLRenderer: Texture marked for update but image is incomplete @ https://app.spline.design/assets/chunks/chunk-C1GBGJcI.js:4
[   86531ms] [WARNING] THREE.WebGLRenderer: Texture marked for update but image is incomplete @ https://app.spline.design/assets/chunks/chunk-C1GBGJcI.js:4
[   86545ms] [WARNING] THREE.WebGLRenderer: Texture marked for update but image is incomplete @ https://app.spline.design/assets/chunks/chunk-C1GBGJcI.js:4
[   86559ms] [WARNING] THREE.WebGLRenderer: Texture marked for update but image is incomplete @ https://app.spline.design/assets/chunks/chunk-C1GBGJcI.js:4
[   86571ms] [WARNING] THREE.WebGLRenderer: Texture marked for update but image is incomplete @ https://app.spline.design/assets/chunks/chunk-C1GBGJcI.js:4
[   86584ms] [WARNING] THREE.WebGLRenderer: Texture marked for update but image is incomplete @ https://app.spline.design/assets/chunks/chunk-C1GBGJcI.js:4
[   86598ms] [WARNING] THREE.WebGLRenderer: Texture marked for update but image is incomplete @ https://app.spline.design/assets/chunks/chunk-C1GBGJcI.js:4
[   86611ms] [WARNING] THREE.WebGLRenderer: Texture marked for update but image is incomplete @ https://app.spline.design/assets/chunks/chunk-C1GBGJcI.js:4
[   86625ms] [WARNING] THREE.WebGLRenderer: Texture marked for update but image is incomplete @ https://app.spline.design/assets/chunks/chunk-C1GBGJcI.js:4
[   86638ms] [WARNING] THREE.WebGLRenderer: Texture marked for update but image is incomplete @ https://app.spline.design/assets/chunks/chunk-C1GBGJcI.js:4
[   86653ms] [WARNING] THREE.WebGLRenderer: Texture marked for update but image is incomplete @ https://app.spline.design/assets/chunks/chunk-C1GBGJcI.js:4
[   86664ms] [WARNING] THREE.WebGLRenderer: Texture marked for update but image is incomplete @ https://app.spline.design/assets/chunks/chunk-C1GBGJcI.js:4
[   86679ms] [WARNING] THREE.WebGLRenderer: Texture marked for update but image is incomplete @ https://app.spline.design/assets/chunks/chunk-C1GBGJcI.js:4
[   86691ms] [WARNING] THREE.WebGLRenderer: Texture marked for update but image is incomplete @ https://app.spline.design/assets/chunks/chunk-C1GBGJcI.js:4
[   86704ms] [WARNING] THREE.WebGLRenderer: Texture marked for update but image is incomplete @ https://app.spline.design/assets/chunks/chunk-C1GBGJcI.js:4
[   86718ms] [WARNING] THREE.WebGLRenderer: Texture marked for update but image is incomplete @ https://app.spline.design/assets/chunks/chunk-C1GBGJcI.js:4
[   86732ms] [WARNING] THREE.WebGLRenderer: Texture marked for update but image is incomplete @ https://app.spline.design/assets/chunks/chunk-C1GBGJcI.js:4
[   87342ms] [ERROR] ---- failed to open <0> as a font @ https://app.spline.design/assets/chunks/chunk-C1GBGJcI.js:4
