[    1471ms] [INFO] %cDownload the React DevTools for a better development experience: https://react.dev/link/react-devtools font-weight:bold @ http://localhost:3001/_next/static/chunks/node_modules_next_dist_115brz8._.js:2431
[    1497ms] [LOG] [HMR] connected @ http://localhost:3001/_next/static/chunks/node_modules_next_dist_115brz8._.js:2431
[    1624ms] [LOG] [Fast Refresh] rebuilding @ http://localhost:3001/_next/static/chunks/node_modules_next_dist_115brz8._.js:2431
[    2129ms] [INFO] %cDownload the React DevTools for a better development experience: https://react.dev/link/react-devtools font-weight:bold @ http://localhost:3001/_next/static/chunks/node_modules_next_dist_115brz8._.js:2431
[    2163ms] [LOG] [HMR] connected @ http://localhost:3001/_next/static/chunks/node_modules_next_dist_115brz8._.js:2431
[    2195ms] [LOG] [Fast Refresh] rebuilding @ http://localhost:3001/_next/static/chunks/node_modules_next_dist_115brz8._.js:2431
[    2345ms] [WARNING] THREE.THREE.Clock: This module has been deprecated. Please use THREE.Timer instead. @ http://localhost:3001/_next/static/chunks/node_modules_next_dist_115brz8._.js:2431
[    2466ms] [INFO] %cDownload the React DevTools for a better development experience: https://react.dev/link/react-devtools font-weight:bold @ http://localhost:3001/_next/static/chunks/node_modules_next_dist_115brz8._.js:2431
[    2488ms] [LOG] [HMR] connected @ http://localhost:3001/_next/static/chunks/node_modules_next_dist_115brz8._.js:2431
[    2635ms] [WARNING] THREE.THREE.Clock: This module has been deprecated. Please use THREE.Timer instead. @ http://localhost:3001/_next/static/chunks/node_modules_next_dist_115brz8._.js:2431
[    2692ms] [ERROR] WebSocket is already in CLOSING or CLOSED state. @ http://localhost:3001/_next/static/chunks/node_modules_next_dist_115brz8._.js:2790
[    2802ms] [INFO] %cDownload the React DevTools for a better development experience: https://react.dev/link/react-devtools font-weight:bold @ http://localhost:3001/_next/static/chunks/node_modules_next_dist_115brz8._.js:2431
[    2826ms] [LOG] [HMR] connected @ http://localhost:3001/_next/static/chunks/node_modules_next_dist_115brz8._.js:2431
[    3024ms] [WARNING] THREE.THREE.Clock: This module has been deprecated. Please use THREE.Timer instead. @ http://localhost:3001/_next/static/chunks/node_modules_next_dist_115brz8._.js:2431
[    3084ms] [ERROR] WebSocket is already in CLOSING or CLOSED state. @ http://localhost:3001/_next/static/chunks/node_modules_next_dist_115brz8._.js:2790
[    3217ms] [INFO] %cDownload the React DevTools for a better development experience: https://react.dev/link/react-devtools font-weight:bold @ http://localhost:3001/_next/static/chunks/node_modules_next_dist_115brz8._.js:2431
[    3242ms] [LOG] [HMR] connected @ http://localhost:3001/_next/static/chunks/node_modules_next_dist_115brz8._.js:2431
[    3295ms] [LOG] [Fast Refresh] rebuilding @ http://localhost:3001/_next/static/chunks/node_modules_next_dist_115brz8._.js:2431
[    3423ms] [WARNING] THREE.THREE.Clock: This module has been deprecated. Please use THREE.Timer instead. @ http://localhost:3001/_next/static/chunks/node_modules_next_dist_115brz8._.js:2431
[    3541ms] [INFO] %cDownload the React DevTools for a better development experience: https://react.dev/link/react-devtools font-weight:bold @ http://localhost:3001/_next/static/chunks/node_modules_next_dist_115brz8._.js:2431
[    3572ms] [LOG] [HMR] connected @ http://localhost:3001/_next/static/chunks/node_modules_next_dist_115brz8._.js:2431
[    3757ms] [WARNING] THREE.THREE.Clock: This module has been deprecated. Please use THREE.Timer instead. @ http://localhost:3001/_next/static/chunks/node_modules_next_dist_115brz8._.js:2431
[    3809ms] [ERROR] WebSocket is already in CLOSING or CLOSED state. @ http://localhost:3001/_next/static/chunks/node_modules_next_dist_115brz8._.js:2790
[    3936ms] [INFO] %cDownload the React DevTools for a better development experience: https://react.dev/link/react-devtools font-weight:bold @ http://localhost:3001/_next/static/chunks/node_modules_next_dist_115brz8._.js:2431
[    3961ms] [LOG] [HMR] connected @ http://localhost:3001/_next/static/chunks/node_modules_next_dist_115brz8._.js:2431
[    4116ms] [WARNING] THREE.THREE.Clock: This module has been deprecated. Please use THREE.Timer instead. @ http://localhost:3001/_next/static/chunks/node_modules_next_dist_115brz8._.js:2431
[    4225ms] [INFO] %cDownload the React DevTools for a better development experience: https://react.dev/link/react-devtools font-weight:bold @ http://localhost:3001/_next/static/chunks/node_modules_next_dist_115brz8._.js:2431
[    4247ms] [LOG] [HMR] connected @ http://localhost:3001/_next/static/chunks/node_modules_next_dist_115brz8._.js:2431
[    4289ms] [LOG] [Fast Refresh] rebuilding @ http://localhost:3001/_next/static/chunks/node_modules_next_dist_115brz8._.js:2431
[    4437ms] [WARNING] THREE.THREE.Clock: This module has been deprecated. Please use THREE.Timer instead. @ http://localhost:3001/_next/static/chunks/node_modules_next_dist_115brz8._.js:2431
[    4523ms] [INFO] %cDownload the React DevTools for a better development experience: https://react.dev/link/react-devtools font-weight:bold @ http://localhost:3001/_next/static/chunks/node_modules_next_dist_115brz8._.js:2431
[    4549ms] [LOG] [HMR] connected @ http://localhost:3001/_next/static/chunks/node_modules_next_dist_115brz8._.js:2431
[    4583ms] [LOG] [Fast Refresh] rebuilding @ http://localhost:3001/_next/static/chunks/node_modules_next_dist_115brz8._.js:2431
[    4717ms] [WARNING] THREE.THREE.Clock: This module has been deprecated. Please use THREE.Timer instead. @ http://localhost:3001/_next/static/chunks/node_modules_next_dist_115brz8._.js:2431
[    4834ms] [INFO] %cDownload the React DevTools for a better development experience: https://react.dev/link/react-devtools font-weight:bold @ http://localhost:3001/_next/static/chunks/node_modules_next_dist_115brz8._.js:2431
[    4857ms] [LOG] [HMR] connected @ http://localhost:3001/_next/static/chunks/node_modules_next_dist_115brz8._.js:2431
[    4898ms] [LOG] [Fast Refresh] rebuilding @ http://localhost:3001/_next/static/chunks/node_modules_next_dist_115brz8._.js:2431
[    5050ms] [WARNING] THREE.THREE.Clock: This module has been deprecated. Please use THREE.Timer instead. @ http://localhost:3001/_next/static/chunks/node_modules_next_dist_115brz8._.js:2431
[    5125ms] [INFO] %cDownload the React DevTools for a better development experience: https://react.dev/link/react-devtools font-weight:bold @ http://localhost:3001/_next/static/chunks/node_modules_next_dist_115brz8._.js:2431
[    5148ms] [LOG] [HMR] connected @ http://localhost:3001/_next/static/chunks/node_modules_next_dist_115brz8._.js:2431
[    5181ms] [LOG] [Fast Refresh] rebuilding @ http://localhost:3001/_next/static/chunks/node_modules_next_dist_115brz8._.js:2431
[    5412ms] [INFO] %cDownload the React DevTools for a better development experience: https://react.dev/link/react-devtools font-weight:bold @ http://localhost:3001/_next/static/chunks/node_modules_next_dist_115brz8._.js:2431
[    5434ms] [LOG] [HMR] connected @ http://localhost:3001/_next/static/chunks/node_modules_next_dist_115brz8._.js:2431
[    5477ms] [LOG] [Fast Refresh] rebuilding @ http://localhost:3001/_next/static/chunks/node_modules_next_dist_115brz8._.js:2431
[    5609ms] [WARNING] THREE.THREE.Clock: This module has been deprecated. Please use THREE.Timer instead. @ http://localhost:3001/_next/static/chunks/node_modules_next_dist_115brz8._.js:2431
[    5718ms] [INFO] %cDownload the React DevTools for a better development experience: https://react.dev/link/react-devtools font-weight:bold @ http://localhost:3001/_next/static/chunks/node_modules_next_dist_115brz8._.js:2431
[    5738ms] [LOG] [HMR] connected @ http://localhost:3001/_next/static/chunks/node_modules_next_dist_115brz8._.js:2431
[    5791ms] [LOG] [Fast Refresh] rebuilding @ http://localhost:3001/_next/static/chunks/node_modules_next_dist_115brz8._.js:2431
[    5892ms] [WARNING] THREE.THREE.Clock: This module has been deprecated. Please use THREE.Timer instead. @ http://localhost:3001/_next/static/chunks/node_modules_next_dist_115brz8._.js:2431
[    5951ms] [ERROR] WebSocket is already in CLOSING or CLOSED state. @ http://localhost:3001/_next/static/chunks/node_modules_next_dist_115brz8._.js:2790
[    6063ms] [INFO] %cDownload the React DevTools for a better development experience: https://react.dev/link/react-devtools font-weight:bold @ http://localhost:3001/_next/static/chunks/node_modules_next_dist_115brz8._.js:2431
[    6087ms] [LOG] [HMR] connected @ http://localhost:3001/_next/static/chunks/node_modules_next_dist_115brz8._.js:2431
[    6251ms] [WARNING] THREE.THREE.Clock: This module has been deprecated. Please use THREE.Timer instead. @ http://localhost:3001/_next/static/chunks/node_modules_next_dist_115brz8._.js:2431
[    6352ms] [INFO] %cDownload the React DevTools for a better development experience: https://react.dev/link/react-devtools font-weight:bold @ http://localhost:3001/_next/static/chunks/node_modules_next_dist_115brz8._.js:2431
[    6375ms] [LOG] [HMR] connected @ http://localhost:3001/_next/static/chunks/node_modules_next_dist_115brz8._.js:2431
[    6530ms] [WARNING] THREE.THREE.Clock: This module has been deprecated. Please use THREE.Timer instead. @ http://localhost:3001/_next/static/chunks/node_modules_next_dist_115brz8._.js:2431
[    6661ms] [INFO] %cDownload the React DevTools for a better development experience: https://react.dev/link/react-devtools font-weight:bold @ http://localhost:3001/_next/static/chunks/node_modules_next_dist_115brz8._.js:2431
[    6682ms] [LOG] [HMR] connected @ http://localhost:3001/_next/static/chunks/node_modules_next_dist_115brz8._.js:2431
[    6721ms] [LOG] [Fast Refresh] rebuilding @ http://localhost:3001/_next/static/chunks/node_modules_next_dist_115brz8._.js:2431
[    6850ms] [WARNING] THREE.THREE.Clock: This module has been deprecated. Please use THREE.Timer instead. @ http://localhost:3001/_next/static/chunks/node_modules_next_dist_115brz8._.js:2431
[    6923ms] [INFO] %cDownload the React DevTools for a better development experience: https://react.dev/link/react-devtools font-weight:bold @ http://localhost:3001/_next/static/chunks/node_modules_next_dist_115brz8._.js:2431
[    6944ms] [LOG] [HMR] connected @ http://localhost:3001/_next/static/chunks/node_modules_next_dist_115brz8._.js:2431
[    7104ms] [WARNING] THREE.THREE.Clock: This module has been deprecated. Please use THREE.Timer instead. @ http://localhost:3001/_next/static/chunks/node_modules_next_dist_115brz8._.js:2431
[    7209ms] [INFO] %cDownload the React DevTools for a better development experience: https://react.dev/link/react-devtools font-weight:bold @ http://localhost:3001/_next/static/chunks/node_modules_next_dist_115brz8._.js:2431
[    7231ms] [LOG] [HMR] connected @ http://localhost:3001/_next/static/chunks/node_modules_next_dist_115brz8._.js:2431
[    7290ms] [LOG] [Fast Refresh] rebuilding @ http://localhost:3001/_next/static/chunks/node_modules_next_dist_115brz8._.js:2431
[    7398ms] [WARNING] THREE.THREE.Clock: This module has been deprecated. Please use THREE.Timer instead. @ http://localhost:3001/_next/static/chunks/node_modules_next_dist_115brz8._.js:2431
[    7546ms] [INFO] %cDownload the React DevTools for a better development experience: https://react.dev/link/react-devtools font-weight:bold @ http://localhost:3001/_next/static/chunks/node_modules_next_dist_115brz8._.js:2431
[    7565ms] [LOG] [HMR] connected @ http://localhost:3001/_next/static/chunks/node_modules_next_dist_115brz8._.js:2431
[    7602ms] [LOG] [Fast Refresh] rebuilding @ http://localhost:3001/_next/static/chunks/node_modules_next_dist_115brz8._.js:2431
[    7831ms] [INFO] %cDownload the React DevTools for a better development experience: https://react.dev/link/react-devtools font-weight:bold @ http://localhost:3001/_next/static/chunks/node_modules_next_dist_115brz8._.js:2431
[    7856ms] [LOG] [HMR] connected @ http://localhost:3001/_next/static/chunks/node_modules_next_dist_115brz8._.js:2431
[    8028ms] [WARNING] THREE.THREE.Clock: This module has been deprecated. Please use THREE.Timer instead. @ http://localhost:3001/_next/static/chunks/node_modules_next_dist_115brz8._.js:2431
[    8107ms] [INFO] %cDownload the React DevTools for a better development experience: https://react.dev/link/react-devtools font-weight:bold @ http://localhost:3001/_next/static/chunks/node_modules_next_dist_115brz8._.js:2431
[    8126ms] [LOG] [HMR] connected @ http://localhost:3001/_next/static/chunks/node_modules_next_dist_115brz8._.js:2431
[    8168ms] [LOG] [Fast Refresh] rebuilding @ http://localhost:3001/_next/static/chunks/node_modules_next_dist_115brz8._.js:2431
[    8304ms] [WARNING] THREE.THREE.Clock: This module has been deprecated. Please use THREE.Timer instead. @ http://localhost:3001/_next/static/chunks/node_modules_next_dist_115brz8._.js:2431
[    8406ms] [INFO] %cDownload the React DevTools for a better development experience: https://react.dev/link/react-devtools font-weight:bold @ http://localhost:3001/_next/static/chunks/node_modules_next_dist_115brz8._.js:2431
[    8429ms] [LOG] [HMR] connected @ http://localhost:3001/_next/static/chunks/node_modules_next_dist_115brz8._.js:2431
[    8465ms] [LOG] [Fast Refresh] rebuilding @ http://localhost:3001/_next/static/chunks/node_modules_next_dist_115brz8._.js:2431
[    8586ms] [WARNING] THREE.THREE.Clock: This module has been deprecated. Please use THREE.Timer instead. @ http://localhost:3001/_next/static/chunks/node_modules_next_dist_115brz8._.js:2431
[    8641ms] [ERROR] WebSocket is already in CLOSING or CLOSED state. @ http://localhost:3001/_next/static/chunks/node_modules_next_dist_115brz8._.js:2790
[    8731ms] [INFO] %cDownload the React DevTools for a better development experience: https://react.dev/link/react-devtools font-weight:bold @ http://localhost:3001/_next/static/chunks/node_modules_next_dist_115brz8._.js:2431
[    8755ms] [LOG] [HMR] connected @ http://localhost:3001/_next/static/chunks/node_modules_next_dist_115brz8._.js:2431
[    8917ms] [WARNING] THREE.THREE.Clock: This module has been deprecated. Please use THREE.Timer instead. @ http://localhost:3001/_next/static/chunks/node_modules_next_dist_115brz8._.js:2431
[    9029ms] [INFO] %cDownload the React DevTools for a better development experience: https://react.dev/link/react-devtools font-weight:bold @ http://localhost:3001/_next/static/chunks/node_modules_next_dist_115brz8._.js:2431
[    9048ms] [LOG] [HMR] connected @ http://localhost:3001/_next/static/chunks/node_modules_next_dist_115brz8._.js:2431
[    9082ms] [LOG] [Fast Refresh] rebuilding @ http://localhost:3001/_next/static/chunks/node_modules_next_dist_115brz8._.js:2431
[    9223ms] [WARNING] THREE.THREE.Clock: This module has been deprecated. Please use THREE.Timer instead. @ http://localhost:3001/_next/static/chunks/node_modules_next_dist_115brz8._.js:2431
[    9310ms] [INFO] %cDownload the React DevTools for a better development experience: https://react.dev/link/react-devtools font-weight:bold @ http://localhost:3001/_next/static/chunks/node_modules_next_dist_115brz8._.js:2431
[    9329ms] [LOG] [HMR] connected @ http://localhost:3001/_next/static/chunks/node_modules_next_dist_115brz8._.js:2431
[    9361ms] [LOG] [Fast Refresh] rebuilding @ http://localhost:3001/_next/static/chunks/node_modules_next_dist_115brz8._.js:2431
[    9487ms] [WARNING] THREE.THREE.Clock: This module has been deprecated. Please use THREE.Timer instead. @ http://localhost:3001/_next/static/chunks/node_modules_next_dist_115brz8._.js:2431
[    9585ms] [INFO] %cDownload the React DevTools for a better development experience: https://react.dev/link/react-devtools font-weight:bold @ http://localhost:3001/_next/static/chunks/node_modules_next_dist_115brz8._.js:2431
[    9615ms] [LOG] [HMR] connected @ http://localhost:3001/_next/static/chunks/node_modules_next_dist_115brz8._.js:2431
[    9784ms] [WARNING] THREE.THREE.Clock: This module has been deprecated. Please use THREE.Timer instead. @ http://localhost:3001/_next/static/chunks/node_modules_next_dist_115brz8._.js:2431
[    9869ms] [INFO] %cDownload the React DevTools for a better development experience: https://react.dev/link/react-devtools font-weight:bold @ http://localhost:3001/_next/static/chunks/node_modules_next_dist_115brz8._.js:2431
[    9886ms] [LOG] [HMR] connected @ http://localhost:3001/_next/static/chunks/node_modules_next_dist_115brz8._.js:2431
[    9917ms] [LOG] [Fast Refresh] rebuilding @ http://localhost:3001/_next/static/chunks/node_modules_next_dist_115brz8._.js:2431
[   10075ms] [WARNING] THREE.THREE.Clock: This module has been deprecated. Please use THREE.Timer instead. @ http://localhost:3001/_next/static/chunks/node_modules_next_dist_115brz8._.js:2431
[   10157ms] [INFO] %cDownload the React DevTools for a better development experience: https://react.dev/link/react-devtools font-weight:bold @ http://localhost:3001/_next/static/chunks/node_modules_next_dist_115brz8._.js:2431
[   10178ms] [LOG] [HMR] connected @ http://localhost:3001/_next/static/chunks/node_modules_next_dist_115brz8._.js:2431
[   10205ms] [LOG] [Fast Refresh] rebuilding @ http://localhost:3001/_next/static/chunks/node_modules_next_dist_115brz8._.js:2431
[   10357ms] [WARNING] THREE.THREE.Clock: This module has been deprecated. Please use THREE.Timer instead. @ http://localhost:3001/_next/static/chunks/node_modules_next_dist_115brz8._.js:2431
[   10432ms] [INFO] %cDownload the React DevTools for a better development experience: https://react.dev/link/react-devtools font-weight:bold @ http://localhost:3001/_next/static/chunks/node_modules_next_dist_115brz8._.js:2431
[   10463ms] [LOG] [HMR] connected @ http://localhost:3001/_next/static/chunks/node_modules_next_dist_115brz8._.js:2431
[   10624ms] [WARNING] THREE.THREE.Clock: This module has been deprecated. Please use THREE.Timer instead. @ http://localhost:3001/_next/static/chunks/node_modules_next_dist_115brz8._.js:2431
[   10720ms] [INFO] %cDownload the React DevTools for a better development experience: https://react.dev/link/react-devtools font-weight:bold @ http://localhost:3001/_next/static/chunks/node_modules_next_dist_115brz8._.js:2431
[   10740ms] [LOG] [HMR] connected @ http://localhost:3001/_next/static/chunks/node_modules_next_dist_115brz8._.js:2431
[   10905ms] [WARNING] THREE.THREE.Clock: This module has been deprecated. Please use THREE.Timer instead. @ http://localhost:3001/_next/static/chunks/node_modules_next_dist_115brz8._.js:2431
[   11004ms] [INFO] %cDownload the React DevTools for a better development experience: https://react.dev/link/react-devtools font-weight:bold @ http://localhost:3001/_next/static/chunks/node_modules_next_dist_115brz8._.js:2431
[   11029ms] [LOG] [HMR] connected @ http://localhost:3001/_next/static/chunks/node_modules_next_dist_115brz8._.js:2431
[   11069ms] [LOG] [Fast Refresh] rebuilding @ http://localhost:3001/_next/static/chunks/node_modules_next_dist_115brz8._.js:2431
[   11198ms] [WARNING] THREE.THREE.Clock: This module has been deprecated. Please use THREE.Timer instead. @ http://localhost:3001/_next/static/chunks/node_modules_next_dist_115brz8._.js:2431
[   11281ms] [INFO] %cDownload the React DevTools for a better development experience: https://react.dev/link/react-devtools font-weight:bold @ http://localhost:3001/_next/static/chunks/node_modules_next_dist_115brz8._.js:2431
[   11304ms] [LOG] [HMR] connected @ http://localhost:3001/_next/static/chunks/node_modules_next_dist_115brz8._.js:2431
[   11361ms] [LOG] [Fast Refresh] rebuilding @ http://localhost:3001/_next/static/chunks/node_modules_next_dist_115brz8._.js:2431
[   11480ms] [WARNING] THREE.THREE.Clock: This module has been deprecated. Please use THREE.Timer instead. @ http://localhost:3001/_next/static/chunks/node_modules_next_dist_115brz8._.js:2431
[   11560ms] [INFO] %cDownload the React DevTools for a better development experience: https://react.dev/link/react-devtools font-weight:bold @ http://localhost:3001/_next/static/chunks/node_modules_next_dist_115brz8._.js:2431
[   11579ms] [LOG] [HMR] connected @ http://localhost:3001/_next/static/chunks/node_modules_next_dist_115brz8._.js:2431
[   11759ms] [WARNING] THREE.THREE.Clock: This module has been deprecated. Please use THREE.Timer instead. @ http://localhost:3001/_next/static/chunks/node_modules_next_dist_115brz8._.js:2431
[   11834ms] [INFO] %cDownload the React DevTools for a better development experience: https://react.dev/link/react-devtools font-weight:bold @ http://localhost:3001/_next/static/chunks/node_modules_next_dist_115brz8._.js:2431
[   11859ms] [LOG] [HMR] connected @ http://localhost:3001/_next/static/chunks/node_modules_next_dist_115brz8._.js:2431
[   11897ms] [LOG] [Fast Refresh] rebuilding @ http://localhost:3001/_next/static/chunks/node_modules_next_dist_115brz8._.js:2431
[   12026ms] [WARNING] THREE.THREE.Clock: This module has been deprecated. Please use THREE.Timer instead. @ http://localhost:3001/_next/static/chunks/node_modules_next_dist_115brz8._.js:2431
[   12110ms] [INFO] %cDownload the React DevTools for a better development experience: https://react.dev/link/react-devtools font-weight:bold @ http://localhost:3001/_next/static/chunks/node_modules_next_dist_115brz8._.js:2431
[   12133ms] [LOG] [HMR] connected @ http://localhost:3001/_next/static/chunks/node_modules_next_dist_115brz8._.js:2431
[   12176ms] [LOG] [Fast Refresh] rebuilding @ http://localhost:3001/_next/static/chunks/node_modules_next_dist_115brz8._.js:2431
[   12292ms] [WARNING] THREE.THREE.Clock: This module has been deprecated. Please use THREE.Timer instead. @ http://localhost:3001/_next/static/chunks/node_modules_next_dist_115brz8._.js:2431
[   12410ms] [INFO] %cDownload the React DevTools for a better development experience: https://react.dev/link/react-devtools font-weight:bold @ http://localhost:3001/_next/static/chunks/node_modules_next_dist_115brz8._.js:2431
[   12437ms] [LOG] [HMR] connected @ http://localhost:3001/_next/static/chunks/node_modules_next_dist_115brz8._.js:2431
[   12472ms] [LOG] [Fast Refresh] rebuilding @ http://localhost:3001/_next/static/chunks/node_modules_next_dist_115brz8._.js:2431
[   12613ms] [WARNING] THREE.THREE.Clock: This module has been deprecated. Please use THREE.Timer instead. @ http://localhost:3001/_next/static/chunks/node_modules_next_dist_115brz8._.js:2431
[   12738ms] [INFO] %cDownload the React DevTools for a better development experience: https://react.dev/link/react-devtools font-weight:bold @ http://localhost:3001/_next/static/chunks/node_modules_next_dist_115brz8._.js:2431
[   12756ms] [LOG] [HMR] connected @ http://localhost:3001/_next/static/chunks/node_modules_next_dist_115brz8._.js:2431
[   12806ms] [LOG] [Fast Refresh] rebuilding @ http://localhost:3001/_next/static/chunks/node_modules_next_dist_115brz8._.js:2431
[   12986ms] [WARNING] THREE.THREE.Clock: This module has been deprecated. Please use THREE.Timer instead. @ http://localhost:3001/_next/static/chunks/node_modules_next_dist_115brz8._.js:2431
[   13064ms] [INFO] %cDownload the React DevTools for a better development experience: https://react.dev/link/react-devtools font-weight:bold @ http://localhost:3001/_next/static/chunks/node_modules_next_dist_115brz8._.js:2431
[   13087ms] [LOG] [HMR] connected @ http://localhost:3001/_next/static/chunks/node_modules_next_dist_115brz8._.js:2431
[   13113ms] [LOG] [Fast Refresh] rebuilding @ http://localhost:3001/_next/static/chunks/node_modules_next_dist_115brz8._.js:2431
[   13256ms] [WARNING] THREE.THREE.Clock: This module has been deprecated. Please use THREE.Timer instead. @ http://localhost:3001/_next/static/chunks/node_modules_next_dist_115brz8._.js:2431
[   13305ms] [ERROR] WebSocket is already in CLOSING or CLOSED state. @ http://localhost:3001/_next/static/chunks/node_modules_next_dist_115brz8._.js:2790
[   13391ms] [INFO] %cDownload the React DevTools for a better development experience: https://react.dev/link/react-devtools font-weight:bold @ http://localhost:3001/_next/static/chunks/node_modules_next_dist_115brz8._.js:2431
[   13416ms] [LOG] [HMR] connected @ http://localhost:3001/_next/static/chunks/node_modules_next_dist_115brz8._.js:2431
[   13451ms] [LOG] [Fast Refresh] rebuilding @ http://localhost:3001/_next/static/chunks/node_modules_next_dist_115brz8._.js:2431
[   13585ms] [WARNING] THREE.THREE.Clock: This module has been deprecated. Please use THREE.Timer instead. @ http://localhost:3001/_next/static/chunks/node_modules_next_dist_115brz8._.js:2431
[   13663ms] [INFO] %cDownload the React DevTools for a better development experience: https://react.dev/link/react-devtools font-weight:bold @ http://localhost:3001/_next/static/chunks/node_modules_next_dist_115brz8._.js:2431
[   13686ms] [LOG] [HMR] connected @ http://localhost:3001/_next/static/chunks/node_modules_next_dist_115brz8._.js:2431
[   13718ms] [LOG] [Fast Refresh] rebuilding @ http://localhost:3001/_next/static/chunks/node_modules_next_dist_115brz8._.js:2431
[   13866ms] [WARNING] THREE.THREE.Clock: This module has been deprecated. Please use THREE.Timer instead. @ http://localhost:3001/_next/static/chunks/node_modules_next_dist_115brz8._.js:2431
[   13939ms] [INFO] %cDownload the React DevTools for a better development experience: https://react.dev/link/react-devtools font-weight:bold @ http://localhost:3001/_next/static/chunks/node_modules_next_dist_115brz8._.js:2431
[   13963ms] [LOG] [HMR] connected @ http://localhost:3001/_next/static/chunks/node_modules_next_dist_115brz8._.js:2431
[   14119ms] [WARNING] THREE.THREE.Clock: This module has been deprecated. Please use THREE.Timer instead. @ http://localhost:3001/_next/static/chunks/node_modules_next_dist_115brz8._.js:2431
[   14227ms] [INFO] %cDownload the React DevTools for a better development experience: https://react.dev/link/react-devtools font-weight:bold @ http://localhost:3001/_next/static/chunks/node_modules_next_dist_115brz8._.js:2431
[   14247ms] [LOG] [HMR] connected @ http://localhost:3001/_next/static/chunks/node_modules_next_dist_115brz8._.js:2431
[   14301ms] [LOG] [Fast Refresh] rebuilding @ http://localhost:3001/_next/static/chunks/node_modules_next_dist_115brz8._.js:2431
[   14466ms] [WARNING] THREE.THREE.Clock: This module has been deprecated. Please use THREE.Timer instead. @ http://localhost:3001/_next/static/chunks/node_modules_next_dist_115brz8._.js:2431
[   14546ms] [INFO] %cDownload the React DevTools for a better development experience: https://react.dev/link/react-devtools font-weight:bold @ http://localhost:3001/_next/static/chunks/node_modules_next_dist_115brz8._.js:2431
[   14570ms] [LOG] [HMR] connected @ http://localhost:3001/_next/static/chunks/node_modules_next_dist_115brz8._.js:2431
[   14733ms] [WARNING] THREE.THREE.Clock: This module has been deprecated. Please use THREE.Timer instead. @ http://localhost:3001/_next/static/chunks/node_modules_next_dist_115brz8._.js:2431
[   14850ms] [INFO] %cDownload the React DevTools for a better development experience: https://react.dev/link/react-devtools font-weight:bold @ http://localhost:3001/_next/static/chunks/node_modules_next_dist_115brz8._.js:2431
[   14874ms] [LOG] [HMR] connected @ http://localhost:3001/_next/static/chunks/node_modules_next_dist_115brz8._.js:2431
[   14913ms] [LOG] [Fast Refresh] rebuilding @ http://localhost:3001/_next/static/chunks/node_modules_next_dist_115brz8._.js:2431
[   15040ms] [WARNING] THREE.THREE.Clock: This module has been deprecated. Please use THREE.Timer instead. @ http://localhost:3001/_next/static/chunks/node_modules_next_dist_115brz8._.js:2431
[   15092ms] [ERROR] WebSocket is already in CLOSING or CLOSED state. @ http://localhost:3001/_next/static/chunks/node_modules_next_dist_115brz8._.js:2790
[   15208ms] [INFO] %cDownload the React DevTools for a better development experience: https://react.dev/link/react-devtools font-weight:bold @ http://localhost:3001/_next/static/chunks/node_modules_next_dist_115brz8._.js:2431
[   15229ms] [LOG] [HMR] connected @ http://localhost:3001/_next/static/chunks/node_modules_next_dist_115brz8._.js:2431
[   15290ms] [LOG] [Fast Refresh] rebuilding @ http://localhost:3001/_next/static/chunks/node_modules_next_dist_115brz8._.js:2431
[   15439ms] [WARNING] THREE.THREE.Clock: This module has been deprecated. Please use THREE.Timer instead. @ http://localhost:3001/_next/static/chunks/node_modules_next_dist_115brz8._.js:2431
[   15493ms] [ERROR] WebSocket is already in CLOSING or CLOSED state. @ http://localhost:3001/_next/static/chunks/node_modules_next_dist_115brz8._.js:2790
[   15905ms] [INFO] %cDownload the React DevTools for a better development experience: https://react.dev/link/react-devtools font-weight:bold @ http://localhost:3001/_next/static/chunks/node_modules_next_dist_115brz8._.js:2431
[   15928ms] [LOG] [HMR] connected @ http://localhost:3001/_next/static/chunks/node_modules_next_dist_115brz8._.js:2431
[   15970ms] [LOG] [Fast Refresh] rebuilding @ http://localhost:3001/_next/static/chunks/node_modules_next_dist_115brz8._.js:2431
[   16093ms] [WARNING] THREE.THREE.Clock: This module has been deprecated. Please use THREE.Timer instead. @ http://localhost:3001/_next/static/chunks/node_modules_next_dist_115brz8._.js:2431
[   16191ms] [INFO] %cDownload the React DevTools for a better development experience: https://react.dev/link/react-devtools font-weight:bold @ http://localhost:3001/_next/static/chunks/node_modules_next_dist_115brz8._.js:2431
[   16211ms] [LOG] [HMR] connected @ http://localhost:3001/_next/static/chunks/node_modules_next_dist_115brz8._.js:2431
[   16254ms] [LOG] [Fast Refresh] rebuilding @ http://localhost:3001/_next/static/chunks/node_modules_next_dist_115brz8._.js:2431
[   16413ms] [WARNING] THREE.THREE.Clock: This module has been deprecated. Please use THREE.Timer instead. @ http://localhost:3001/_next/static/chunks/node_modules_next_dist_115brz8._.js:2431
[   16461ms] [ERROR] WebSocket is already in CLOSING or CLOSED state. @ http://localhost:3001/_next/static/chunks/node_modules_next_dist_115brz8._.js:2790
[   16664ms] [INFO] %cDownload the React DevTools for a better development experience: https://react.dev/link/react-devtools font-weight:bold @ http://localhost:3001/_next/static/chunks/node_modules_next_dist_115brz8._.js:2431
[   16686ms] [LOG] [HMR] connected @ http://localhost:3001/_next/static/chunks/node_modules_next_dist_115brz8._.js:2431
[   16713ms] [LOG] [Fast Refresh] rebuilding @ http://localhost:3001/_next/static/chunks/node_modules_next_dist_115brz8._.js:2431
[   16853ms] [WARNING] THREE.THREE.Clock: This module has been deprecated. Please use THREE.Timer instead. @ http://localhost:3001/_next/static/chunks/node_modules_next_dist_115brz8._.js:2431
[   16932ms] [INFO] %cDownload the React DevTools for a better development experience: https://react.dev/link/react-devtools font-weight:bold @ http://localhost:3001/_next/static/chunks/node_modules_next_dist_115brz8._.js:2431
[   16955ms] [LOG] [HMR] connected @ http://localhost:3001/_next/static/chunks/node_modules_next_dist_115brz8._.js:2431
[   16981ms] [LOG] [Fast Refresh] rebuilding @ http://localhost:3001/_next/static/chunks/node_modules_next_dist_115brz8._.js:2431
[   17121ms] [WARNING] THREE.THREE.Clock: This module has been deprecated. Please use THREE.Timer instead. @ http://localhost:3001/_next/static/chunks/node_modules_next_dist_115brz8._.js:2431
[   17218ms] [INFO] %cDownload the React DevTools for a better development experience: https://react.dev/link/react-devtools font-weight:bold @ http://localhost:3001/_next/static/chunks/node_modules_next_dist_115brz8._.js:2431
[   17237ms] [LOG] [HMR] connected @ http://localhost:3001/_next/static/chunks/node_modules_next_dist_115brz8._.js:2431
[   17284ms] [LOG] [Fast Refresh] rebuilding @ http://localhost:3001/_next/static/chunks/node_modules_next_dist_115brz8._.js:2431
[   17387ms] [WARNING] THREE.THREE.Clock: This module has been deprecated. Please use THREE.Timer instead. @ http://localhost:3001/_next/static/chunks/node_modules_next_dist_115brz8._.js:2431
[   17499ms] [INFO] %cDownload the React DevTools for a better development experience: https://react.dev/link/react-devtools font-weight:bold @ http://localhost:3001/_next/static/chunks/node_modules_next_dist_115brz8._.js:2431
[   17519ms] [LOG] [HMR] connected @ http://localhost:3001/_next/static/chunks/node_modules_next_dist_115brz8._.js:2431
[   17547ms] [LOG] [Fast Refresh] rebuilding @ http://localhost:3001/_next/static/chunks/node_modules_next_dist_115brz8._.js:2431
[   17744ms] [INFO] %cDownload the React DevTools for a better development experience: https://react.dev/link/react-devtools font-weight:bold @ http://localhost:3001/_next/static/chunks/node_modules_next_dist_115brz8._.js:2431
[   17768ms] [LOG] [HMR] connected @ http://localhost:3001/_next/static/chunks/node_modules_next_dist_115brz8._.js:2431
[   17804ms] [LOG] [Fast Refresh] rebuilding @ http://localhost:3001/_next/static/chunks/node_modules_next_dist_115brz8._.js:2431
[   17921ms] [WARNING] THREE.THREE.Clock: This module has been deprecated. Please use THREE.Timer instead. @ http://localhost:3001/_next/static/chunks/node_modules_next_dist_115brz8._.js:2431
[   18021ms] [INFO] %cDownload the React DevTools for a better development experience: https://react.dev/link/react-devtools font-weight:bold @ http://localhost:3001/_next/static/chunks/node_modules_next_dist_115brz8._.js:2431
[   18045ms] [LOG] [HMR] connected @ http://localhost:3001/_next/static/chunks/node_modules_next_dist_115brz8._.js:2431
[   18072ms] [LOG] [Fast Refresh] rebuilding @ http://localhost:3001/_next/static/chunks/node_modules_next_dist_115brz8._.js:2431
[   18213ms] [WARNING] THREE.THREE.Clock: This module has been deprecated. Please use THREE.Timer instead. @ http://localhost:3001/_next/static/chunks/node_modules_next_dist_115brz8._.js:2431
[   18360ms] [INFO] %cDownload the React DevTools for a better development experience: https://react.dev/link/react-devtools font-weight:bold @ http://localhost:3001/_next/static/chunks/node_modules_next_dist_115brz8._.js:2431
[   18379ms] [LOG] [HMR] connected @ http://localhost:3001/_next/static/chunks/node_modules_next_dist_115brz8._.js:2431
[   18587ms] [WARNING] THREE.THREE.Clock: This module has been deprecated. Please use THREE.Timer instead. @ http://localhost:3001/_next/static/chunks/node_modules_next_dist_115brz8._.js:2431
[   18698ms] [INFO] %cDownload the React DevTools for a better development experience: https://react.dev/link/react-devtools font-weight:bold @ http://localhost:3001/_next/static/chunks/node_modules_next_dist_115brz8._.js:2431
[   18720ms] [LOG] [HMR] connected @ http://localhost:3001/_next/static/chunks/node_modules_next_dist_115brz8._.js:2431
[   18751ms] [LOG] [Fast Refresh] rebuilding @ http://localhost:3001/_next/static/chunks/node_modules_next_dist_115brz8._.js:2431
[   18897ms] [WARNING] THREE.THREE.Clock: This module has been deprecated. Please use THREE.Timer instead. @ http://localhost:3001/_next/static/chunks/node_modules_next_dist_115brz8._.js:2431
[   18982ms] [INFO] %cDownload the React DevTools for a better development experience: https://react.dev/link/react-devtools font-weight:bold @ http://localhost:3001/_next/static/chunks/node_modules_next_dist_115brz8._.js:2431
[   19002ms] [LOG] [HMR] connected @ http://localhost:3001/_next/static/chunks/node_modules_next_dist_115brz8._.js:2431
[   19038ms] [LOG] [Fast Refresh] rebuilding @ http://localhost:3001/_next/static/chunks/node_modules_next_dist_115brz8._.js:2431
[   19160ms] [WARNING] THREE.THREE.Clock: This module has been deprecated. Please use THREE.Timer instead. @ http://localhost:3001/_next/static/chunks/node_modules_next_dist_115brz8._.js:2431
[   19269ms] [INFO] %cDownload the React DevTools for a better development experience: https://react.dev/link/react-devtools font-weight:bold @ http://localhost:3001/_next/static/chunks/node_modules_next_dist_115brz8._.js:2431
[   19299ms] [LOG] [HMR] connected @ http://localhost:3001/_next/static/chunks/node_modules_next_dist_115brz8._.js:2431
[   19455ms] [WARNING] THREE.THREE.Clock: This module has been deprecated. Please use THREE.Timer instead. @ http://localhost:3001/_next/static/chunks/node_modules_next_dist_115brz8._.js:2431
[   19560ms] [INFO] %cDownload the React DevTools for a better development experience: https://react.dev/link/react-devtools font-weight:bold @ http://localhost:3001/_next/static/chunks/node_modules_next_dist_115brz8._.js:2431
[   19581ms] [LOG] [HMR] connected @ http://localhost:3001/_next/static/chunks/node_modules_next_dist_115brz8._.js:2431
[   19602ms] [LOG] [Fast Refresh] rebuilding @ http://localhost:3001/_next/static/chunks/node_modules_next_dist_115brz8._.js:2431
[   19810ms] [INFO] %cDownload the React DevTools for a better development experience: https://react.dev/link/react-devtools font-weight:bold @ http://localhost:3001/_next/static/chunks/node_modules_next_dist_115brz8._.js:2431
[   19834ms] [LOG] [HMR] connected @ http://localhost:3001/_next/static/chunks/node_modules_next_dist_115brz8._.js:2431
[   20081ms] [INFO] %cDownload the React DevTools for a better development experience: https://react.dev/link/react-devtools font-weight:bold @ http://localhost:3001/_next/static/chunks/node_modules_next_dist_115brz8._.js:2431
[   20108ms] [LOG] [HMR] connected @ http://localhost:3001/_next/static/chunks/node_modules_next_dist_115brz8._.js:2431
[   20157ms] [LOG] [Fast Refresh] rebuilding @ http://localhost:3001/_next/static/chunks/node_modules_next_dist_115brz8._.js:2431
[   20255ms] [WARNING] THREE.THREE.Clock: This module has been deprecated. Please use THREE.Timer instead. @ http://localhost:3001/_next/static/chunks/node_modules_next_dist_115brz8._.js:2431
[   20362ms] [INFO] %cDownload the React DevTools for a better development experience: https://react.dev/link/react-devtools font-weight:bold @ http://localhost:3001/_next/static/chunks/node_modules_next_dist_115brz8._.js:2431
[   20387ms] [LOG] [HMR] connected @ http://localhost:3001/_next/static/chunks/node_modules_next_dist_115brz8._.js:2431
[   20415ms] [LOG] [Fast Refresh] rebuilding @ http://localhost:3001/_next/static/chunks/node_modules_next_dist_115brz8._.js:2431
[   20608ms] [INFO] %cDownload the React DevTools for a better development experience: https://react.dev/link/react-devtools font-weight:bold @ http://localhost:3001/_next/static/chunks/node_modules_next_dist_115brz8._.js:2431
[   20629ms] [LOG] [HMR] connected @ http://localhost:3001/_next/static/chunks/node_modules_next_dist_115brz8._.js:2431
[   20666ms] [LOG] [Fast Refresh] rebuilding @ http://localhost:3001/_next/static/chunks/node_modules_next_dist_115brz8._.js:2431
[   20802ms] [WARNING] THREE.THREE.Clock: This module has been deprecated. Please use THREE.Timer instead. @ http://localhost:3001/_next/static/chunks/node_modules_next_dist_115brz8._.js:2431
[   20854ms] [ERROR] WebSocket is already in CLOSING or CLOSED state. @ http://localhost:3001/_next/static/chunks/node_modules_next_dist_115brz8._.js:2790
[   20931ms] [INFO] %cDownload the React DevTools for a better development experience: https://react.dev/link/react-devtools font-weight:bold @ http://localhost:3001/_next/static/chunks/node_modules_next_dist_115brz8._.js:2431
[   20955ms] [LOG] [HMR] connected @ http://localhost:3001/_next/static/chunks/node_modules_next_dist_115brz8._.js:2431
[   21004ms] [LOG] [Fast Refresh] rebuilding @ http://localhost:3001/_next/static/chunks/node_modules_next_dist_115brz8._.js:2431
[   21121ms] [WARNING] THREE.THREE.Clock: This module has been deprecated. Please use THREE.Timer instead. @ http://localhost:3001/_next/static/chunks/node_modules_next_dist_115brz8._.js:2431
[   21205ms] [INFO] %cDownload the React DevTools for a better development experience: https://react.dev/link/react-devtools font-weight:bold @ http://localhost:3001/_next/static/chunks/node_modules_next_dist_115brz8._.js:2431
[   21224ms] [LOG] [HMR] connected @ http://localhost:3001/_next/static/chunks/node_modules_next_dist_115brz8._.js:2431
[   21255ms] [LOG] [Fast Refresh] rebuilding @ http://localhost:3001/_next/static/chunks/node_modules_next_dist_115brz8._.js:2431
[   21415ms] [WARNING] THREE.THREE.Clock: This module has been deprecated. Please use THREE.Timer instead. @ http://localhost:3001/_next/static/chunks/node_modules_next_dist_115brz8._.js:2431
[   21495ms] [INFO] %cDownload the React DevTools for a better development experience: https://react.dev/link/react-devtools font-weight:bold @ http://localhost:3001/_next/static/chunks/node_modules_next_dist_115brz8._.js:2431
[   21520ms] [LOG] [HMR] connected @ http://localhost:3001/_next/static/chunks/node_modules_next_dist_115brz8._.js:2431
[   21709ms] [WARNING] THREE.THREE.Clock: This module has been deprecated. Please use THREE.Timer instead. @ http://localhost:3001/_next/static/chunks/node_modules_next_dist_115brz8._.js:2431
[   21760ms] [ERROR] WebSocket is already in CLOSING or CLOSED state. @ http://localhost:3001/_next/static/chunks/node_modules_next_dist_115brz8._.js:2790
[   21954ms] [INFO] %cDownload the React DevTools for a better development experience: https://react.dev/link/react-devtools font-weight:bold @ http://localhost:3001/_next/static/chunks/node_modules_next_dist_115brz8._.js:2431
[   21973ms] [LOG] [HMR] connected @ http://localhost:3001/_next/static/chunks/node_modules_next_dist_115brz8._.js:2431
[   22135ms] [WARNING] THREE.THREE.Clock: This module has been deprecated. Please use THREE.Timer instead. @ http://localhost:3001/_next/static/chunks/node_modules_next_dist_115brz8._.js:2431
[   22236ms] [INFO] %cDownload the React DevTools for a better development experience: https://react.dev/link/react-devtools font-weight:bold @ http://localhost:3001/_next/static/chunks/node_modules_next_dist_115brz8._.js:2431
[   22256ms] [LOG] [HMR] connected @ http://localhost:3001/_next/static/chunks/node_modules_next_dist_115brz8._.js:2431
[   22288ms] [LOG] [Fast Refresh] rebuilding @ http://localhost:3001/_next/static/chunks/node_modules_next_dist_115brz8._.js:2431
[   22491ms] [INFO] %cDownload the React DevTools for a better development experience: https://react.dev/link/react-devtools font-weight:bold @ http://localhost:3001/_next/static/chunks/node_modules_next_dist_115brz8._.js:2431
[   22513ms] [LOG] [HMR] connected @ http://localhost:3001/_next/static/chunks/node_modules_next_dist_115brz8._.js:2431
[   22558ms] [LOG] [Fast Refresh] rebuilding @ http://localhost:3001/_next/static/chunks/node_modules_next_dist_115brz8._.js:2431
[   22655ms] [WARNING] THREE.THREE.Clock: This module has been deprecated. Please use THREE.Timer instead. @ http://localhost:3001/_next/static/chunks/node_modules_next_dist_115brz8._.js:2431
[   22729ms] [INFO] %cDownload the React DevTools for a better development experience: https://react.dev/link/react-devtools font-weight:bold @ http://localhost:3001/_next/static/chunks/node_modules_next_dist_115brz8._.js:2431
[   22753ms] [LOG] [HMR] connected @ http://localhost:3001/_next/static/chunks/node_modules_next_dist_115brz8._.js:2431
[   22789ms] [LOG] [Fast Refresh] rebuilding @ http://localhost:3001/_next/static/chunks/node_modules_next_dist_115brz8._.js:2431
[   22935ms] [WARNING] THREE.THREE.Clock: This module has been deprecated. Please use THREE.Timer instead. @ http://localhost:3001/_next/static/chunks/node_modules_next_dist_115brz8._.js:2431
[   23009ms] [INFO] %cDownload the React DevTools for a better development experience: https://react.dev/link/react-devtools font-weight:bold @ http://localhost:3001/_next/static/chunks/node_modules_next_dist_115brz8._.js:2431
[   23034ms] [LOG] [HMR] connected @ http://localhost:3001/_next/static/chunks/node_modules_next_dist_115brz8._.js:2431
[   23063ms] [LOG] [Fast Refresh] rebuilding @ http://localhost:3001/_next/static/chunks/node_modules_next_dist_115brz8._.js:2431
[   23202ms] [WARNING] THREE.THREE.Clock: This module has been deprecated. Please use THREE.Timer instead. @ http://localhost:3001/_next/static/chunks/node_modules_next_dist_115brz8._.js:2431
[   23280ms] [INFO] %cDownload the React DevTools for a better development experience: https://react.dev/link/react-devtools font-weight:bold @ http://localhost:3001/_next/static/chunks/node_modules_next_dist_115brz8._.js:2431
[   23305ms] [LOG] [HMR] connected @ http://localhost:3001/_next/static/chunks/node_modules_next_dist_115brz8._.js:2431
[   23339ms] [LOG] [Fast Refresh] rebuilding @ http://localhost:3001/_next/static/chunks/node_modules_next_dist_115brz8._.js:2431
[   23530ms] [INFO] %cDownload the React DevTools for a better development experience: https://react.dev/link/react-devtools font-weight:bold @ http://localhost:3001/_next/static/chunks/node_modules_next_dist_115brz8._.js:2431
[   23555ms] [LOG] [HMR] connected @ http://localhost:3001/_next/static/chunks/node_modules_next_dist_115brz8._.js:2431
[   23594ms] [LOG] [Fast Refresh] rebuilding @ http://localhost:3001/_next/static/chunks/node_modules_next_dist_115brz8._.js:2431
[   23709ms] [WARNING] THREE.THREE.Clock: This module has been deprecated. Please use THREE.Timer instead. @ http://localhost:3001/_next/static/chunks/node_modules_next_dist_115brz8._.js:2431
[   23760ms] [ERROR] WebSocket is already in CLOSING or CLOSED state. @ http://localhost:3001/_next/static/chunks/node_modules_next_dist_115brz8._.js:2790
[   23864ms] [INFO] %cDownload the React DevTools for a better development experience: https://react.dev/link/react-devtools font-weight:bold @ http://localhost:3001/_next/static/chunks/node_modules_next_dist_115brz8._.js:2431
[   23883ms] [LOG] [HMR] connected @ http://localhost:3001/_next/static/chunks/node_modules_next_dist_115brz8._.js:2431
[   23910ms] [LOG] [Fast Refresh] rebuilding @ http://localhost:3001/_next/static/chunks/node_modules_next_dist_115brz8._.js:2431
[   24115ms] [INFO] %cDownload the React DevTools for a better development experience: https://react.dev/link/react-devtools font-weight:bold @ http://localhost:3001/_next/static/chunks/node_modules_next_dist_115brz8._.js:2431
[   24137ms] [LOG] [HMR] connected @ http://localhost:3001/_next/static/chunks/node_modules_next_dist_115brz8._.js:2431
[   24162ms] [LOG] [Fast Refresh] rebuilding @ http://localhost:3001/_next/static/chunks/node_modules_next_dist_115brz8._.js:2431
[   24364ms] [INFO] %cDownload the React DevTools for a better development experience: https://react.dev/link/react-devtools font-weight:bold @ http://localhost:3001/_next/static/chunks/node_modules_next_dist_115brz8._.js:2431
[   24391ms] [LOG] [HMR] connected @ http://localhost:3001/_next/static/chunks/node_modules_next_dist_115brz8._.js:2431
[   24416ms] [LOG] [Fast Refresh] rebuilding @ http://localhost:3001/_next/static/chunks/node_modules_next_dist_115brz8._.js:2431
[   24612ms] [INFO] %cDownload the React DevTools for a better development experience: https://react.dev/link/react-devtools font-weight:bold @ http://localhost:3001/_next/static/chunks/node_modules_next_dist_115brz8._.js:2431
[   24634ms] [LOG] [HMR] connected @ http://localhost:3001/_next/static/chunks/node_modules_next_dist_115brz8._.js:2431
[   24660ms] [LOG] [Fast Refresh] rebuilding @ http://localhost:3001/_next/static/chunks/node_modules_next_dist_115brz8._.js:2431
[   24862ms] [INFO] %cDownload the React DevTools for a better development experience: https://react.dev/link/react-devtools font-weight:bold @ http://localhost:3001/_next/static/chunks/node_modules_next_dist_115brz8._.js:2431
[   24882ms] [LOG] [HMR] connected @ http://localhost:3001/_next/static/chunks/node_modules_next_dist_115brz8._.js:2431
[   25040ms] [WARNING] THREE.THREE.Clock: This module has been deprecated. Please use THREE.Timer instead. @ http://localhost:3001/_next/static/chunks/node_modules_next_dist_115brz8._.js:2431
[   25116ms] [INFO] %cDownload the React DevTools for a better development experience: https://react.dev/link/react-devtools font-weight:bold @ http://localhost:3001/_next/static/chunks/node_modules_next_dist_115brz8._.js:2431
[   25138ms] [LOG] [HMR] connected @ http://localhost:3001/_next/static/chunks/node_modules_next_dist_115brz8._.js:2431
[   25162ms] [LOG] [Fast Refresh] rebuilding @ http://localhost:3001/_next/static/chunks/node_modules_next_dist_115brz8._.js:2431
[   25282ms] [WARNING] THREE.THREE.Clock: This module has been deprecated. Please use THREE.Timer instead. @ http://localhost:3001/_next/static/chunks/node_modules_next_dist_115brz8._.js:2431
[   25391ms] [INFO] %cDownload the React DevTools for a better development experience: https://react.dev/link/react-devtools font-weight:bold @ http://localhost:3001/_next/static/chunks/node_modules_next_dist_115brz8._.js:2431
[   25432ms] [LOG] [HMR] connected @ http://localhost:3001/_next/static/chunks/node_modules_next_dist_115brz8._.js:2431
[   25454ms] [LOG] [Fast Refresh] rebuilding @ http://localhost:3001/_next/static/chunks/node_modules_next_dist_115brz8._.js:2431
[   25696ms] [INFO] %cDownload the React DevTools for a better development experience: https://react.dev/link/react-devtools font-weight:bold @ http://localhost:3001/_next/static/chunks/node_modules_next_dist_115brz8._.js:2431
[   25721ms] [LOG] [HMR] connected @ http://localhost:3001/_next/static/chunks/node_modules_next_dist_115brz8._.js:2431
[   25913ms] [WARNING] THREE.THREE.Clock: This module has been deprecated. Please use THREE.Timer instead. @ http://localhost:3001/_next/static/chunks/node_modules_next_dist_115brz8._.js:2431
[   25987ms] [INFO] %cDownload the React DevTools for a better development experience: https://react.dev/link/react-devtools font-weight:bold @ http://localhost:3001/_next/static/chunks/node_modules_next_dist_115brz8._.js:2431
[   26019ms] [LOG] [HMR] connected @ http://localhost:3001/_next/static/chunks/node_modules_next_dist_115brz8._.js:2431
[   26036ms] [LOG] [Fast Refresh] rebuilding @ http://localhost:3001/_next/static/chunks/node_modules_next_dist_115brz8._.js:2431
[   26204ms] [WARNING] THREE.THREE.Clock: This module has been deprecated. Please use THREE.Timer instead. @ http://localhost:3001/_next/static/chunks/node_modules_next_dist_115brz8._.js:2431
[   26318ms] [INFO] %cDownload the React DevTools for a better development experience: https://react.dev/link/react-devtools font-weight:bold @ http://localhost:3001/_next/static/chunks/node_modules_next_dist_115brz8._.js:2431
[   26340ms] [LOG] [HMR] connected @ http://localhost:3001/_next/static/chunks/node_modules_next_dist_115brz8._.js:2431
[   26389ms] [LOG] [Fast Refresh] rebuilding @ http://localhost:3001/_next/static/chunks/node_modules_next_dist_115brz8._.js:2431
[   26500ms] [WARNING] THREE.THREE.Clock: This module has been deprecated. Please use THREE.Timer instead. @ http://localhost:3001/_next/static/chunks/node_modules_next_dist_115brz8._.js:2431
[   26553ms] [ERROR] WebSocket is already in CLOSING or CLOSED state. @ http://localhost:3001/_next/static/chunks/node_modules_next_dist_115brz8._.js:2790
[   26691ms] [INFO] %cDownload the React DevTools for a better development experience: https://react.dev/link/react-devtools font-weight:bold @ http://localhost:3001/_next/static/chunks/node_modules_next_dist_115brz8._.js:2431
[   26714ms] [LOG] [HMR] connected @ http://localhost:3001/_next/static/chunks/node_modules_next_dist_115brz8._.js:2431
[   26750ms] [LOG] [Fast Refresh] rebuilding @ http://localhost:3001/_next/static/chunks/node_modules_next_dist_115brz8._.js:2431
[   26883ms] [WARNING] THREE.THREE.Clock: This module has been deprecated. Please use THREE.Timer instead. @ http://localhost:3001/_next/static/chunks/node_modules_next_dist_115brz8._.js:2431
[   26934ms] [ERROR] WebSocket is already in CLOSING or CLOSED state. @ http://localhost:3001/_next/static/chunks/node_modules_next_dist_115brz8._.js:2790
[   27019ms] [INFO] %cDownload the React DevTools for a better development experience: https://react.dev/link/react-devtools font-weight:bold @ http://localhost:3001/_next/static/chunks/node_modules_next_dist_115brz8._.js:2431
[   27039ms] [LOG] [HMR] connected @ http://localhost:3001/_next/static/chunks/node_modules_next_dist_115brz8._.js:2431
[   27190ms] [WARNING] THREE.THREE.Clock: This module has been deprecated. Please use THREE.Timer instead. @ http://localhost:3001/_next/static/chunks/node_modules_next_dist_115brz8._.js:2431
[   27282ms] [INFO] %cDownload the React DevTools for a better development experience: https://react.dev/link/react-devtools font-weight:bold @ http://localhost:3001/_next/static/chunks/node_modules_next_dist_115brz8._.js:2431
[   27308ms] [LOG] [HMR] connected @ http://localhost:3001/_next/static/chunks/node_modules_next_dist_115brz8._.js:2431
[   27326ms] [LOG] [Fast Refresh] rebuilding @ http://localhost:3001/_next/static/chunks/node_modules_next_dist_115brz8._.js:2431
[   27518ms] [INFO] %cDownload the React DevTools for a better development experience: https://react.dev/link/react-devtools font-weight:bold @ http://localhost:3001/_next/static/chunks/node_modules_next_dist_115brz8._.js:2431
[   27539ms] [LOG] [HMR] connected @ http://localhost:3001/_next/static/chunks/node_modules_next_dist_115brz8._.js:2431
[   27579ms] [LOG] [Fast Refresh] rebuilding @ http://localhost:3001/_next/static/chunks/node_modules_next_dist_115brz8._.js:2431
[   27683ms] [WARNING] THREE.THREE.Clock: This module has been deprecated. Please use THREE.Timer instead. @ http://localhost:3001/_next/static/chunks/node_modules_next_dist_115brz8._.js:2431
[   27793ms] [INFO] %cDownload the React DevTools for a better development experience: https://react.dev/link/react-devtools font-weight:bold @ http://localhost:3001/_next/static/chunks/node_modules_next_dist_115brz8._.js:2431
[   27813ms] [LOG] [HMR] connected @ http://localhost:3001/_next/static/chunks/node_modules_next_dist_115brz8._.js:2431
[   27977ms] [WARNING] THREE.THREE.Clock: This module has been deprecated. Please use THREE.Timer instead. @ http://localhost:3001/_next/static/chunks/node_modules_next_dist_115brz8._.js:2431
[   28079ms] [INFO] %cDownload the React DevTools for a better development experience: https://react.dev/link/react-devtools font-weight:bold @ http://localhost:3001/_next/static/chunks/node_modules_next_dist_115brz8._.js:2431
[   28090ms] [LOG] [HMR] connected @ http://localhost:3001/_next/static/chunks/node_modules_next_dist_115brz8._.js:2431
[   28119ms] [LOG] [Fast Refresh] rebuilding @ http://localhost:3001/_next/static/chunks/node_modules_next_dist_115brz8._.js:2431
[   28258ms] [WARNING] THREE.THREE.Clock: This module has been deprecated. Please use THREE.Timer instead. @ http://localhost:3001/_next/static/chunks/node_modules_next_dist_115brz8._.js:2431
[   28311ms] [ERROR] WebSocket is already in CLOSING or CLOSED state. @ http://localhost:3001/_next/static/chunks/node_modules_next_dist_115brz8._.js:2790
[   28463ms] [INFO] %cDownload the React DevTools for a better development experience: https://react.dev/link/react-devtools font-weight:bold @ http://localhost:3001/_next/static/chunks/node_modules_next_dist_115brz8._.js:2431
[   28490ms] [LOG] [HMR] connected @ http://localhost:3001/_next/static/chunks/node_modules_next_dist_115brz8._.js:2431
[   28544ms] [LOG] [Fast Refresh] rebuilding @ http://localhost:3001/_next/static/chunks/node_modules_next_dist_115brz8._.js:2431
[   28643ms] [WARNING] THREE.THREE.Clock: This module has been deprecated. Please use THREE.Timer instead. @ http://localhost:3001/_next/static/chunks/node_modules_next_dist_115brz8._.js:2431
[   28690ms] [ERROR] WebSocket is already in CLOSING or CLOSED state. @ http://localhost:3001/_next/static/chunks/node_modules_next_dist_115brz8._.js:2790
[   28822ms] [INFO] %cDownload the React DevTools for a better development experience: https://react.dev/link/react-devtools font-weight:bold @ http://localhost:3001/_next/static/chunks/node_modules_next_dist_115brz8._.js:2431
[   28844ms] [LOG] [HMR] connected @ http://localhost:3001/_next/static/chunks/node_modules_next_dist_115brz8._.js:2431
[   28872ms] [LOG] [Fast Refresh] rebuilding @ http://localhost:3001/_next/static/chunks/node_modules_next_dist_115brz8._.js:2431
[   29055ms] [INFO] %cDownload the React DevTools for a better development experience: https://react.dev/link/react-devtools font-weight:bold @ http://localhost:3001/_next/static/chunks/node_modules_next_dist_115brz8._.js:2431
[   29075ms] [LOG] [HMR] connected @ http://localhost:3001/_next/static/chunks/node_modules_next_dist_115brz8._.js:2431
[   29102ms] [LOG] [Fast Refresh] rebuilding @ http://localhost:3001/_next/static/chunks/node_modules_next_dist_115brz8._.js:2431
[   29244ms] [WARNING] THREE.THREE.Clock: This module has been deprecated. Please use THREE.Timer instead. @ http://localhost:3001/_next/static/chunks/node_modules_next_dist_115brz8._.js:2431
[   29293ms] [ERROR] WebSocket is already in CLOSING or CLOSED state. @ http://localhost:3001/_next/static/chunks/node_modules_next_dist_115brz8._.js:2790
[   29368ms] [INFO] %cDownload the React DevTools for a better development experience: https://react.dev/link/react-devtools font-weight:bold @ http://localhost:3001/_next/static/chunks/node_modules_next_dist_115brz8._.js:2431
[   29387ms] [LOG] [HMR] connected @ http://localhost:3001/_next/static/chunks/node_modules_next_dist_115brz8._.js:2431
[   29405ms] [LOG] [Fast Refresh] rebuilding @ http://localhost:3001/_next/static/chunks/node_modules_next_dist_115brz8._.js:2431
[   29605ms] [INFO] %cDownload the React DevTools for a better development experience: https://react.dev/link/react-devtools font-weight:bold @ http://localhost:3001/_next/static/chunks/node_modules_next_dist_115brz8._.js:2431
[   29626ms] [LOG] [HMR] connected @ http://localhost:3001/_next/static/chunks/node_modules_next_dist_115brz8._.js:2431
[   29850ms] [INFO] %cDownload the React DevTools for a better development experience: https://react.dev/link/react-devtools font-weight:bold @ http://localhost:3001/_next/static/chunks/node_modules_next_dist_115brz8._.js:2431
[   29870ms] [LOG] [HMR] connected @ http://localhost:3001/_next/static/chunks/node_modules_next_dist_115brz8._.js:2431
[   29899ms] [LOG] [Fast Refresh] rebuilding @ http://localhost:3001/_next/static/chunks/node_modules_next_dist_115brz8._.js:2431
[   30032ms] [WARNING] THREE.THREE.Clock: This module has been deprecated. Please use THREE.Timer instead. @ http://localhost:3001/_next/static/chunks/node_modules_next_dist_115brz8._.js:2431
[   30127ms] [INFO] %cDownload the React DevTools for a better development experience: https://react.dev/link/react-devtools font-weight:bold @ http://localhost:3001/_next/static/chunks/node_modules_next_dist_115brz8._.js:2431
[   30147ms] [LOG] [HMR] connected @ http://localhost:3001/_next/static/chunks/node_modules_next_dist_115brz8._.js:2431
[   30181ms] [LOG] [Fast Refresh] rebuilding @ http://localhost:3001/_next/static/chunks/node_modules_next_dist_115brz8._.js:2431
[   30324ms] [WARNING] THREE.THREE.Clock: This module has been deprecated. Please use THREE.Timer instead. @ http://localhost:3001/_next/static/chunks/node_modules_next_dist_115brz8._.js:2431
[   30432ms] [INFO] %cDownload the React DevTools for a better development experience: https://react.dev/link/react-devtools font-weight:bold @ http://localhost:3001/_next/static/chunks/node_modules_next_dist_115brz8._.js:2431
[   30455ms] [LOG] [HMR] connected @ http://localhost:3001/_next/static/chunks/node_modules_next_dist_115brz8._.js:2431
[   30605ms] [WARNING] THREE.THREE.Clock: This module has been deprecated. Please use THREE.Timer instead. @ http://localhost:3001/_next/static/chunks/node_modules_next_dist_115brz8._.js:2431
[   30683ms] [INFO] %cDownload the React DevTools for a better development experience: https://react.dev/link/react-devtools font-weight:bold @ http://localhost:3001/_next/static/chunks/node_modules_next_dist_115brz8._.js:2431
[   30709ms] [LOG] [HMR] connected @ http://localhost:3001/_next/static/chunks/node_modules_next_dist_115brz8._.js:2431
[   30739ms] [LOG] [Fast Refresh] rebuilding @ http://localhost:3001/_next/static/chunks/node_modules_next_dist_115brz8._.js:2431
[   30858ms] [WARNING] THREE.THREE.Clock: This module has been deprecated. Please use THREE.Timer instead. @ http://localhost:3001/_next/static/chunks/node_modules_next_dist_115brz8._.js:2431
[   30951ms] [INFO] %cDownload the React DevTools for a better development experience: https://react.dev/link/react-devtools font-weight:bold @ http://localhost:3001/_next/static/chunks/node_modules_next_dist_115brz8._.js:2431
[   30979ms] [LOG] [HMR] connected @ http://localhost:3001/_next/static/chunks/node_modules_next_dist_115brz8._.js:2431
[   31039ms] [LOG] [Fast Refresh] rebuilding @ http://localhost:3001/_next/static/chunks/node_modules_next_dist_115brz8._.js:2431
[   31152ms] [WARNING] THREE.THREE.Clock: This module has been deprecated. Please use THREE.Timer instead. @ http://localhost:3001/_next/static/chunks/node_modules_next_dist_115brz8._.js:2431
[   31278ms] [INFO] %cDownload the React DevTools for a better development experience: https://react.dev/link/react-devtools font-weight:bold @ http://localhost:3001/_next/static/chunks/node_modules_next_dist_115brz8._.js:2431
[   31302ms] [LOG] [HMR] connected @ http://localhost:3001/_next/static/chunks/node_modules_next_dist_115brz8._.js:2431
[   31357ms] [LOG] [Fast Refresh] rebuilding @ http://localhost:3001/_next/static/chunks/node_modules_next_dist_115brz8._.js:2431
[   31525ms] [WARNING] THREE.THREE.Clock: This module has been deprecated. Please use THREE.Timer instead. @ http://localhost:3001/_next/static/chunks/node_modules_next_dist_115brz8._.js:2431
[   31598ms] [INFO] %cDownload the React DevTools for a better development experience: https://react.dev/link/react-devtools font-weight:bold @ http://localhost:3001/_next/static/chunks/node_modules_next_dist_115brz8._.js:2431
[   31618ms] [LOG] [HMR] connected @ http://localhost:3001/_next/static/chunks/node_modules_next_dist_115brz8._.js:2431
[   31646ms] [LOG] [Fast Refresh] rebuilding @ http://localhost:3001/_next/static/chunks/node_modules_next_dist_115brz8._.js:2431
[   31783ms] [WARNING] THREE.THREE.Clock: This module has been deprecated. Please use THREE.Timer instead. @ http://localhost:3001/_next/static/chunks/node_modules_next_dist_115brz8._.js:2431
[   31859ms] [INFO] %cDownload the React DevTools for a better development experience: https://react.dev/link/react-devtools font-weight:bold @ http://localhost:3001/_next/static/chunks/node_modules_next_dist_115brz8._.js:2431
[   31884ms] [LOG] [HMR] connected @ http://localhost:3001/_next/static/chunks/node_modules_next_dist_115brz8._.js:2431
[   32114ms] [INFO] %cDownload the React DevTools for a better development experience: https://react.dev/link/react-devtools font-weight:bold @ http://localhost:3001/_next/static/chunks/node_modules_next_dist_115brz8._.js:2431
[   32139ms] [LOG] [HMR] connected @ http://localhost:3001/_next/static/chunks/node_modules_next_dist_115brz8._.js:2431
[   32194ms] [LOG] [Fast Refresh] rebuilding @ http://localhost:3001/_next/static/chunks/node_modules_next_dist_115brz8._.js:2431
[   32297ms] [WARNING] THREE.THREE.Clock: This module has been deprecated. Please use THREE.Timer instead. @ http://localhost:3001/_next/static/chunks/node_modules_next_dist_115brz8._.js:2431
[   32348ms] [ERROR] WebSocket is already in CLOSING or CLOSED state. @ http://localhost:3001/_next/static/chunks/node_modules_next_dist_115brz8._.js:2790
[   32479ms] [INFO] %cDownload the React DevTools for a better development experience: https://react.dev/link/react-devtools font-weight:bold @ http://localhost:3001/_next/static/chunks/node_modules_next_dist_115brz8._.js:2431
[   32506ms] [LOG] [HMR] connected @ http://localhost:3001/_next/static/chunks/node_modules_next_dist_115brz8._.js:2431
[   32546ms] [LOG] [Fast Refresh] rebuilding @ http://localhost:3001/_next/static/chunks/node_modules_next_dist_115brz8._.js:2431
[   32672ms] [WARNING] THREE.THREE.Clock: This module has been deprecated. Please use THREE.Timer instead. @ http://localhost:3001/_next/static/chunks/node_modules_next_dist_115brz8._.js:2431
[   32720ms] [ERROR] WebSocket is already in CLOSING or CLOSED state. @ http://localhost:3001/_next/static/chunks/node_modules_next_dist_115brz8._.js:2790
[   32805ms] [INFO] %cDownload the React DevTools for a better development experience: https://react.dev/link/react-devtools font-weight:bold @ http://localhost:3001/_next/static/chunks/node_modules_next_dist_115brz8._.js:2431
[   32825ms] [LOG] [HMR] connected @ http://localhost:3001/_next/static/chunks/node_modules_next_dist_115brz8._.js:2431
[   32862ms] [LOG] [Fast Refresh] rebuilding @ http://localhost:3001/_next/static/chunks/node_modules_next_dist_115brz8._.js:2431
[   32993ms] [WARNING] THREE.THREE.Clock: This module has been deprecated. Please use THREE.Timer instead. @ http://localhost:3001/_next/static/chunks/node_modules_next_dist_115brz8._.js:2431
[   33089ms] [INFO] %cDownload the React DevTools for a better development experience: https://react.dev/link/react-devtools font-weight:bold @ http://localhost:3001/_next/static/chunks/node_modules_next_dist_115brz8._.js:2431
[   33109ms] [LOG] [HMR] connected @ http://localhost:3001/_next/static/chunks/node_modules_next_dist_115brz8._.js:2431
[   33130ms] [LOG] [Fast Refresh] rebuilding @ http://localhost:3001/_next/static/chunks/node_modules_next_dist_115brz8._.js:2431
[   33273ms] [WARNING] THREE.THREE.Clock: This module has been deprecated. Please use THREE.Timer instead. @ http://localhost:3001/_next/static/chunks/node_modules_next_dist_115brz8._.js:2431
[   33382ms] [INFO] %cDownload the React DevTools for a better development experience: https://react.dev/link/react-devtools font-weight:bold @ http://localhost:3001/_next/static/chunks/node_modules_next_dist_115brz8._.js:2431
[   33400ms] [LOG] [HMR] connected @ http://localhost:3001/_next/static/chunks/node_modules_next_dist_115brz8._.js:2431
[   33636ms] [INFO] %cDownload the React DevTools for a better development experience: https://react.dev/link/react-devtools font-weight:bold @ http://localhost:3001/_next/static/chunks/node_modules_next_dist_115brz8._.js:2431
[   33657ms] [LOG] [HMR] connected @ http://localhost:3001/_next/static/chunks/node_modules_next_dist_115brz8._.js:2431
[   33698ms] [LOG] [Fast Refresh] rebuilding @ http://localhost:3001/_next/static/chunks/node_modules_next_dist_115brz8._.js:2431
[   33833ms] [WARNING] THREE.THREE.Clock: This module has been deprecated. Please use THREE.Timer instead. @ http://localhost:3001/_next/static/chunks/node_modules_next_dist_115brz8._.js:2431
[   33914ms] [INFO] %cDownload the React DevTools for a better development experience: https://react.dev/link/react-devtools font-weight:bold @ http://localhost:3001/_next/static/chunks/node_modules_next_dist_115brz8._.js:2431
[   33932ms] [LOG] [HMR] connected @ http://localhost:3001/_next/static/chunks/node_modules_next_dist_115brz8._.js:2431
[   33972ms] [LOG] [Fast Refresh] rebuilding @ http://localhost:3001/_next/static/chunks/node_modules_next_dist_115brz8._.js:2431
[   34100ms] [WARNING] THREE.THREE.Clock: This module has been deprecated. Please use THREE.Timer instead. @ http://localhost:3001/_next/static/chunks/node_modules_next_dist_115brz8._.js:2431
[   34202ms] [INFO] %cDownload the React DevTools for a better development experience: https://react.dev/link/react-devtools font-weight:bold @ http://localhost:3001/_next/static/chunks/node_modules_next_dist_115brz8._.js:2431
[   34224ms] [LOG] [HMR] connected @ http://localhost:3001/_next/static/chunks/node_modules_next_dist_115brz8._.js:2431
[   34420ms] [WARNING] THREE.THREE.Clock: This module has been deprecated. Please use THREE.Timer instead. @ http://localhost:3001/_next/static/chunks/node_modules_next_dist_115brz8._.js:2431
[   34502ms] [INFO] %cDownload the React DevTools for a better development experience: https://react.dev/link/react-devtools font-weight:bold @ http://localhost:3001/_next/static/chunks/node_modules_next_dist_115brz8._.js:2431
[   34531ms] [LOG] [HMR] connected @ http://localhost:3001/_next/static/chunks/node_modules_next_dist_115brz8._.js:2431
[   34701ms] [WARNING] THREE.THREE.Clock: This module has been deprecated. Please use THREE.Timer instead. @ http://localhost:3001/_next/static/chunks/node_modules_next_dist_115brz8._.js:2431
[   34753ms] [ERROR] WebSocket is already in CLOSING or CLOSED state. @ http://localhost:3001/_next/static/chunks/node_modules_next_dist_115brz8._.js:2790
[   34836ms] [INFO] %cDownload the React DevTools for a better development experience: https://react.dev/link/react-devtools font-weight:bold @ http://localhost:3001/_next/static/chunks/node_modules_next_dist_115brz8._.js:2431
[   34861ms] [LOG] [HMR] connected @ http://localhost:3001/_next/static/chunks/node_modules_next_dist_115brz8._.js:2431
[   34895ms] [LOG] [Fast Refresh] rebuilding @ http://localhost:3001/_next/static/chunks/node_modules_next_dist_115brz8._.js:2431
[   35046ms] [WARNING] THREE.THREE.Clock: This module has been deprecated. Please use THREE.Timer instead. @ http://localhost:3001/_next/static/chunks/node_modules_next_dist_115brz8._.js:2431
[   35124ms] [INFO] %cDownload the React DevTools for a better development experience: https://react.dev/link/react-devtools font-weight:bold @ http://localhost:3001/_next/static/chunks/node_modules_next_dist_115brz8._.js:2431
[   35146ms] [LOG] [HMR] connected @ http://localhost:3001/_next/static/chunks/node_modules_next_dist_115brz8._.js:2431
[   35300ms] [WARNING] THREE.THREE.Clock: This module has been deprecated. Please use THREE.Timer instead. @ http://localhost:3001/_next/static/chunks/node_modules_next_dist_115brz8._.js:2431
[   35399ms] [INFO] %cDownload the React DevTools for a better development experience: https://react.dev/link/react-devtools font-weight:bold @ http://localhost:3001/_next/static/chunks/node_modules_next_dist_115brz8._.js:2431
[   35419ms] [LOG] [HMR] connected @ http://localhost:3001/_next/static/chunks/node_modules_next_dist_115brz8._.js:2431
[   35447ms] [LOG] [Fast Refresh] rebuilding @ http://localhost:3001/_next/static/chunks/node_modules_next_dist_115brz8._.js:2431
[   35594ms] [WARNING] THREE.THREE.Clock: This module has been deprecated. Please use THREE.Timer instead. @ http://localhost:3001/_next/static/chunks/node_modules_next_dist_115brz8._.js:2431
[   35644ms] [ERROR] WebSocket is already in CLOSING or CLOSED state. @ http://localhost:3001/_next/static/chunks/node_modules_next_dist_115brz8._.js:2790
[   35728ms] [INFO] %cDownload the React DevTools for a better development experience: https://react.dev/link/react-devtools font-weight:bold @ http://localhost:3001/_next/static/chunks/node_modules_next_dist_115brz8._.js:2431
[   35748ms] [LOG] [HMR] connected @ http://localhost:3001/_next/static/chunks/node_modules_next_dist_115brz8._.js:2431
[   35781ms] [LOG] [Fast Refresh] rebuilding @ http://localhost:3001/_next/static/chunks/node_modules_next_dist_115brz8._.js:2431
[   35900ms] [WARNING] THREE.THREE.Clock: This module has been deprecated. Please use THREE.Timer instead. @ http://localhost:3001/_next/static/chunks/node_modules_next_dist_115brz8._.js:2431
[   35951ms] [ERROR] WebSocket is already in CLOSING or CLOSED state. @ http://localhost:3001/_next/static/chunks/node_modules_next_dist_115brz8._.js:2790
[   36029ms] [INFO] %cDownload the React DevTools for a better development experience: https://react.dev/link/react-devtools font-weight:bold @ http://localhost:3001/_next/static/chunks/node_modules_next_dist_115brz8._.js:2431
[   36053ms] [LOG] [HMR] connected @ http://localhost:3001/_next/static/chunks/node_modules_next_dist_115brz8._.js:2431
[   36084ms] [LOG] [Fast Refresh] rebuilding @ http://localhost:3001/_next/static/chunks/node_modules_next_dist_115brz8._.js:2431
[   36288ms] [INFO] %cDownload the React DevTools for a better development experience: https://react.dev/link/react-devtools font-weight:bold @ http://localhost:3001/_next/static/chunks/node_modules_next_dist_115brz8._.js:2431
[   36311ms] [LOG] [HMR] connected @ http://localhost:3001/_next/static/chunks/node_modules_next_dist_115brz8._.js:2431
[   36473ms] [WARNING] THREE.THREE.Clock: This module has been deprecated. Please use THREE.Timer instead. @ http://localhost:3001/_next/static/chunks/node_modules_next_dist_115brz8._.js:2431
[   36588ms] [INFO] %cDownload the React DevTools for a better development experience: https://react.dev/link/react-devtools font-weight:bold @ http://localhost:3001/_next/static/chunks/node_modules_next_dist_115brz8._.js:2431
[   36611ms] [LOG] [HMR] connected @ http://localhost:3001/_next/static/chunks/node_modules_next_dist_115brz8._.js:2431
[   36639ms] [LOG] [Fast Refresh] rebuilding @ http://localhost:3001/_next/static/chunks/node_modules_next_dist_115brz8._.js:2431
[   36768ms] [WARNING] THREE.THREE.Clock: This module has been deprecated. Please use THREE.Timer instead. @ http://localhost:3001/_next/static/chunks/node_modules_next_dist_115brz8._.js:2431
[   36825ms] [ERROR] WebSocket is already in CLOSING or CLOSED state. @ http://localhost:3001/_next/static/chunks/node_modules_next_dist_115brz8._.js:2790
[   37001ms] [INFO] %cDownload the React DevTools for a better development experience: https://react.dev/link/react-devtools font-weight:bold @ http://localhost:3001/_next/static/chunks/node_modules_next_dist_115brz8._.js:2431
[   37023ms] [LOG] [HMR] connected @ http://localhost:3001/_next/static/chunks/node_modules_next_dist_115brz8._.js:2431
[   37071ms] [LOG] [Fast Refresh] rebuilding @ http://localhost:3001/_next/static/chunks/node_modules_next_dist_115brz8._.js:2431
[   37234ms] [WARNING] THREE.THREE.Clock: This module has been deprecated. Please use THREE.Timer instead. @ http://localhost:3001/_next/static/chunks/node_modules_next_dist_115brz8._.js:2431
[   37322ms] [INFO] %cDownload the React DevTools for a better development experience: https://react.dev/link/react-devtools font-weight:bold @ http://localhost:3001/_next/static/chunks/node_modules_next_dist_115brz8._.js:2431
[   37355ms] [LOG] [HMR] connected @ http://localhost:3001/_next/static/chunks/node_modules_next_dist_115brz8._.js:2431
[   37391ms] [LOG] [Fast Refresh] rebuilding @ http://localhost:3001/_next/static/chunks/node_modules_next_dist_115brz8._.js:2431
[   37530ms] [WARNING] THREE.THREE.Clock: This module has been deprecated. Please use THREE.Timer instead. @ http://localhost:3001/_next/static/chunks/node_modules_next_dist_115brz8._.js:2431
[   37641ms] [INFO] %cDownload the React DevTools for a better development experience: https://react.dev/link/react-devtools font-weight:bold @ http://localhost:3001/_next/static/chunks/node_modules_next_dist_115brz8._.js:2431
[   37662ms] [LOG] [HMR] connected @ http://localhost:3001/_next/static/chunks/node_modules_next_dist_115brz8._.js:2431
[   37929ms] [INFO] %cDownload the React DevTools for a better development experience: https://react.dev/link/react-devtools font-weight:bold @ http://localhost:3001/_next/static/chunks/node_modules_next_dist_115brz8._.js:2431
[   37954ms] [LOG] [HMR] connected @ http://localhost:3001/_next/static/chunks/node_modules_next_dist_115brz8._.js:2431
[   38125ms] [WARNING] THREE.THREE.Clock: This module has been deprecated. Please use THREE.Timer instead. @ http://localhost:3001/_next/static/chunks/node_modules_next_dist_115brz8._.js:2431
[   38233ms] [INFO] %cDownload the React DevTools for a better development experience: https://react.dev/link/react-devtools font-weight:bold @ http://localhost:3001/_next/static/chunks/node_modules_next_dist_115brz8._.js:2431
[   38253ms] [LOG] [HMR] connected @ http://localhost:3001/_next/static/chunks/node_modules_next_dist_115brz8._.js:2431
[   38282ms] [LOG] [Fast Refresh] rebuilding @ http://localhost:3001/_next/static/chunks/node_modules_next_dist_115brz8._.js:2431
[   38530ms] [INFO] %cDownload the React DevTools for a better development experience: https://react.dev/link/react-devtools font-weight:bold @ http://localhost:3001/_next/static/chunks/node_modules_next_dist_115brz8._.js:2431
[   38556ms] [LOG] [HMR] connected @ http://localhost:3001/_next/static/chunks/node_modules_next_dist_115brz8._.js:2431
[   38616ms] [LOG] [Fast Refresh] rebuilding @ http://localhost:3001/_next/static/chunks/node_modules_next_dist_115brz8._.js:2431
[   38728ms] [WARNING] THREE.THREE.Clock: This module has been deprecated. Please use THREE.Timer instead. @ http://localhost:3001/_next/static/chunks/node_modules_next_dist_115brz8._.js:2431
[   38778ms] [ERROR] WebSocket is already in CLOSING or CLOSED state. @ http://localhost:3001/_next/static/chunks/node_modules_next_dist_115brz8._.js:2790
[   38904ms] [INFO] %cDownload the React DevTools for a better development experience: https://react.dev/link/react-devtools font-weight:bold @ http://localhost:3001/_next/static/chunks/node_modules_next_dist_115brz8._.js:2431
[   38922ms] [LOG] [HMR] connected @ http://localhost:3001/_next/static/chunks/node_modules_next_dist_115brz8._.js:2431
[   38964ms] [LOG] [Fast Refresh] rebuilding @ http://localhost:3001/_next/static/chunks/node_modules_next_dist_115brz8._.js:2431
[   39191ms] [INFO] %cDownload the React DevTools for a better development experience: https://react.dev/link/react-devtools font-weight:bold @ http://localhost:3001/_next/static/chunks/node_modules_next_dist_115brz8._.js:2431
[   39218ms] [LOG] [HMR] connected @ http://localhost:3001/_next/static/chunks/node_modules_next_dist_115brz8._.js:2431
[   39244ms] [LOG] [Fast Refresh] rebuilding @ http://localhost:3001/_next/static/chunks/node_modules_next_dist_115brz8._.js:2431
[   39430ms] [INFO] %cDownload the React DevTools for a better development experience: https://react.dev/link/react-devtools font-weight:bold @ http://localhost:3001/_next/static/chunks/node_modules_next_dist_115brz8._.js:2431
[   39454ms] [LOG] [HMR] connected @ http://localhost:3001/_next/static/chunks/node_modules_next_dist_115brz8._.js:2431
[   39505ms] [LOG] [Fast Refresh] rebuilding @ http://localhost:3001/_next/static/chunks/node_modules_next_dist_115brz8._.js:2431
[   39607ms] [WARNING] THREE.THREE.Clock: This module has been deprecated. Please use THREE.Timer instead. @ http://localhost:3001/_next/static/chunks/node_modules_next_dist_115brz8._.js:2431
[   39716ms] [INFO] %cDownload the React DevTools for a better development experience: https://react.dev/link/react-devtools font-weight:bold @ http://localhost:3001/_next/static/chunks/node_modules_next_dist_115brz8._.js:2431
[   39745ms] [LOG] [HMR] connected @ http://localhost:3001/_next/static/chunks/node_modules_next_dist_115brz8._.js:2431
[   39765ms] [LOG] [Fast Refresh] rebuilding @ http://localhost:3001/_next/static/chunks/node_modules_next_dist_115brz8._.js:2431
[   39962ms] [INFO] %cDownload the React DevTools for a better development experience: https://react.dev/link/react-devtools font-weight:bold @ http://localhost:3001/_next/static/chunks/node_modules_next_dist_115brz8._.js:2431
[   39987ms] [LOG] [HMR] connected @ http://localhost:3001/_next/static/chunks/node_modules_next_dist_115brz8._.js:2431
[   40016ms] [LOG] [Fast Refresh] rebuilding @ http://localhost:3001/_next/static/chunks/node_modules_next_dist_115brz8._.js:2431
[   40142ms] [WARNING] THREE.THREE.Clock: This module has been deprecated. Please use THREE.Timer instead. @ http://localhost:3001/_next/static/chunks/node_modules_next_dist_115brz8._.js:2431
[   40196ms] [ERROR] WebSocket is already in CLOSING or CLOSED state. @ http://localhost:3001/_next/static/chunks/node_modules_next_dist_115brz8._.js:2790
[   40297ms] [INFO] %cDownload the React DevTools for a better development experience: https://react.dev/link/react-devtools font-weight:bold @ http://localhost:3001/_next/static/chunks/node_modules_next_dist_115brz8._.js:2431
[   40340ms] [LOG] [HMR] connected @ http://localhost:3001/_next/static/chunks/node_modules_next_dist_115brz8._.js:2431
[   40515ms] [WARNING] THREE.THREE.Clock: This module has been deprecated. Please use THREE.Timer instead. @ http://localhost:3001/_next/static/chunks/node_modules_next_dist_115brz8._.js:2431
[   40564ms] [ERROR] WebSocket is already in CLOSING or CLOSED state. @ http://localhost:3001/_next/static/chunks/node_modules_next_dist_115brz8._.js:2790
[   40706ms] [INFO] %cDownload the React DevTools for a better development experience: https://react.dev/link/react-devtools font-weight:bold @ http://localhost:3001/_next/static/chunks/node_modules_next_dist_115brz8._.js:2431
[   40728ms] [LOG] [HMR] connected @ http://localhost:3001/_next/static/chunks/node_modules_next_dist_115brz8._.js:2431
[   40776ms] [LOG] [Fast Refresh] rebuilding @ http://localhost:3001/_next/static/chunks/node_modules_next_dist_115brz8._.js:2431
[   40903ms] [WARNING] THREE.THREE.Clock: This module has been deprecated. Please use THREE.Timer instead. @ http://localhost:3001/_next/static/chunks/node_modules_next_dist_115brz8._.js:2431
[   40988ms] [INFO] %cDownload the React DevTools for a better development experience: https://react.dev/link/react-devtools font-weight:bold @ http://localhost:3001/_next/static/chunks/node_modules_next_dist_115brz8._.js:2431
[   41009ms] [LOG] [HMR] connected @ http://localhost:3001/_next/static/chunks/node_modules_next_dist_115brz8._.js:2431
[   41035ms] [LOG] [Fast Refresh] rebuilding @ http://localhost:3001/_next/static/chunks/node_modules_next_dist_115brz8._.js:2431
[   41196ms] [WARNING] THREE.THREE.Clock: This module has been deprecated. Please use THREE.Timer instead. @ http://localhost:3001/_next/static/chunks/node_modules_next_dist_115brz8._.js:2431
[   41249ms] [ERROR] WebSocket is already in CLOSING or CLOSED state. @ http://localhost:3001/_next/static/chunks/node_modules_next_dist_115brz8._.js:2790
[   41328ms] [INFO] %cDownload the React DevTools for a better development experience: https://react.dev/link/react-devtools font-weight:bold @ http://localhost:3001/_next/static/chunks/node_modules_next_dist_115brz8._.js:2431
[   41350ms] [LOG] [HMR] connected @ http://localhost:3001/_next/static/chunks/node_modules_next_dist_115brz8._.js:2431
[   41388ms] [LOG] [Fast Refresh] rebuilding @ http://localhost:3001/_next/static/chunks/node_modules_next_dist_115brz8._.js:2431
[   41513ms] [WARNING] THREE.THREE.Clock: This module has been deprecated. Please use THREE.Timer instead. @ http://localhost:3001/_next/static/chunks/node_modules_next_dist_115brz8._.js:2431
[   41624ms] [INFO] %cDownload the React DevTools for a better development experience: https://react.dev/link/react-devtools font-weight:bold @ http://localhost:3001/_next/static/chunks/node_modules_next_dist_115brz8._.js:2431
[   41644ms] [LOG] [HMR] connected @ http://localhost:3001/_next/static/chunks/node_modules_next_dist_115brz8._.js:2431
[   41681ms] [LOG] [Fast Refresh] rebuilding @ http://localhost:3001/_next/static/chunks/node_modules_next_dist_115brz8._.js:2431
[   41878ms] [INFO] %cDownload the React DevTools for a better development experience: https://react.dev/link/react-devtools font-weight:bold @ http://localhost:3001/_next/static/chunks/node_modules_next_dist_115brz8._.js:2431
[   41903ms] [LOG] [HMR] connected @ http://localhost:3001/_next/static/chunks/node_modules_next_dist_115brz8._.js:2431
[   42049ms] [WARNING] THREE.THREE.Clock: This module has been deprecated. Please use THREE.Timer instead. @ http://localhost:3001/_next/static/chunks/node_modules_next_dist_115brz8._.js:2431
[   42101ms] [ERROR] WebSocket is already in CLOSING or CLOSED state. @ http://localhost:3001/_next/static/chunks/node_modules_next_dist_115brz8._.js:2790
[   42202ms] [INFO] %cDownload the React DevTools for a better development experience: https://react.dev/link/react-devtools font-weight:bold @ http://localhost:3001/_next/static/chunks/node_modules_next_dist_115brz8._.js:2431
[   42224ms] [LOG] [HMR] connected @ http://localhost:3001/_next/static/chunks/node_modules_next_dist_115brz8._.js:2431
[   42265ms] [LOG] [Fast Refresh] rebuilding @ http://localhost:3001/_next/static/chunks/node_modules_next_dist_115brz8._.js:2431
[   42397ms] [WARNING] THREE.THREE.Clock: This module has been deprecated. Please use THREE.Timer instead. @ http://localhost:3001/_next/static/chunks/node_modules_next_dist_115brz8._.js:2431
[   42503ms] [INFO] %cDownload the React DevTools for a better development experience: https://react.dev/link/react-devtools font-weight:bold @ http://localhost:3001/_next/static/chunks/node_modules_next_dist_115brz8._.js:2431
[   42526ms] [LOG] [HMR] connected @ http://localhost:3001/_next/static/chunks/node_modules_next_dist_115brz8._.js:2431
[   42560ms] [LOG] [Fast Refresh] rebuilding @ http://localhost:3001/_next/static/chunks/node_modules_next_dist_115brz8._.js:2431
[   42689ms] [WARNING] THREE.THREE.Clock: This module has been deprecated. Please use THREE.Timer instead. @ http://localhost:3001/_next/static/chunks/node_modules_next_dist_115brz8._.js:2431
[   42791ms] [INFO] %cDownload the React DevTools for a better development experience: https://react.dev/link/react-devtools font-weight:bold @ http://localhost:3001/_next/static/chunks/node_modules_next_dist_115brz8._.js:2431
[   42815ms] [LOG] [HMR] connected @ http://localhost:3001/_next/static/chunks/node_modules_next_dist_115brz8._.js:2431
[   42842ms] [LOG] [Fast Refresh] rebuilding @ http://localhost:3001/_next/static/chunks/node_modules_next_dist_115brz8._.js:2431
[   43063ms] [INFO] %cDownload the React DevTools for a better development experience: https://react.dev/link/react-devtools font-weight:bold @ http://localhost:3001/_next/static/chunks/node_modules_next_dist_115brz8._.js:2431
[   43089ms] [LOG] [HMR] connected @ http://localhost:3001/_next/static/chunks/node_modules_next_dist_115brz8._.js:2431
[   43123ms] [LOG] [Fast Refresh] rebuilding @ http://localhost:3001/_next/static/chunks/node_modules_next_dist_115brz8._.js:2431
[   43249ms] [WARNING] THREE.THREE.Clock: This module has been deprecated. Please use THREE.Timer instead. @ http://localhost:3001/_next/static/chunks/node_modules_next_dist_115brz8._.js:2431
[   43351ms] [INFO] %cDownload the React DevTools for a better development experience: https://react.dev/link/react-devtools font-weight:bold @ http://localhost:3001/_next/static/chunks/node_modules_next_dist_115brz8._.js:2431
[   43377ms] [LOG] [HMR] connected @ http://localhost:3001/_next/static/chunks/node_modules_next_dist_115brz8._.js:2431
[   43404ms] [LOG] [Fast Refresh] rebuilding @ http://localhost:3001/_next/static/chunks/node_modules_next_dist_115brz8._.js:2431
[   43543ms] [WARNING] THREE.THREE.Clock: This module has been deprecated. Please use THREE.Timer instead. @ http://localhost:3001/_next/static/chunks/node_modules_next_dist_115brz8._.js:2431
[   43725ms] [INFO] %cDownload the React DevTools for a better development experience: https://react.dev/link/react-devtools font-weight:bold @ http://localhost:3001/_next/static/chunks/node_modules_next_dist_115brz8._.js:2431
[   43747ms] [LOG] [HMR] connected @ http://localhost:3001/_next/static/chunks/node_modules_next_dist_115brz8._.js:2431
[   43802ms] [LOG] [Fast Refresh] rebuilding @ http://localhost:3001/_next/static/chunks/node_modules_next_dist_115brz8._.js:2431
[   43929ms] [WARNING] THREE.THREE.Clock: This module has been deprecated. Please use THREE.Timer instead. @ http://localhost:3001/_next/static/chunks/node_modules_next_dist_115brz8._.js:2431
[   43984ms] [ERROR] WebSocket is already in CLOSING or CLOSED state. @ http://localhost:3001/_next/static/chunks/node_modules_next_dist_115brz8._.js:2790
[   44091ms] [INFO] %cDownload the React DevTools for a better development experience: https://react.dev/link/react-devtools font-weight:bold @ http://localhost:3001/_next/static/chunks/node_modules_next_dist_115brz8._.js:2431
[   44122ms] [LOG] [HMR] connected @ http://localhost:3001/_next/static/chunks/node_modules_next_dist_115brz8._.js:2431
[   44160ms] [LOG] [Fast Refresh] rebuilding @ http://localhost:3001/_next/static/chunks/node_modules_next_dist_115brz8._.js:2431
[   44305ms] [WARNING] THREE.THREE.Clock: This module has been deprecated. Please use THREE.Timer instead. @ http://localhost:3001/_next/static/chunks/node_modules_next_dist_115brz8._.js:2431
[   44387ms] [INFO] %cDownload the React DevTools for a better development experience: https://react.dev/link/react-devtools font-weight:bold @ http://localhost:3001/_next/static/chunks/node_modules_next_dist_115brz8._.js:2431
[   44408ms] [LOG] [HMR] connected @ http://localhost:3001/_next/static/chunks/node_modules_next_dist_115brz8._.js:2431
[   44450ms] [LOG] [Fast Refresh] rebuilding @ http://localhost:3001/_next/static/chunks/node_modules_next_dist_115brz8._.js:2431
[   44584ms] [WARNING] THREE.THREE.Clock: This module has been deprecated. Please use THREE.Timer instead. @ http://localhost:3001/_next/static/chunks/node_modules_next_dist_115brz8._.js:2431
[   44687ms] [INFO] %cDownload the React DevTools for a better development experience: https://react.dev/link/react-devtools font-weight:bold @ http://localhost:3001/_next/static/chunks/node_modules_next_dist_115brz8._.js:2431
[   44710ms] [LOG] [HMR] connected @ http://localhost:3001/_next/static/chunks/node_modules_next_dist_115brz8._.js:2431
[   44928ms] [INFO] %cDownload the React DevTools for a better development experience: https://react.dev/link/react-devtools font-weight:bold @ http://localhost:3001/_next/static/chunks/node_modules_next_dist_115brz8._.js:2431
[   44951ms] [LOG] [HMR] connected @ http://localhost:3001/_next/static/chunks/node_modules_next_dist_115brz8._.js:2431
[   44990ms] [LOG] [Fast Refresh] rebuilding @ http://localhost:3001/_next/static/chunks/node_modules_next_dist_115brz8._.js:2431
[   45130ms] [WARNING] THREE.THREE.Clock: This module has been deprecated. Please use THREE.Timer instead. @ http://localhost:3001/_next/static/chunks/node_modules_next_dist_115brz8._.js:2431
[   45242ms] [INFO] %cDownload the React DevTools for a better development experience: https://react.dev/link/react-devtools font-weight:bold @ http://localhost:3001/_next/static/chunks/node_modules_next_dist_115brz8._.js:2431
[   45263ms] [LOG] [HMR] connected @ http://localhost:3001/_next/static/chunks/node_modules_next_dist_115brz8._.js:2431
[   45301ms] [LOG] [Fast Refresh] rebuilding @ http://localhost:3001/_next/static/chunks/node_modules_next_dist_115brz8._.js:2431
[   45424ms] [WARNING] THREE.THREE.Clock: This module has been deprecated. Please use THREE.Timer instead. @ http://localhost:3001/_next/static/chunks/node_modules_next_dist_115brz8._.js:2431
[   45524ms] [INFO] %cDownload the React DevTools for a better development experience: https://react.dev/link/react-devtools font-weight:bold @ http://localhost:3001/_next/static/chunks/node_modules_next_dist_115brz8._.js:2431
[   45544ms] [LOG] [HMR] connected @ http://localhost:3001/_next/static/chunks/node_modules_next_dist_115brz8._.js:2431
[   45570ms] [LOG] [Fast Refresh] rebuilding @ http://localhost:3001/_next/static/chunks/node_modules_next_dist_115brz8._.js:2431
[   45786ms] [INFO] %cDownload the React DevTools for a better development experience: https://react.dev/link/react-devtools font-weight:bold @ http://localhost:3001/_next/static/chunks/node_modules_next_dist_115brz8._.js:2431
[   45811ms] [LOG] [HMR] connected @ http://localhost:3001/_next/static/chunks/node_modules_next_dist_115brz8._.js:2431
[   45830ms] [LOG] [Fast Refresh] rebuilding @ http://localhost:3001/_next/static/chunks/node_modules_next_dist_115brz8._.js:2431
[   46052ms] [INFO] %cDownload the React DevTools for a better development experience: https://react.dev/link/react-devtools font-weight:bold @ http://localhost:3001/_next/static/chunks/node_modules_next_dist_115brz8._.js:2431
[   46072ms] [LOG] [HMR] connected @ http://localhost:3001/_next/static/chunks/node_modules_next_dist_115brz8._.js:2431
[   46133ms] [LOG] [Fast Refresh] rebuilding @ http://localhost:3001/_next/static/chunks/node_modules_next_dist_115brz8._.js:2431
[   46221ms] [WARNING] THREE.THREE.Clock: This module has been deprecated. Please use THREE.Timer instead. @ http://localhost:3001/_next/static/chunks/node_modules_next_dist_115brz8._.js:2431
[   46323ms] [INFO] %cDownload the React DevTools for a better development experience: https://react.dev/link/react-devtools font-weight:bold @ http://localhost:3001/_next/static/chunks/node_modules_next_dist_115brz8._.js:2431
[   46349ms] [LOG] [HMR] connected @ http://localhost:3001/_next/static/chunks/node_modules_next_dist_115brz8._.js:2431
[   46503ms] [WARNING] THREE.THREE.Clock: This module has been deprecated. Please use THREE.Timer instead. @ http://localhost:3001/_next/static/chunks/node_modules_next_dist_115brz8._.js:2431
[   46574ms] [ERROR] WebSocket is already in CLOSING or CLOSED state. @ http://localhost:3001/_next/static/chunks/node_modules_next_dist_115brz8._.js:2790
[   46703ms] [INFO] %cDownload the React DevTools for a better development experience: https://react.dev/link/react-devtools font-weight:bold @ http://localhost:3001/_next/static/chunks/node_modules_next_dist_115brz8._.js:2431
[   46730ms] [LOG] [HMR] connected @ http://localhost:3001/_next/static/chunks/node_modules_next_dist_115brz8._.js:2431
[   46798ms] [LOG] [Fast Refresh] rebuilding @ http://localhost:3001/_next/static/chunks/node_modules_next_dist_115brz8._.js:2431
[   46903ms] [WARNING] THREE.THREE.Clock: This module has been deprecated. Please use THREE.Timer instead. @ http://localhost:3001/_next/static/chunks/node_modules_next_dist_115brz8._.js:2431
[   46952ms] [ERROR] WebSocket is already in CLOSING or CLOSED state. @ http://localhost:3001/_next/static/chunks/node_modules_next_dist_115brz8._.js:2790
[   47083ms] [INFO] %cDownload the React DevTools for a better development experience: https://react.dev/link/react-devtools font-weight:bold @ http://localhost:3001/_next/static/chunks/node_modules_next_dist_115brz8._.js:2431
[   47101ms] [LOG] [HMR] connected @ http://localhost:3001/_next/static/chunks/node_modules_next_dist_115brz8._.js:2431
[   47276ms] [WARNING] THREE.THREE.Clock: This module has been deprecated. Please use THREE.Timer instead. @ http://localhost:3001/_next/static/chunks/node_modules_next_dist_115brz8._.js:2431
[   47355ms] [INFO] %cDownload the React DevTools for a better development experience: https://react.dev/link/react-devtools font-weight:bold @ http://localhost:3001/_next/static/chunks/node_modules_next_dist_115brz8._.js:2431
[   47379ms] [LOG] [HMR] connected @ http://localhost:3001/_next/static/chunks/node_modules_next_dist_115brz8._.js:2431
[   47434ms] [LOG] [Fast Refresh] rebuilding @ http://localhost:3001/_next/static/chunks/node_modules_next_dist_115brz8._.js:2431
[   47542ms] [WARNING] THREE.THREE.Clock: This module has been deprecated. Please use THREE.Timer instead. @ http://localhost:3001/_next/static/chunks/node_modules_next_dist_115brz8._.js:2431
[   47636ms] [INFO] %cDownload the React DevTools for a better development experience: https://react.dev/link/react-devtools font-weight:bold @ http://localhost:3001/_next/static/chunks/node_modules_next_dist_115brz8._.js:2431
[   47662ms] [LOG] [HMR] connected @ http://localhost:3001/_next/static/chunks/node_modules_next_dist_115brz8._.js:2431
[   47688ms] [LOG] [Fast Refresh] rebuilding @ http://localhost:3001/_next/static/chunks/node_modules_next_dist_115brz8._.js:2431
[   47823ms] [WARNING] THREE.THREE.Clock: This module has been deprecated. Please use THREE.Timer instead. @ http://localhost:3001/_next/static/chunks/node_modules_next_dist_115brz8._.js:2431
[   47935ms] [INFO] %cDownload the React DevTools for a better development experience: https://react.dev/link/react-devtools font-weight:bold @ http://localhost:3001/_next/static/chunks/node_modules_next_dist_115brz8._.js:2431
[   47954ms] [LOG] [HMR] connected @ http://localhost:3001/_next/static/chunks/node_modules_next_dist_115brz8._.js:2431
[   47988ms] [LOG] [Fast Refresh] rebuilding @ http://localhost:3001/_next/static/chunks/node_modules_next_dist_115brz8._.js:2431
[   48118ms] [WARNING] THREE.THREE.Clock: This module has been deprecated. Please use THREE.Timer instead. @ http://localhost:3001/_next/static/chunks/node_modules_next_dist_115brz8._.js:2431
[   48197ms] [INFO] %cDownload the React DevTools for a better development experience: https://react.dev/link/react-devtools font-weight:bold @ http://localhost:3001/_next/static/chunks/node_modules_next_dist_115brz8._.js:2431
[   48223ms] [LOG] [HMR] connected @ http://localhost:3001/_next/static/chunks/node_modules_next_dist_115brz8._.js:2431
[   48264ms] [LOG] [Fast Refresh] rebuilding @ http://localhost:3001/_next/static/chunks/node_modules_next_dist_115brz8._.js:2431
[   48382ms] [WARNING] THREE.THREE.Clock: This module has been deprecated. Please use THREE.Timer instead. @ http://localhost:3001/_next/static/chunks/node_modules_next_dist_115brz8._.js:2431
[   48484ms] [INFO] %cDownload the React DevTools for a better development experience: https://react.dev/link/react-devtools font-weight:bold @ http://localhost:3001/_next/static/chunks/node_modules_next_dist_115brz8._.js:2431
[   48503ms] [LOG] [HMR] connected @ http://localhost:3001/_next/static/chunks/node_modules_next_dist_115brz8._.js:2431
[   48553ms] [LOG] [Fast Refresh] rebuilding @ http://localhost:3001/_next/static/chunks/node_modules_next_dist_115brz8._.js:2431
[   48661ms] [WARNING] THREE.THREE.Clock: This module has been deprecated. Please use THREE.Timer instead. @ http://localhost:3001/_next/static/chunks/node_modules_next_dist_115brz8._.js:2431
[   48711ms] [ERROR] WebSocket is already in CLOSING or CLOSED state. @ http://localhost:3001/_next/static/chunks/node_modules_next_dist_115brz8._.js:2790
[   48795ms] [INFO] %cDownload the React DevTools for a better development experience: https://react.dev/link/react-devtools font-weight:bold @ http://localhost:3001/_next/static/chunks/node_modules_next_dist_115brz8._.js:2431
[   48817ms] [LOG] [HMR] connected @ http://localhost:3001/_next/static/chunks/node_modules_next_dist_115brz8._.js:2431
[   48842ms] [LOG] [Fast Refresh] rebuilding @ http://localhost:3001/_next/static/chunks/node_modules_next_dist_115brz8._.js:2431
[   48971ms] [WARNING] THREE.THREE.Clock: This module has been deprecated. Please use THREE.Timer instead. @ http://localhost:3001/_next/static/chunks/node_modules_next_dist_115brz8._.js:2431
[   49073ms] [INFO] %cDownload the React DevTools for a better development experience: https://react.dev/link/react-devtools font-weight:bold @ http://localhost:3001/_next/static/chunks/node_modules_next_dist_115brz8._.js:2431
[   49097ms] [LOG] [HMR] connected @ http://localhost:3001/_next/static/chunks/node_modules_next_dist_115brz8._.js:2431
[   49124ms] [LOG] [Fast Refresh] rebuilding @ http://localhost:3001/_next/static/chunks/node_modules_next_dist_115brz8._.js:2431
[   49253ms] [WARNING] THREE.THREE.Clock: This module has been deprecated. Please use THREE.Timer instead. @ http://localhost:3001/_next/static/chunks/node_modules_next_dist_115brz8._.js:2431
[   49430ms] [INFO] %cDownload the React DevTools for a better development experience: https://react.dev/link/react-devtools font-weight:bold @ http://localhost:3001/_next/static/chunks/node_modules_next_dist_115brz8._.js:2431
[   49449ms] [LOG] [HMR] connected @ http://localhost:3001/_next/static/chunks/node_modules_next_dist_115brz8._.js:2431
[   49504ms] [LOG] [Fast Refresh] rebuilding @ http://localhost:3001/_next/static/chunks/node_modules_next_dist_115brz8._.js:2431
[   49652ms] [WARNING] THREE.THREE.Clock: This module has been deprecated. Please use THREE.Timer instead. @ http://localhost:3001/_next/static/chunks/node_modules_next_dist_115brz8._.js:2431
[   49747ms] [INFO] %cDownload the React DevTools for a better development experience: https://react.dev/link/react-devtools font-weight:bold @ http://localhost:3001/_next/static/chunks/node_modules_next_dist_115brz8._.js:2431
[   49778ms] [LOG] [HMR] connected @ http://localhost:3001/_next/static/chunks/node_modules_next_dist_115brz8._.js:2431
[   49948ms] [WARNING] THREE.THREE.Clock: This module has been deprecated. Please use THREE.Timer instead. @ http://localhost:3001/_next/static/chunks/node_modules_next_dist_115brz8._.js:2431
[   50064ms] [INFO] %cDownload the React DevTools for a better development experience: https://react.dev/link/react-devtools font-weight:bold @ http://localhost:3001/_next/static/chunks/node_modules_next_dist_115brz8._.js:2431
[   50088ms] [LOG] [HMR] connected @ http://localhost:3001/_next/static/chunks/node_modules_next_dist_115brz8._.js:2431
[   50113ms] [LOG] [Fast Refresh] rebuilding @ http://localhost:3001/_next/static/chunks/node_modules_next_dist_115brz8._.js:2431
[   50323ms] [INFO] %cDownload the React DevTools for a better development experience: https://react.dev/link/react-devtools font-weight:bold @ http://localhost:3001/_next/static/chunks/node_modules_next_dist_115brz8._.js:2431
[   50348ms] [LOG] [HMR] connected @ http://localhost:3001/_next/static/chunks/node_modules_next_dist_115brz8._.js:2431
[   50383ms] [LOG] [Fast Refresh] rebuilding @ http://localhost:3001/_next/static/chunks/node_modules_next_dist_115brz8._.js:2431
[   50588ms] [INFO] %cDownload the React DevTools for a better development experience: https://react.dev/link/react-devtools font-weight:bold @ http://localhost:3001/_next/static/chunks/node_modules_next_dist_115brz8._.js:2431
[   50614ms] [LOG] [HMR] connected @ http://localhost:3001/_next/static/chunks/node_modules_next_dist_115brz8._.js:2431
[   50664ms] [LOG] [Fast Refresh] rebuilding @ http://localhost:3001/_next/static/chunks/node_modules_next_dist_115brz8._.js:2431
[   50772ms] [WARNING] THREE.THREE.Clock: This module has been deprecated. Please use THREE.Timer instead. @ http://localhost:3001/_next/static/chunks/node_modules_next_dist_115brz8._.js:2431
[   50824ms] [ERROR] WebSocket is already in CLOSING or CLOSED state. @ http://localhost:3001/_next/static/chunks/node_modules_next_dist_115brz8._.js:2790
[   50901ms] [INFO] %cDownload the React DevTools for a better development experience: https://react.dev/link/react-devtools font-weight:bold @ http://localhost:3001/_next/static/chunks/node_modules_next_dist_115brz8._.js:2431
[   50924ms] [LOG] [HMR] connected @ http://localhost:3001/_next/static/chunks/node_modules_next_dist_115brz8._.js:2431
[   50959ms] [LOG] [Fast Refresh] rebuilding @ http://localhost:3001/_next/static/chunks/node_modules_next_dist_115brz8._.js:2431
[   51106ms] [WARNING] THREE.THREE.Clock: This module has been deprecated. Please use THREE.Timer instead. @ http://localhost:3001/_next/static/chunks/node_modules_next_dist_115brz8._.js:2431
[   51215ms] [INFO] %cDownload the React DevTools for a better development experience: https://react.dev/link/react-devtools font-weight:bold @ http://localhost:3001/_next/static/chunks/node_modules_next_dist_115brz8._.js:2431
[   51238ms] [LOG] [HMR] connected @ http://localhost:3001/_next/static/chunks/node_modules_next_dist_115brz8._.js:2431
[   51273ms] [LOG] [Fast Refresh] rebuilding @ http://localhost:3001/_next/static/chunks/node_modules_next_dist_115brz8._.js:2431
[   51413ms] [WARNING] THREE.THREE.Clock: This module has been deprecated. Please use THREE.Timer instead. @ http://localhost:3001/_next/static/chunks/node_modules_next_dist_115brz8._.js:2431
[   51519ms] [INFO] %cDownload the React DevTools for a better development experience: https://react.dev/link/react-devtools font-weight:bold @ http://localhost:3001/_next/static/chunks/node_modules_next_dist_115brz8._.js:2431
[   51544ms] [LOG] [HMR] connected @ http://localhost:3001/_next/static/chunks/node_modules_next_dist_115brz8._.js:2431
[   51581ms] [LOG] [Fast Refresh] rebuilding @ http://localhost:3001/_next/static/chunks/node_modules_next_dist_115brz8._.js:2431
[   51720ms] [WARNING] THREE.THREE.Clock: This module has been deprecated. Please use THREE.Timer instead. @ http://localhost:3001/_next/static/chunks/node_modules_next_dist_115brz8._.js:2431
[   51846ms] [INFO] %cDownload the React DevTools for a better development experience: https://react.dev/link/react-devtools font-weight:bold @ http://localhost:3001/_next/static/chunks/node_modules_next_dist_115brz8._.js:2431
[   51873ms] [LOG] [HMR] connected @ http://localhost:3001/_next/static/chunks/node_modules_next_dist_115brz8._.js:2431
[   51923ms] [LOG] [Fast Refresh] rebuilding @ http://localhost:3001/_next/static/chunks/node_modules_next_dist_115brz8._.js:2431
[   52040ms] [WARNING] THREE.THREE.Clock: This module has been deprecated. Please use THREE.Timer instead. @ http://localhost:3001/_next/static/chunks/node_modules_next_dist_115brz8._.js:2431
[   52142ms] [INFO] %cDownload the React DevTools for a better development experience: https://react.dev/link/react-devtools font-weight:bold @ http://localhost:3001/_next/static/chunks/node_modules_next_dist_115brz8._.js:2431
[   52166ms] [LOG] [HMR] connected @ http://localhost:3001/_next/static/chunks/node_modules_next_dist_115brz8._.js:2431
[   52192ms] [LOG] [Fast Refresh] rebuilding @ http://localhost:3001/_next/static/chunks/node_modules_next_dist_115brz8._.js:2431
[   52333ms] [WARNING] THREE.THREE.Clock: This module has been deprecated. Please use THREE.Timer instead. @ http://localhost:3001/_next/static/chunks/node_modules_next_dist_115brz8._.js:2431
[   52383ms] [ERROR] WebSocket is already in CLOSING or CLOSED state. @ http://localhost:3001/_next/static/chunks/node_modules_next_dist_115brz8._.js:2790
[   52491ms] [INFO] %cDownload the React DevTools for a better development experience: https://react.dev/link/react-devtools font-weight:bold @ http://localhost:3001/_next/static/chunks/node_modules_next_dist_115brz8._.js:2431
[   52511ms] [LOG] [HMR] connected @ http://localhost:3001/_next/static/chunks/node_modules_next_dist_115brz8._.js:2431
[   52541ms] [LOG] [Fast Refresh] rebuilding @ http://localhost:3001/_next/static/chunks/node_modules_next_dist_115brz8._.js:2431
[   52765ms] [INFO] %cDownload the React DevTools for a better development experience: https://react.dev/link/react-devtools font-weight:bold @ http://localhost:3001/_next/static/chunks/node_modules_next_dist_115brz8._.js:2431
[   52790ms] [LOG] [HMR] connected @ http://localhost:3001/_next/static/chunks/node_modules_next_dist_115brz8._.js:2431
[   52897ms] [LOG] [Fast Refresh] rebuilding @ http://localhost:3001/_next/static/chunks/node_modules_next_dist_115brz8._.js:2431
[   52999ms] [WARNING] THREE.THREE.Clock: This module has been deprecated. Please use THREE.Timer instead. @ http://localhost:3001/_next/static/chunks/node_modules_next_dist_115brz8._.js:2431
[   53120ms] [INFO] %cDownload the React DevTools for a better development experience: https://react.dev/link/react-devtools font-weight:bold @ http://localhost:3001/_next/static/chunks/node_modules_next_dist_115brz8._.js:2431
[   53141ms] [LOG] [HMR] connected @ http://localhost:3001/_next/static/chunks/node_modules_next_dist_115brz8._.js:2431
[   53368ms] [INFO] %cDownload the React DevTools for a better development experience: https://react.dev/link/react-devtools font-weight:bold @ http://localhost:3001/_next/static/chunks/node_modules_next_dist_115brz8._.js:2431
[   53392ms] [LOG] [HMR] connected @ http://localhost:3001/_next/static/chunks/node_modules_next_dist_115brz8._.js:2431
[   53451ms] [LOG] [Fast Refresh] rebuilding @ http://localhost:3001/_next/static/chunks/node_modules_next_dist_115brz8._.js:2431
[   53559ms] [WARNING] THREE.THREE.Clock: This module has been deprecated. Please use THREE.Timer instead. @ http://localhost:3001/_next/static/chunks/node_modules_next_dist_115brz8._.js:2431
[   53653ms] [INFO] %cDownload the React DevTools for a better development experience: https://react.dev/link/react-devtools font-weight:bold @ http://localhost:3001/_next/static/chunks/node_modules_next_dist_115brz8._.js:2431
[   53680ms] [LOG] [HMR] connected @ http://localhost:3001/_next/static/chunks/node_modules_next_dist_115brz8._.js:2431
[   53733ms] [LOG] [Fast Refresh] rebuilding @ http://localhost:3001/_next/static/chunks/node_modules_next_dist_115brz8._.js:2431
[   53853ms] [WARNING] THREE.THREE.Clock: This module has been deprecated. Please use THREE.Timer instead. @ http://localhost:3001/_next/static/chunks/node_modules_next_dist_115brz8._.js:2431
[   53902ms] [ERROR] WebSocket is already in CLOSING or CLOSED state. @ http://localhost:3001/_next/static/chunks/node_modules_next_dist_115brz8._.js:2790
[   53992ms] [INFO] %cDownload the React DevTools for a better development experience: https://react.dev/link/react-devtools font-weight:bold @ http://localhost:3001/_next/static/chunks/node_modules_next_dist_115brz8._.js:2431
[   54011ms] [LOG] [HMR] connected @ http://localhost:3001/_next/static/chunks/node_modules_next_dist_115brz8._.js:2431
[   54037ms] [LOG] [Fast Refresh] rebuilding @ http://localhost:3001/_next/static/chunks/node_modules_next_dist_115brz8._.js:2431
[   54173ms] [WARNING] THREE.THREE.Clock: This module has been deprecated. Please use THREE.Timer instead. @ http://localhost:3001/_next/static/chunks/node_modules_next_dist_115brz8._.js:2431
[   54248ms] [INFO] %cDownload the React DevTools for a better development experience: https://react.dev/link/react-devtools font-weight:bold @ http://localhost:3001/_next/static/chunks/node_modules_next_dist_115brz8._.js:2431
[   54272ms] [LOG] [HMR] connected @ http://localhost:3001/_next/static/chunks/node_modules_next_dist_115brz8._.js:2431
[   54325ms] [LOG] [Fast Refresh] rebuilding @ http://localhost:3001/_next/static/chunks/node_modules_next_dist_115brz8._.js:2431
[   54440ms] [WARNING] THREE.THREE.Clock: This module has been deprecated. Please use THREE.Timer instead. @ http://localhost:3001/_next/static/chunks/node_modules_next_dist_115brz8._.js:2431
[   54558ms] [INFO] %cDownload the React DevTools for a better development experience: https://react.dev/link/react-devtools font-weight:bold @ http://localhost:3001/_next/static/chunks/node_modules_next_dist_115brz8._.js:2431
[   54585ms] [LOG] [HMR] connected @ http://localhost:3001/_next/static/chunks/node_modules_next_dist_115brz8._.js:2431
[   54611ms] [LOG] [Fast Refresh] rebuilding @ http://localhost:3001/_next/static/chunks/node_modules_next_dist_115brz8._.js:2431
[   54734ms] [WARNING] THREE.THREE.Clock: This module has been deprecated. Please use THREE.Timer instead. @ http://localhost:3001/_next/static/chunks/node_modules_next_dist_115brz8._.js:2431
[   54785ms] [ERROR] WebSocket is already in CLOSING or CLOSED state. @ http://localhost:3001/_next/static/chunks/node_modules_next_dist_115brz8._.js:2790
[   54862ms] [INFO] %cDownload the React DevTools for a better development experience: https://react.dev/link/react-devtools font-weight:bold @ http://localhost:3001/_next/static/chunks/node_modules_next_dist_115brz8._.js:2431
[   54886ms] [LOG] [HMR] connected @ http://localhost:3001/_next/static/chunks/node_modules_next_dist_115brz8._.js:2431
[   54937ms] [LOG] [Fast Refresh] rebuilding @ http://localhost:3001/_next/static/chunks/node_modules_next_dist_115brz8._.js:2431
[   55039ms] [WARNING] THREE.THREE.Clock: This module has been deprecated. Please use THREE.Timer instead. @ http://localhost:3001/_next/static/chunks/node_modules_next_dist_115brz8._.js:2431
[   55088ms] [ERROR] WebSocket is already in CLOSING or CLOSED state. @ http://localhost:3001/_next/static/chunks/node_modules_next_dist_115brz8._.js:2790
[   55178ms] [INFO] %cDownload the React DevTools for a better development experience: https://react.dev/link/react-devtools font-weight:bold @ http://localhost:3001/_next/static/chunks/node_modules_next_dist_115brz8._.js:2431
[   55196ms] [LOG] [HMR] connected @ http://localhost:3001/_next/static/chunks/node_modules_next_dist_115brz8._.js:2431
[   55231ms] [LOG] [Fast Refresh] rebuilding @ http://localhost:3001/_next/static/chunks/node_modules_next_dist_115brz8._.js:2431
[   55360ms] [WARNING] THREE.THREE.Clock: This module has been deprecated. Please use THREE.Timer instead. @ http://localhost:3001/_next/static/chunks/node_modules_next_dist_115brz8._.js:2431
[   55462ms] [ERROR] WebSocket is already in CLOSING or CLOSED state. @ http://localhost:3001/_next/static/chunks/node_modules_next_dist_115brz8._.js:2790
[   55661ms] [INFO] %cDownload the React DevTools for a better development experience: https://react.dev/link/react-devtools font-weight:bold @ http://localhost:3001/_next/static/chunks/node_modules_next_dist_115brz8._.js:2431
[   55683ms] [LOG] [HMR] connected @ http://localhost:3001/_next/static/chunks/node_modules_next_dist_115brz8._.js:2431
[   55764ms] [LOG] [Fast Refresh] rebuilding @ http://localhost:3001/_next/static/chunks/node_modules_next_dist_115brz8._.js:2431
[   55934ms] [WARNING] THREE.THREE.Clock: This module has been deprecated. Please use THREE.Timer instead. @ http://localhost:3001/_next/static/chunks/node_modules_next_dist_115brz8._.js:2431
[   56056ms] [INFO] %cDownload the React DevTools for a better development experience: https://react.dev/link/react-devtools font-weight:bold @ http://localhost:3001/_next/static/chunks/node_modules_next_dist_115brz8._.js:2431
[   56089ms] [LOG] [HMR] connected @ http://localhost:3001/_next/static/chunks/node_modules_next_dist_115brz8._.js:2431
[   56115ms] [LOG] [Fast Refresh] rebuilding @ http://localhost:3001/_next/static/chunks/node_modules_next_dist_115brz8._.js:2431
[   56257ms] [WARNING] THREE.THREE.Clock: This module has been deprecated. Please use THREE.Timer instead. @ http://localhost:3001/_next/static/chunks/node_modules_next_dist_115brz8._.js:2431
[   56343ms] [INFO] %cDownload the React DevTools for a better development experience: https://react.dev/link/react-devtools font-weight:bold @ http://localhost:3001/_next/static/chunks/node_modules_next_dist_115brz8._.js:2431
[   56364ms] [LOG] [HMR] connected @ http://localhost:3001/_next/static/chunks/node_modules_next_dist_115brz8._.js:2431
[   56594ms] [INFO] %cDownload the React DevTools for a better development experience: https://react.dev/link/react-devtools font-weight:bold @ http://localhost:3001/_next/static/chunks/node_modules_next_dist_115brz8._.js:2431
[   56622ms] [LOG] [HMR] connected @ http://localhost:3001/_next/static/chunks/node_modules_next_dist_115brz8._.js:2431
[   56699ms] [LOG] [Fast Refresh] rebuilding @ http://localhost:3001/_next/static/chunks/node_modules_next_dist_115brz8._.js:2431
[   56814ms] [WARNING] THREE.THREE.Clock: This module has been deprecated. Please use THREE.Timer instead. @ http://localhost:3001/_next/static/chunks/node_modules_next_dist_115brz8._.js:2431
[   56862ms] [ERROR] WebSocket is already in CLOSING or CLOSED state. @ http://localhost:3001/_next/static/chunks/node_modules_next_dist_115brz8._.js:2790
[   56921ms] [INFO] %cDownload the React DevTools for a better development experience: https://react.dev/link/react-devtools font-weight:bold @ http://localhost:3001/_next/static/chunks/node_modules_next_dist_115brz8._.js:2431
[   56950ms] [LOG] [HMR] connected @ http://localhost:3001/_next/static/chunks/node_modules_next_dist_115brz8._.js:2431
[   57005ms] [LOG] [Fast Refresh] rebuilding @ http://localhost:3001/_next/static/chunks/node_modules_next_dist_115brz8._.js:2431
[   57121ms] [WARNING] THREE.THREE.Clock: This module has been deprecated. Please use THREE.Timer instead. @ http://localhost:3001/_next/static/chunks/node_modules_next_dist_115brz8._.js:2431
[   57221ms] [INFO] %cDownload the React DevTools for a better development experience: https://react.dev/link/react-devtools font-weight:bold @ http://localhost:3001/_next/static/chunks/node_modules_next_dist_115brz8._.js:2431
[   57244ms] [LOG] [HMR] connected @ http://localhost:3001/_next/static/chunks/node_modules_next_dist_115brz8._.js:2431
[   57301ms] [LOG] [Fast Refresh] rebuilding @ http://localhost:3001/_next/static/chunks/node_modules_next_dist_115brz8._.js:2431
[   57401ms] [WARNING] THREE.THREE.Clock: This module has been deprecated. Please use THREE.Timer instead. @ http://localhost:3001/_next/static/chunks/node_modules_next_dist_115brz8._.js:2431
[   57457ms] [ERROR] WebSocket is already in CLOSING or CLOSED state. @ http://localhost:3001/_next/static/chunks/node_modules_next_dist_115brz8._.js:2790
[   57581ms] [INFO] %cDownload the React DevTools for a better development experience: https://react.dev/link/react-devtools font-weight:bold @ http://localhost:3001/_next/static/chunks/node_modules_next_dist_115brz8._.js:2431
[   57608ms] [LOG] [HMR] connected @ http://localhost:3001/_next/static/chunks/node_modules_next_dist_115brz8._.js:2431
[   57775ms] [WARNING] THREE.THREE.Clock: This module has been deprecated. Please use THREE.Timer instead. @ http://localhost:3001/_next/static/chunks/node_modules_next_dist_115brz8._.js:2431
[   57828ms] [ERROR] WebSocket is already in CLOSING or CLOSED state. @ http://localhost:3001/_next/static/chunks/node_modules_next_dist_115brz8._.js:2790
[   57949ms] [INFO] %cDownload the React DevTools for a better development experience: https://react.dev/link/react-devtools font-weight:bold @ http://localhost:3001/_next/static/chunks/node_modules_next_dist_115brz8._.js:2431
[   57972ms] [LOG] [HMR] connected @ http://localhost:3001/_next/static/chunks/node_modules_next_dist_115brz8._.js:2431
[   58007ms] [LOG] [Fast Refresh] rebuilding @ http://localhost:3001/_next/static/chunks/node_modules_next_dist_115brz8._.js:2431
[   58147ms] [WARNING] THREE.THREE.Clock: This module has been deprecated. Please use THREE.Timer instead. @ http://localhost:3001/_next/static/chunks/node_modules_next_dist_115brz8._.js:2431
[   58215ms] [INFO] %cDownload the React DevTools for a better development experience: https://react.dev/link/react-devtools font-weight:bold @ http://localhost:3001/_next/static/chunks/node_modules_next_dist_115brz8._.js:2431
[   58249ms] [LOG] [HMR] connected @ http://localhost:3001/_next/static/chunks/node_modules_next_dist_115brz8._.js:2431
[   58281ms] [LOG] [Fast Refresh] rebuilding @ http://localhost:3001/_next/static/chunks/node_modules_next_dist_115brz8._.js:2431
[   58414ms] [WARNING] THREE.THREE.Clock: This module has been deprecated. Please use THREE.Timer instead. @ http://localhost:3001/_next/static/chunks/node_modules_next_dist_115brz8._.js:2431
[   58509ms] [INFO] %cDownload the React DevTools for a better development experience: https://react.dev/link/react-devtools font-weight:bold @ http://localhost:3001/_next/static/chunks/node_modules_next_dist_115brz8._.js:2431
[   58529ms] [LOG] [HMR] connected @ http://localhost:3001/_next/static/chunks/node_modules_next_dist_115brz8._.js:2431
[   58569ms] [LOG] [Fast Refresh] rebuilding @ http://localhost:3001/_next/static/chunks/node_modules_next_dist_115brz8._.js:2431
[   58696ms] [WARNING] THREE.THREE.Clock: This module has been deprecated. Please use THREE.Timer instead. @ http://localhost:3001/_next/static/chunks/node_modules_next_dist_115brz8._.js:2431
[   58773ms] [INFO] %cDownload the React DevTools for a better development experience: https://react.dev/link/react-devtools font-weight:bold @ http://localhost:3001/_next/static/chunks/node_modules_next_dist_115brz8._.js:2431
[   58795ms] [LOG] [HMR] connected @ http://localhost:3001/_next/static/chunks/node_modules_next_dist_115brz8._.js:2431
[   58837ms] [LOG] [Fast Refresh] rebuilding @ http://localhost:3001/_next/static/chunks/node_modules_next_dist_115brz8._.js:2431
[   58962ms] [WARNING] THREE.THREE.Clock: This module has been deprecated. Please use THREE.Timer instead. @ http://localhost:3001/_next/static/chunks/node_modules_next_dist_115brz8._.js:2431
[   59076ms] [INFO] %cDownload the React DevTools for a better development experience: https://react.dev/link/react-devtools font-weight:bold @ http://localhost:3001/_next/static/chunks/node_modules_next_dist_115brz8._.js:2431
[   59099ms] [LOG] [HMR] connected @ http://localhost:3001/_next/static/chunks/node_modules_next_dist_115brz8._.js:2431
[   59142ms] [LOG] [Fast Refresh] rebuilding @ http://localhost:3001/_next/static/chunks/node_modules_next_dist_115brz8._.js:2431
[   59255ms] [WARNING] THREE.THREE.Clock: This module has been deprecated. Please use THREE.Timer instead. @ http://localhost:3001/_next/static/chunks/node_modules_next_dist_115brz8._.js:2431
[   59384ms] [INFO] %cDownload the React DevTools for a better development experience: https://react.dev/link/react-devtools font-weight:bold @ http://localhost:3001/_next/static/chunks/node_modules_next_dist_115brz8._.js:2431
[   59414ms] [LOG] [HMR] connected @ http://localhost:3001/_next/static/chunks/node_modules_next_dist_115brz8._.js:2431
[   59507ms] [LOG] [Fast Refresh] rebuilding @ http://localhost:3001/_next/static/chunks/node_modules_next_dist_115brz8._.js:2431
[   59601ms] [WARNING] THREE.THREE.Clock: This module has been deprecated. Please use THREE.Timer instead. @ http://localhost:3001/_next/static/chunks/node_modules_next_dist_115brz8._.js:2431
[   59656ms] [ERROR] WebSocket is already in CLOSING or CLOSED state. @ http://localhost:3001/_next/static/chunks/node_modules_next_dist_115brz8._.js:2790
[   60361ms] [INFO] %cDownload the React DevTools for a better development experience: https://react.dev/link/react-devtools font-weight:bold @ http://localhost:3001/_next/static/chunks/node_modules_next_dist_115brz8._.js:2431
[   60385ms] [LOG] [HMR] connected @ http://localhost:3001/_next/static/chunks/node_modules_next_dist_115brz8._.js:2431
[   60419ms] [LOG] [Fast Refresh] rebuilding @ http://localhost:3001/_next/static/chunks/node_modules_next_dist_115brz8._.js:2431
[   60549ms] [WARNING] THREE.THREE.Clock: This module has been deprecated. Please use THREE.Timer instead. @ http://localhost:3001/_next/static/chunks/node_modules_next_dist_115brz8._.js:2431
[   60600ms] [ERROR] WebSocket is already in CLOSING or CLOSED state. @ http://localhost:3001/_next/static/chunks/node_modules_next_dist_115brz8._.js:2790
[   60683ms] [INFO] %cDownload the React DevTools for a better development experience: https://react.dev/link/react-devtools font-weight:bold @ http://localhost:3001/_next/static/chunks/node_modules_next_dist_115brz8._.js:2431
[   60707ms] [LOG] [HMR] connected @ http://localhost:3001/_next/static/chunks/node_modules_next_dist_115brz8._.js:2431
[   60733ms] [LOG] [Fast Refresh] rebuilding @ http://localhost:3001/_next/static/chunks/node_modules_next_dist_115brz8._.js:2431
[   60869ms] [WARNING] THREE.THREE.Clock: This module has been deprecated. Please use THREE.Timer instead. @ http://localhost:3001/_next/static/chunks/node_modules_next_dist_115brz8._.js:2431
[   60976ms] [INFO] %cDownload the React DevTools for a better development experience: https://react.dev/link/react-devtools font-weight:bold @ http://localhost:3001/_next/static/chunks/node_modules_next_dist_115brz8._.js:2431
[   61000ms] [LOG] [HMR] connected @ http://localhost:3001/_next/static/chunks/node_modules_next_dist_115brz8._.js:2431
[   61028ms] [LOG] [Fast Refresh] rebuilding @ http://localhost:3001/_next/static/chunks/node_modules_next_dist_115brz8._.js:2431
[   61189ms] [WARNING] THREE.THREE.Clock: This module has been deprecated. Please use THREE.Timer instead. @ http://localhost:3001/_next/static/chunks/node_modules_next_dist_115brz8._.js:2431
[   61287ms] [INFO] %cDownload the React DevTools for a better development experience: https://react.dev/link/react-devtools font-weight:bold @ http://localhost:3001/_next/static/chunks/node_modules_next_dist_115brz8._.js:2431
[   61308ms] [LOG] [HMR] connected @ http://localhost:3001/_next/static/chunks/node_modules_next_dist_115brz8._.js:2431
[   61339ms] [LOG] [Fast Refresh] rebuilding @ http://localhost:3001/_next/static/chunks/node_modules_next_dist_115brz8._.js:2431
[   61510ms] [WARNING] THREE.THREE.Clock: This module has been deprecated. Please use THREE.Timer instead. @ http://localhost:3001/_next/static/chunks/node_modules_next_dist_115brz8._.js:2431
[   61696ms] [INFO] %cDownload the React DevTools for a better development experience: https://react.dev/link/react-devtools font-weight:bold @ http://localhost:3001/_next/static/chunks/node_modules_next_dist_115brz8._.js:2431
[   61720ms] [LOG] [HMR] connected @ http://localhost:3001/_next/static/chunks/node_modules_next_dist_115brz8._.js:2431
[   61927ms] [INFO] %cDownload the React DevTools for a better development experience: https://react.dev/link/react-devtools font-weight:bold @ http://localhost:3001/_next/static/chunks/node_modules_next_dist_115brz8._.js:2431
[   61961ms] [LOG] [HMR] connected @ http://localhost:3001/_next/static/chunks/node_modules_next_dist_115brz8._.js:2431
[   61981ms] [LOG] [Fast Refresh] rebuilding @ http://localhost:3001/_next/static/chunks/node_modules_next_dist_115brz8._.js:2431
[   62109ms] [INFO] %cDownload the React DevTools for a better development experience: https://react.dev/link/react-devtools font-weight:bold @ http://localhost:3001/_next/static/chunks/node_modules_next_dist_115brz8._.js:2431
[   62135ms] [LOG] [HMR] connected @ http://localhost:3001/_next/static/chunks/node_modules_next_dist_115brz8._.js:2431
[   62150ms] [LOG] [Fast Refresh] rebuilding @ http://localhost:3001/_next/static/chunks/node_modules_next_dist_115brz8._.js:2431
[   62288ms] [INFO] %cDownload the React DevTools for a better development experience: https://react.dev/link/react-devtools font-weight:bold @ http://localhost:3001/_next/static/chunks/node_modules_next_dist_115brz8._.js:2431
[   62312ms] [LOG] [HMR] connected @ http://localhost:3001/_next/static/chunks/node_modules_next_dist_115brz8._.js:2431
[   62475ms] [INFO] %cDownload the React DevTools for a better development experience: https://react.dev/link/react-devtools font-weight:bold @ http://localhost:3001/_next/static/chunks/node_modules_next_dist_115brz8._.js:2431
[   62505ms] [LOG] [HMR] connected @ http://localhost:3001/_next/static/chunks/node_modules_next_dist_115brz8._.js:2431
[   62541ms] [LOG] [Fast Refresh] rebuilding @ http://localhost:3001/_next/static/chunks/node_modules_next_dist_115brz8._.js:2431
[   62662ms] [INFO] %cDownload the React DevTools for a better development experience: https://react.dev/link/react-devtools font-weight:bold @ http://localhost:3001/_next/static/chunks/node_modules_next_dist_115brz8._.js:2431
[   62684ms] [LOG] [HMR] connected @ http://localhost:3001/_next/static/chunks/node_modules_next_dist_115brz8._.js:2431
[   62707ms] [LOG] [Fast Refresh] rebuilding @ http://localhost:3001/_next/static/chunks/node_modules_next_dist_115brz8._.js:2431
[   62861ms] [INFO] %cDownload the React DevTools for a better development experience: https://react.dev/link/react-devtools font-weight:bold @ http://localhost:3001/_next/static/chunks/node_modules_next_dist_115brz8._.js:2431
[   62883ms] [LOG] [HMR] connected @ http://localhost:3001/_next/static/chunks/node_modules_next_dist_115brz8._.js:2431
[   62911ms] [LOG] [Fast Refresh] rebuilding @ http://localhost:3001/_next/static/chunks/node_modules_next_dist_115brz8._.js:2431
[   63047ms] [INFO] %cDownload the React DevTools for a better development experience: https://react.dev/link/react-devtools font-weight:bold @ http://localhost:3001/_next/static/chunks/node_modules_next_dist_115brz8._.js:2431
[   63076ms] [LOG] [HMR] connected @ http://localhost:3001/_next/static/chunks/node_modules_next_dist_115brz8._.js:2431
[   63098ms] [LOG] [Fast Refresh] rebuilding @ http://localhost:3001/_next/static/chunks/node_modules_next_dist_115brz8._.js:2431
[   63225ms] [INFO] %cDownload the React DevTools for a better development experience: https://react.dev/link/react-devtools font-weight:bold @ http://localhost:3001/_next/static/chunks/node_modules_next_dist_115brz8._.js:2431
[   63252ms] [LOG] [HMR] connected @ http://localhost:3001/_next/static/chunks/node_modules_next_dist_115brz8._.js:2431
[   63271ms] [LOG] [Fast Refresh] rebuilding @ http://localhost:3001/_next/static/chunks/node_modules_next_dist_115brz8._.js:2431
[   63406ms] [INFO] %cDownload the React DevTools for a better development experience: https://react.dev/link/react-devtools font-weight:bold @ http://localhost:3001/_next/static/chunks/node_modules_next_dist_115brz8._.js:2431
[   63427ms] [LOG] [HMR] connected @ http://localhost:3001/_next/static/chunks/node_modules_next_dist_115brz8._.js:2431
[   63449ms] [LOG] [Fast Refresh] rebuilding @ http://localhost:3001/_next/static/chunks/node_modules_next_dist_115brz8._.js:2431
[   63583ms] [INFO] %cDownload the React DevTools for a better development experience: https://react.dev/link/react-devtools font-weight:bold @ http://localhost:3001/_next/static/chunks/node_modules_next_dist_115brz8._.js:2431
[   63614ms] [LOG] [HMR] connected @ http://localhost:3001/_next/static/chunks/node_modules_next_dist_115brz8._.js:2431
[   63764ms] [INFO] %cDownload the React DevTools for a better development experience: https://react.dev/link/react-devtools font-weight:bold @ http://localhost:3001/_next/static/chunks/node_modules_next_dist_115brz8._.js:2431
[   63791ms] [LOG] [HMR] connected @ http://localhost:3001/_next/static/chunks/node_modules_next_dist_115brz8._.js:2431
[   63808ms] [LOG] [Fast Refresh] rebuilding @ http://localhost:3001/_next/static/chunks/node_modules_next_dist_115brz8._.js:2431
[   63941ms] [INFO] %cDownload the React DevTools for a better development experience: https://react.dev/link/react-devtools font-weight:bold @ http://localhost:3001/_next/static/chunks/node_modules_next_dist_115brz8._.js:2431
[   63969ms] [LOG] [HMR] connected @ http://localhost:3001/_next/static/chunks/node_modules_next_dist_115brz8._.js:2431
[   63988ms] [LOG] [Fast Refresh] rebuilding @ http://localhost:3001/_next/static/chunks/node_modules_next_dist_115brz8._.js:2431
[   64115ms] [INFO] %cDownload the React DevTools for a better development experience: https://react.dev/link/react-devtools font-weight:bold @ http://localhost:3001/_next/static/chunks/node_modules_next_dist_115brz8._.js:2431
[   64137ms] [LOG] [HMR] connected @ http://localhost:3001/_next/static/chunks/node_modules_next_dist_115brz8._.js:2431
[   64163ms] [LOG] [Fast Refresh] rebuilding @ http://localhost:3001/_next/static/chunks/node_modules_next_dist_115brz8._.js:2431
[   64296ms] [INFO] %cDownload the React DevTools for a better development experience: https://react.dev/link/react-devtools font-weight:bold @ http://localhost:3001/_next/static/chunks/node_modules_next_dist_115brz8._.js:2431
[   64322ms] [LOG] [HMR] connected @ http://localhost:3001/_next/static/chunks/node_modules_next_dist_115brz8._.js:2431
[   64340ms] [LOG] [Fast Refresh] rebuilding @ http://localhost:3001/_next/static/chunks/node_modules_next_dist_115brz8._.js:2431
[   64462ms] [INFO] %cDownload the React DevTools for a better development experience: https://react.dev/link/react-devtools font-weight:bold @ http://localhost:3001/_next/static/chunks/node_modules_next_dist_115brz8._.js:2431
[   64483ms] [LOG] [HMR] connected @ http://localhost:3001/_next/static/chunks/node_modules_next_dist_115brz8._.js:2431
[   64622ms] [INFO] %cDownload the React DevTools for a better development experience: https://react.dev/link/react-devtools font-weight:bold @ http://localhost:3001/_next/static/chunks/node_modules_next_dist_115brz8._.js:2431
[   64646ms] [LOG] [HMR] connected @ http://localhost:3001/_next/static/chunks/node_modules_next_dist_115brz8._.js:2431
[   64668ms] [LOG] [Fast Refresh] rebuilding @ http://localhost:3001/_next/static/chunks/node_modules_next_dist_115brz8._.js:2431
[   64784ms] [INFO] %cDownload the React DevTools for a better development experience: https://react.dev/link/react-devtools font-weight:bold @ http://localhost:3001/_next/static/chunks/node_modules_next_dist_115brz8._.js:2431
[   64809ms] [LOG] [HMR] connected @ http://localhost:3001/_next/static/chunks/node_modules_next_dist_115brz8._.js:2431
[   64982ms] [INFO] %cDownload the React DevTools for a better development experience: https://react.dev/link/react-devtools font-weight:bold @ http://localhost:3001/_next/static/chunks/node_modules_next_dist_115brz8._.js:2431
[   65012ms] [LOG] [HMR] connected @ http://localhost:3001/_next/static/chunks/node_modules_next_dist_115brz8._.js:2431
[   65033ms] [LOG] [Fast Refresh] rebuilding @ http://localhost:3001/_next/static/chunks/node_modules_next_dist_115brz8._.js:2431
[   65191ms] [INFO] %cDownload the React DevTools for a better development experience: https://react.dev/link/react-devtools font-weight:bold @ http://localhost:3001/_next/static/chunks/node_modules_next_dist_115brz8._.js:2431
[   65217ms] [LOG] [HMR] connected @ http://localhost:3001/_next/static/chunks/node_modules_next_dist_115brz8._.js:2431
[   65360ms] [INFO] %cDownload the React DevTools for a better development experience: https://react.dev/link/react-devtools font-weight:bold @ http://localhost:3001/_next/static/chunks/node_modules_next_dist_115brz8._.js:2431
[   65382ms] [LOG] [HMR] connected @ http://localhost:3001/_next/static/chunks/node_modules_next_dist_115brz8._.js:2431
[   65401ms] [LOG] [Fast Refresh] rebuilding @ http://localhost:3001/_next/static/chunks/node_modules_next_dist_115brz8._.js:2431
[   65540ms] [INFO] %cDownload the React DevTools for a better development experience: https://react.dev/link/react-devtools font-weight:bold @ http://localhost:3001/_next/static/chunks/node_modules_next_dist_115brz8._.js:2431
[   65560ms] [LOG] [HMR] connected @ http://localhost:3001/_next/static/chunks/node_modules_next_dist_115brz8._.js:2431
[   65582ms] [LOG] [Fast Refresh] rebuilding @ http://localhost:3001/_next/static/chunks/node_modules_next_dist_115brz8._.js:2431
[   65692ms] [INFO] %cDownload the React DevTools for a better development experience: https://react.dev/link/react-devtools font-weight:bold @ http://localhost:3001/_next/static/chunks/node_modules_next_dist_115brz8._.js:2431
[   65719ms] [LOG] [HMR] connected @ http://localhost:3001/_next/static/chunks/node_modules_next_dist_115brz8._.js:2431
[   65847ms] [INFO] %cDownload the React DevTools for a better development experience: https://react.dev/link/react-devtools font-weight:bold @ http://localhost:3001/_next/static/chunks/node_modules_next_dist_115brz8._.js:2431
[   65868ms] [LOG] [HMR] connected @ http://localhost:3001/_next/static/chunks/node_modules_next_dist_115brz8._.js:2431
[   65881ms] [LOG] [Fast Refresh] rebuilding @ http://localhost:3001/_next/static/chunks/node_modules_next_dist_115brz8._.js:2431
[   65999ms] [INFO] %cDownload the React DevTools for a better development experience: https://react.dev/link/react-devtools font-weight:bold @ http://localhost:3001/_next/static/chunks/node_modules_next_dist_115brz8._.js:2431
[   66030ms] [LOG] [HMR] connected @ http://localhost:3001/_next/static/chunks/node_modules_next_dist_115brz8._.js:2431
[   66159ms] [INFO] %cDownload the React DevTools for a better development experience: https://react.dev/link/react-devtools font-weight:bold @ http://localhost:3001/_next/static/chunks/node_modules_next_dist_115brz8._.js:2431
[   66185ms] [LOG] [HMR] connected @ http://localhost:3001/_next/static/chunks/node_modules_next_dist_115brz8._.js:2431
[   66203ms] [LOG] [Fast Refresh] rebuilding @ http://localhost:3001/_next/static/chunks/node_modules_next_dist_115brz8._.js:2431
[   66350ms] [INFO] %cDownload the React DevTools for a better development experience: https://react.dev/link/react-devtools font-weight:bold @ http://localhost:3001/_next/static/chunks/node_modules_next_dist_115brz8._.js:2431
[   66373ms] [LOG] [HMR] connected @ http://localhost:3001/_next/static/chunks/node_modules_next_dist_115brz8._.js:2431
[   66395ms] [LOG] [Fast Refresh] rebuilding @ http://localhost:3001/_next/static/chunks/node_modules_next_dist_115brz8._.js:2431
[   66510ms] [INFO] %cDownload the React DevTools for a better development experience: https://react.dev/link/react-devtools font-weight:bold @ http://localhost:3001/_next/static/chunks/node_modules_next_dist_115brz8._.js:2431
[   66533ms] [LOG] [HMR] connected @ http://localhost:3001/_next/static/chunks/node_modules_next_dist_115brz8._.js:2431
[   66664ms] [INFO] %cDownload the React DevTools for a better development experience: https://react.dev/link/react-devtools font-weight:bold @ http://localhost:3001/_next/static/chunks/node_modules_next_dist_115brz8._.js:2431
[   66689ms] [LOG] [HMR] connected @ http://localhost:3001/_next/static/chunks/node_modules_next_dist_115brz8._.js:2431
[   66707ms] [LOG] [Fast Refresh] rebuilding @ http://localhost:3001/_next/static/chunks/node_modules_next_dist_115brz8._.js:2431
[   66828ms] [INFO] %cDownload the React DevTools for a better development experience: https://react.dev/link/react-devtools font-weight:bold @ http://localhost:3001/_next/static/chunks/node_modules_next_dist_115brz8._.js:2431
[   66855ms] [LOG] [HMR] connected @ http://localhost:3001/_next/static/chunks/node_modules_next_dist_115brz8._.js:2431
[   66872ms] [LOG] [Fast Refresh] rebuilding @ http://localhost:3001/_next/static/chunks/node_modules_next_dist_115brz8._.js:2431
[   66989ms] [INFO] %cDownload the React DevTools for a better development experience: https://react.dev/link/react-devtools font-weight:bold @ http://localhost:3001/_next/static/chunks/node_modules_next_dist_115brz8._.js:2431
[   67015ms] [LOG] [HMR] connected @ http://localhost:3001/_next/static/chunks/node_modules_next_dist_115brz8._.js:2431
[   67144ms] [INFO] %cDownload the React DevTools for a better development experience: https://react.dev/link/react-devtools font-weight:bold @ http://localhost:3001/_next/static/chunks/node_modules_next_dist_115brz8._.js:2431
[   67170ms] [LOG] [HMR] connected @ http://localhost:3001/_next/static/chunks/node_modules_next_dist_115brz8._.js:2431
[   67308ms] [INFO] %cDownload the React DevTools for a better development experience: https://react.dev/link/react-devtools font-weight:bold @ http://localhost:3001/_next/static/chunks/node_modules_next_dist_115brz8._.js:2431
[   67337ms] [LOG] [HMR] connected @ http://localhost:3001/_next/static/chunks/node_modules_next_dist_115brz8._.js:2431
[   67353ms] [LOG] [Fast Refresh] rebuilding @ http://localhost:3001/_next/static/chunks/node_modules_next_dist_115brz8._.js:2431
[   67482ms] [INFO] %cDownload the React DevTools for a better development experience: https://react.dev/link/react-devtools font-weight:bold @ http://localhost:3001/_next/static/chunks/node_modules_next_dist_115brz8._.js:2431
[   67509ms] [LOG] [HMR] connected @ http://localhost:3001/_next/static/chunks/node_modules_next_dist_115brz8._.js:2431
[   67642ms] [INFO] %cDownload the React DevTools for a better development experience: https://react.dev/link/react-devtools font-weight:bold @ http://localhost:3001/_next/static/chunks/node_modules_next_dist_115brz8._.js:2431
[   67672ms] [LOG] [HMR] connected @ http://localhost:3001/_next/static/chunks/node_modules_next_dist_115brz8._.js:2431
[   67696ms] [LOG] [Fast Refresh] rebuilding @ http://localhost:3001/_next/static/chunks/node_modules_next_dist_115brz8._.js:2431
[   67816ms] [INFO] %cDownload the React DevTools for a better development experience: https://react.dev/link/react-devtools font-weight:bold @ http://localhost:3001/_next/static/chunks/node_modules_next_dist_115brz8._.js:2431
[   67845ms] [LOG] [HMR] connected @ http://localhost:3001/_next/static/chunks/node_modules_next_dist_115brz8._.js:2431
[   67861ms] [LOG] [Fast Refresh] rebuilding @ http://localhost:3001/_next/static/chunks/node_modules_next_dist_115brz8._.js:2431
[   67983ms] [INFO] %cDownload the React DevTools for a better development experience: https://react.dev/link/react-devtools font-weight:bold @ http://localhost:3001/_next/static/chunks/node_modules_next_dist_115brz8._.js:2431
[   68005ms] [LOG] [HMR] connected @ http://localhost:3001/_next/static/chunks/node_modules_next_dist_115brz8._.js:2431
[   68028ms] [LOG] [Fast Refresh] rebuilding @ http://localhost:3001/_next/static/chunks/node_modules_next_dist_115brz8._.js:2431
[   68142ms] [INFO] %cDownload the React DevTools for a better development experience: https://react.dev/link/react-devtools font-weight:bold @ http://localhost:3001/_next/static/chunks/node_modules_next_dist_115brz8._.js:2431
[   68159ms] [LOG] [HMR] connected @ http://localhost:3001/_next/static/chunks/node_modules_next_dist_115brz8._.js:2431
[   68178ms] [LOG] [Fast Refresh] rebuilding @ http://localhost:3001/_next/static/chunks/node_modules_next_dist_115brz8._.js:2431
[   68308ms] [INFO] %cDownload the React DevTools for a better development experience: https://react.dev/link/react-devtools font-weight:bold @ http://localhost:3001/_next/static/chunks/node_modules_next_dist_115brz8._.js:2431
[   68332ms] [LOG] [HMR] connected @ http://localhost:3001/_next/static/chunks/node_modules_next_dist_115brz8._.js:2431
[   68353ms] [LOG] [Fast Refresh] rebuilding @ http://localhost:3001/_next/static/chunks/node_modules_next_dist_115brz8._.js:2431
[   68490ms] [INFO] %cDownload the React DevTools for a better development experience: https://react.dev/link/react-devtools font-weight:bold @ http://localhost:3001/_next/static/chunks/node_modules_next_dist_115brz8._.js:2431
[   68516ms] [LOG] [HMR] connected @ http://localhost:3001/_next/static/chunks/node_modules_next_dist_115brz8._.js:2431
[   68637ms] [INFO] %cDownload the React DevTools for a better development experience: https://react.dev/link/react-devtools font-weight:bold @ http://localhost:3001/_next/static/chunks/node_modules_next_dist_115brz8._.js:2431
[   68658ms] [LOG] [HMR] connected @ http://localhost:3001/_next/static/chunks/node_modules_next_dist_115brz8._.js:2431
[   68682ms] [LOG] [Fast Refresh] rebuilding @ http://localhost:3001/_next/static/chunks/node_modules_next_dist_115brz8._.js:2431
[   68805ms] [INFO] %cDownload the React DevTools for a better development experience: https://react.dev/link/react-devtools font-weight:bold @ http://localhost:3001/_next/static/chunks/node_modules_next_dist_115brz8._.js:2431
[   68830ms] [LOG] [HMR] connected @ http://localhost:3001/_next/static/chunks/node_modules_next_dist_115brz8._.js:2431
[   68848ms] [LOG] [Fast Refresh] rebuilding @ http://localhost:3001/_next/static/chunks/node_modules_next_dist_115brz8._.js:2431
[   68991ms] [INFO] %cDownload the React DevTools for a better development experience: https://react.dev/link/react-devtools font-weight:bold @ http://localhost:3001/_next/static/chunks/node_modules_next_dist_115brz8._.js:2431
[   69020ms] [LOG] [HMR] connected @ http://localhost:3001/_next/static/chunks/node_modules_next_dist_115brz8._.js:2431
[   69046ms] [LOG] [Fast Refresh] rebuilding @ http://localhost:3001/_next/static/chunks/node_modules_next_dist_115brz8._.js:2431
[   69201ms] [INFO] %cDownload the React DevTools for a better development experience: https://react.dev/link/react-devtools font-weight:bold @ http://localhost:3001/_next/static/chunks/node_modules_next_dist_115brz8._.js:2431
[   69229ms] [LOG] [HMR] connected @ http://localhost:3001/_next/static/chunks/node_modules_next_dist_115brz8._.js:2431
[   69384ms] [INFO] %cDownload the React DevTools for a better development experience: https://react.dev/link/react-devtools font-weight:bold @ http://localhost:3001/_next/static/chunks/node_modules_next_dist_115brz8._.js:2431
[   69412ms] [LOG] [HMR] connected @ http://localhost:3001/_next/static/chunks/node_modules_next_dist_115brz8._.js:2431
[   69439ms] [LOG] [Fast Refresh] rebuilding @ http://localhost:3001/_next/static/chunks/node_modules_next_dist_115brz8._.js:2431
[   69580ms] [INFO] %cDownload the React DevTools for a better development experience: https://react.dev/link/react-devtools font-weight:bold @ http://localhost:3001/_next/static/chunks/node_modules_next_dist_115brz8._.js:2431
[   69606ms] [LOG] [HMR] connected @ http://localhost:3001/_next/static/chunks/node_modules_next_dist_115brz8._.js:2431
[   69623ms] [LOG] [Fast Refresh] rebuilding @ http://localhost:3001/_next/static/chunks/node_modules_next_dist_115brz8._.js:2431
[   69757ms] [INFO] %cDownload the React DevTools for a better development experience: https://react.dev/link/react-devtools font-weight:bold @ http://localhost:3001/_next/static/chunks/node_modules_next_dist_115brz8._.js:2431
[   69777ms] [LOG] [HMR] connected @ http://localhost:3001/_next/static/chunks/node_modules_next_dist_115brz8._.js:2431
[   69802ms] [LOG] [Fast Refresh] rebuilding @ http://localhost:3001/_next/static/chunks/node_modules_next_dist_115brz8._.js:2431
[   69943ms] [INFO] %cDownload the React DevTools for a better development experience: https://react.dev/link/react-devtools font-weight:bold @ http://localhost:3001/_next/static/chunks/node_modules_next_dist_115brz8._.js:2431
[   69963ms] [LOG] [HMR] connected @ http://localhost:3001/_next/static/chunks/node_modules_next_dist_115brz8._.js:2431
[   69988ms] [LOG] [Fast Refresh] rebuilding @ http://localhost:3001/_next/static/chunks/node_modules_next_dist_115brz8._.js:2431
[   70090ms] [INFO] %cDownload the React DevTools for a better development experience: https://react.dev/link/react-devtools font-weight:bold @ http://localhost:3001/_next/static/chunks/node_modules_next_dist_115brz8._.js:2431
[   70111ms] [LOG] [HMR] connected @ http://localhost:3001/_next/static/chunks/node_modules_next_dist_115brz8._.js:2431
[   70134ms] [LOG] [Fast Refresh] rebuilding @ http://localhost:3001/_next/static/chunks/node_modules_next_dist_115brz8._.js:2431
[   70233ms] [INFO] %cDownload the React DevTools for a better development experience: https://react.dev/link/react-devtools font-weight:bold @ http://localhost:3001/_next/static/chunks/node_modules_next_dist_115brz8._.js:2431
[   70258ms] [LOG] [HMR] connected @ http://localhost:3001/_next/static/chunks/node_modules_next_dist_115brz8._.js:2431
[   70274ms] [LOG] [Fast Refresh] rebuilding @ http://localhost:3001/_next/static/chunks/node_modules_next_dist_115brz8._.js:2431
[   70376ms] [INFO] %cDownload the React DevTools for a better development experience: https://react.dev/link/react-devtools font-weight:bold @ http://localhost:3001/_next/static/chunks/node_modules_next_dist_115brz8._.js:2431
[   70401ms] [LOG] [HMR] connected @ http://localhost:3001/_next/static/chunks/node_modules_next_dist_115brz8._.js:2431
[   70417ms] [LOG] [Fast Refresh] rebuilding @ http://localhost:3001/_next/static/chunks/node_modules_next_dist_115brz8._.js:2431
[   70530ms] [INFO] %cDownload the React DevTools for a better development experience: https://react.dev/link/react-devtools font-weight:bold @ http://localhost:3001/_next/static/chunks/node_modules_next_dist_115brz8._.js:2431
[   70549ms] [LOG] [HMR] connected @ http://localhost:3001/_next/static/chunks/node_modules_next_dist_115brz8._.js:2431
[   70570ms] [LOG] [Fast Refresh] rebuilding @ http://localhost:3001/_next/static/chunks/node_modules_next_dist_115brz8._.js:2431
[   70682ms] [INFO] %cDownload the React DevTools for a better development experience: https://react.dev/link/react-devtools font-weight:bold @ http://localhost:3001/_next/static/chunks/node_modules_next_dist_115brz8._.js:2431
[   70705ms] [LOG] [HMR] connected @ http://localhost:3001/_next/static/chunks/node_modules_next_dist_115brz8._.js:2431
[   70723ms] [LOG] [Fast Refresh] rebuilding @ http://localhost:3001/_next/static/chunks/node_modules_next_dist_115brz8._.js:2431
[   70836ms] [INFO] %cDownload the React DevTools for a better development experience: https://react.dev/link/react-devtools font-weight:bold @ http://localhost:3001/_next/static/chunks/node_modules_next_dist_115brz8._.js:2431
[   70854ms] [LOG] [HMR] connected @ http://localhost:3001/_next/static/chunks/node_modules_next_dist_115brz8._.js:2431
[   70876ms] [LOG] [Fast Refresh] rebuilding @ http://localhost:3001/_next/static/chunks/node_modules_next_dist_115brz8._.js:2431
[   70986ms] [INFO] %cDownload the React DevTools for a better development experience: https://react.dev/link/react-devtools font-weight:bold @ http://localhost:3001/_next/static/chunks/node_modules_next_dist_115brz8._.js:2431
[   71006ms] [LOG] [HMR] connected @ http://localhost:3001/_next/static/chunks/node_modules_next_dist_115brz8._.js:2431
[   71147ms] [INFO] %cDownload the React DevTools for a better development experience: https://react.dev/link/react-devtools font-weight:bold @ http://localhost:3001/_next/static/chunks/node_modules_next_dist_115brz8._.js:2431
[   71170ms] [LOG] [HMR] connected @ http://localhost:3001/_next/static/chunks/node_modules_next_dist_115brz8._.js:2431
[   71188ms] [LOG] [Fast Refresh] rebuilding @ http://localhost:3001/_next/static/chunks/node_modules_next_dist_115brz8._.js:2431
[   71295ms] [INFO] %cDownload the React DevTools for a better development experience: https://react.dev/link/react-devtools font-weight:bold @ http://localhost:3001/_next/static/chunks/node_modules_next_dist_115brz8._.js:2431
[   71320ms] [LOG] [HMR] connected @ http://localhost:3001/_next/static/chunks/node_modules_next_dist_115brz8._.js:2431
[   71449ms] [INFO] %cDownload the React DevTools for a better development experience: https://react.dev/link/react-devtools font-weight:bold @ http://localhost:3001/_next/static/chunks/node_modules_next_dist_115brz8._.js:2431
[   71468ms] [LOG] [HMR] connected @ http://localhost:3001/_next/static/chunks/node_modules_next_dist_115brz8._.js:2431
[   71604ms] [INFO] %cDownload the React DevTools for a better development experience: https://react.dev/link/react-devtools font-weight:bold @ http://localhost:3001/_next/static/chunks/node_modules_next_dist_115brz8._.js:2431
[   71632ms] [LOG] [HMR] connected @ http://localhost:3001/_next/static/chunks/node_modules_next_dist_115brz8._.js:2431
[   71651ms] [LOG] [Fast Refresh] rebuilding @ http://localhost:3001/_next/static/chunks/node_modules_next_dist_115brz8._.js:2431
[   71775ms] [INFO] %cDownload the React DevTools for a better development experience: https://react.dev/link/react-devtools font-weight:bold @ http://localhost:3001/_next/static/chunks/node_modules_next_dist_115brz8._.js:2431
[   71809ms] [LOG] [HMR] connected @ http://localhost:3001/_next/static/chunks/node_modules_next_dist_115brz8._.js:2431
[   71848ms] [LOG] [Fast Refresh] rebuilding @ http://localhost:3001/_next/static/chunks/node_modules_next_dist_115brz8._.js:2431
[   71975ms] [INFO] %cDownload the React DevTools for a better development experience: https://react.dev/link/react-devtools font-weight:bold @ http://localhost:3001/_next/static/chunks/node_modules_next_dist_115brz8._.js:2431
[   72010ms] [LOG] [HMR] connected @ http://localhost:3001/_next/static/chunks/node_modules_next_dist_115brz8._.js:2431
[   72054ms] [LOG] [Fast Refresh] rebuilding @ http://localhost:3001/_next/static/chunks/node_modules_next_dist_115brz8._.js:2431
[   72224ms] [INFO] %cDownload the React DevTools for a better development experience: https://react.dev/link/react-devtools font-weight:bold @ http://localhost:3001/_next/static/chunks/node_modules_next_dist_115brz8._.js:2431
[   72249ms] [LOG] [HMR] connected @ http://localhost:3001/_next/static/chunks/node_modules_next_dist_115brz8._.js:2431
[   72283ms] [LOG] [Fast Refresh] rebuilding @ http://localhost:3001/_next/static/chunks/node_modules_next_dist_115brz8._.js:2431
