[    1173ms] [INFO] %cDownload the React DevTools for a better development experience: https://react.dev/link/react-devtools font-weight:bold @ webpack-internal:///(app-pages-browser)/./node_modules/next/dist/next-devtools/shared/forward-logs-shared.js:27
[    1475ms] [LOG] [HMR] connected @ webpack-internal:///(app-pages-browser)/./node_modules/next/dist/next-devtools/shared/forward-logs-shared.js:27
[    1693ms] [LOG] [Fast Refresh] rebuilding @ webpack-internal:///(app-pages-browser)/./node_modules/next/dist/next-devtools/shared/forward-logs-shared.js:27
[    1864ms] [WARNING] Please ensure that the container has a non-static position, like 'relative', 'fixed', or 'absolute' to ensure scroll offset is calculated correctly. @ webpack-internal:///(app-pages-browser)/./node_modules/next/dist/next-devtools/shared/forward-logs-shared.js:27
[    2871ms] [LOG] [Fast Refresh] rebuilding @ webpack-internal:///(app-pages-browser)/./node_modules/next/dist/next-devtools/shared/forward-logs-shared.js:27
[    2876ms] [LOG] [Fast Refresh] done in 6ms @ webpack-internal:///(app-pages-browser)/./node_modules/next/dist/next-devtools/shared/forward-logs-shared.js:27
[    2877ms] [LOG] [Fast Refresh] rebuilding @ webpack-internal:///(app-pages-browser)/./node_modules/next/dist/next-devtools/shared/forward-logs-shared.js:27
[    2977ms] [WARNING] THREE.THREE.Clock: This module has been deprecated. Please use THREE.Timer instead. @ webpack-internal:///(app-pages-browser)/./node_modules/next/dist/next-devtools/shared/forward-logs-shared.js:27
[    3561ms] [LOG] [Fast Refresh] done in 684ms @ webpack-internal:///(app-pages-browser)/./node_modules/next/dist/next-devtools/shared/forward-logs-shared.js:27
[    3760ms] [LOG] [Fast Refresh] rebuilding @ webpack-internal:///(app-pages-browser)/./node_modules/next/dist/next-devtools/shared/forward-logs-shared.js:27
[    3922ms] [LOG] [Fast Refresh] done in 161ms @ webpack-internal:///(app-pages-browser)/./node_modules/next/dist/next-devtools/shared/forward-logs-shared.js:27
[    4144ms] TypeError: Cannot read properties of null (reading 'alpha')
    at EffectComposer.addPass (webpack-internal:///(app-pages-browser)/./node_modules/postprocessing/build/index.js:1194:67)
    at eval (webpack-internal:///(app-pages-browser)/./node_modules/@react-three/postprocessing/dist/index.js:165:34)
    at Object.react_stack_bottom_frame (webpack-internal:///(app-pages-browser)/./node_modules/@react-three/fiber/dist/events-5a94e5eb.esm.js:13273:44)
    at B (webpack-internal:///(app-pages-browser)/./node_modules/@react-three/fiber/dist/events-5a94e5eb.esm.js:7908:105)
    at ca (webpack-internal:///(app-pages-browser)/./node_modules/@react-three/fiber/dist/events-5a94e5eb.esm.js:10978:101)
    at Pf (webpack-internal:///(app-pages-browser)/./node_modules/@react-three/fiber/dist/events-5a94e5eb.esm.js:10966:32)
    at yn (webpack-internal:///(app-pages-browser)/./node_modules/@react-three/fiber/dist/events-5a94e5eb.esm.js:11255:44)
    at rt (webpack-internal:///(app-pages-browser)/./node_modules/@react-three/fiber/dist/events-5a94e5eb.esm.js:11634:73)
    at yn (webpack-internal:///(app-pages-browser)/./node_modules/@react-three/fiber/dist/events-5a94e5eb.esm.js:11326:25)
    at rt (webpack-internal:///(app-pages-browser)/./node_modules/@react-three/fiber/dist/events-5a94e5eb.esm.js:11634:73)
    at yn (webpack-internal:///(app-pages-browser)/./node_modules/@react-three/fiber/dist/events-5a94e5eb.esm.js:11255:25)
    at rt (webpack-internal:///(app-pages-browser)/./node_modules/@react-three/fiber/dist/events-5a94e5eb.esm.js:11634:73)
    at yn (webpack-internal:///(app-pages-browser)/./node_modules/@react-three/fiber/dist/events-5a94e5eb.esm.js:11320:168)
    at rt (webpack-internal:///(app-pages-browser)/./node_modules/@react-three/fiber/dist/events-5a94e5eb.esm.js:11634:73)
    at yn (webpack-internal:///(app-pages-browser)/./node_modules/@react-three/fiber/dist/events-5a94e5eb.esm.js:11314:25)
    at rt (webpack-internal:///(app-pages-browser)/./node_modules/@react-three/fiber/dist/events-5a94e5eb.esm.js:11634:73)
    at yn (webpack-internal:///(app-pages-browser)/./node_modules/@react-three/fiber/dist/events-5a94e5eb.esm.js:11258:29)
    at rt (webpack-internal:///(app-pages-browser)/./node_modules/@react-three/fiber/dist/events-5a94e5eb.esm.js:11634:73)
    at yn (webpack-internal:///(app-pages-browser)/./node_modules/@react-three/fiber/dist/events-5a94e5eb.esm.js:11326:25)
    at rt (webpack-internal:///(app-pages-browser)/./node_modules/@react-three/fiber/dist/events-5a94e5eb.esm.js:11634:73)
    at yn (webpack-internal:///(app-pages-browser)/./node_modules/@react-three/fiber/dist/events-5a94e5eb.esm.js:11326:25)
    at rt (webpack-internal:///(app-pages-browser)/./node_modules/@react-three/fiber/dist/events-5a94e5eb.esm.js:11634:73)
    at yn (webpack-internal:///(app-pages-browser)/./node_modules/@react-three/fiber/dist/events-5a94e5eb.esm.js:11326:25)
    at rt (webpack-internal:///(app-pages-browser)/./node_modules/@react-three/fiber/dist/events-5a94e5eb.esm.js:11634:73)
    at yn (webpack-internal:///(app-pages-browser)/./node_modules/@react-three/fiber/dist/events-5a94e5eb.esm.js:11326:25)
    at rt (webpack-internal:///(app-pages-browser)/./node_modules/@react-three/fiber/dist/events-5a94e5eb.esm.js:11634:73)
    at yn (webpack-internal:///(app-pages-browser)/./node_modules/@react-three/fiber/dist/events-5a94e5eb.esm.js:11326:25)
    at rt (webpack-internal:///(app-pages-browser)/./node_modules/@react-three/fiber/dist/events-5a94e5eb.esm.js:11634:73)
    at yn (webpack-internal:///(app-pages-browser)/./node_modules/@react-three/fiber/dist/events-5a94e5eb.esm.js:11326:25)
    at rt (webpack-internal:///(app-pages-browser)/./node_modules/@react-three/fiber/dist/events-5a94e5eb.esm.js:11634:73)
    at yn (webpack-internal:///(app-pages-browser)/./node_modules/@react-three/fiber/dist/events-5a94e5eb.esm.js:11326:25)
    at rt (webpack-internal:///(app-pages-browser)/./node_modules/@react-three/fiber/dist/events-5a94e5eb.esm.js:11634:73)
    at yn (webpack-internal:///(app-pages-browser)/./node_modules/@react-three/fiber/dist/events-5a94e5eb.esm.js:11326:25)
    at rt (webpack-internal:///(app-pages-browser)/./node_modules/@react-three/fiber/dist/events-5a94e5eb.esm.js:11634:73)
    at yn (webpack-internal:///(app-pages-browser)/./node_modules/@react-three/fiber/dist/events-5a94e5eb.esm.js:11326:25)
    at rt (webpack-internal:///(app-pages-browser)/./node_modules/@react-three/fiber/dist/events-5a94e5eb.esm.js:11634:73)
    at yn (webpack-internal:///(app-pages-browser)/./node_modules/@react-three/fiber/dist/events-5a94e5eb.esm.js:11326:25)
    at rt (webpack-internal:///(app-pages-browser)/./node_modules/@react-three/fiber/dist/events-5a94e5eb.esm.js:11634:73)
    at yn (webpack-internal:///(app-pages-browser)/./node_modules/@react-three/fiber/dist/events-5a94e5eb.esm.js:11326:25)
    at rt (webpack-internal:///(app-pages-browser)/./node_modules/@react-three/fiber/dist/events-5a94e5eb.esm.js:11634:73)
    at yn (webpack-internal:///(app-pages-browser)/./node_modules/@react-three/fiber/dist/events-5a94e5eb.esm.js:11326:25)
    at rt (webpack-internal:///(app-pages-browser)/./node_modules/@react-three/fiber/dist/events-5a94e5eb.esm.js:11634:73)
    at yn (webpack-internal:///(app-pages-browser)/./node_modules/@react-three/fiber/dist/events-5a94e5eb.esm.js:11326:25)
    at rt (webpack-internal:///(app-pages-browser)/./node_modules/@react-three/fiber/dist/events-5a94e5eb.esm.js:11634:73)
    at yn (webpack-internal:///(app-pages-browser)/./node_modules/@react-three/fiber/dist/events-5a94e5eb.esm.js:11258:29)
    at rt (webpack-internal:///(app-pages-browser)/./node_modules/@react-three/fiber/dist/events-5a94e5eb.esm.js:11634:73)
    at yn (webpack-internal:///(app-pages-browser)/./node_modules/@react-three/fiber/dist/events-5a94e5eb.esm.js:11255:25)
    at rt (webpack-internal:///(app-pages-browser)/./node_modules/@react-three/fiber/dist/events-5a94e5eb.esm.js:11634:73)
    at yn (webpack-internal:///(app-pages-browser)/./node_modules/@react-three/fiber/dist/events-5a94e5eb.esm.js:11255:25)
    at rt (webpack-internal:///(app-pages-browser)/./node_modules/@react-three/fiber/dist/events-5a94e5eb.esm.js:11634:73)
[    4145ms] [LOG] THREE.WebGLRenderer: Context Lost. @ webpack-internal:///(app-pages-browser)/./node_modules/next/dist/next-devtools/shared/forward-logs-shared.js:27
[    4201ms] TypeError: Cannot read properties of null (reading 'alpha')
    at EffectComposer.addPass (webpack-internal:///(app-pages-browser)/./node_modules/postprocessing/build/index.js:1194:67)
    at eval (webpack-internal:///(app-pages-browser)/./node_modules/@react-three/postprocessing/dist/index.js:165:34)
    at Object.react_stack_bottom_frame (webpack-internal:///(app-pages-browser)/./node_modules/@react-three/fiber/dist/events-5a94e5eb.esm.js:13273:44)
    at B (webpack-internal:///(app-pages-browser)/./node_modules/@react-three/fiber/dist/events-5a94e5eb.esm.js:7908:105)
    at ca (webpack-internal:///(app-pages-browser)/./node_modules/@react-three/fiber/dist/events-5a94e5eb.esm.js:10978:101)
    at Pf (webpack-internal:///(app-pages-browser)/./node_modules/@react-three/fiber/dist/events-5a94e5eb.esm.js:10966:32)
    at yn (webpack-internal:///(app-pages-browser)/./node_modules/@react-three/fiber/dist/events-5a94e5eb.esm.js:11255:44)
    at rt (webpack-internal:///(app-pages-browser)/./node_modules/@react-three/fiber/dist/events-5a94e5eb.esm.js:11634:73)
    at yn (webpack-internal:///(app-pages-browser)/./node_modules/@react-three/fiber/dist/events-5a94e5eb.esm.js:11326:25)
    at rt (webpack-internal:///(app-pages-browser)/./node_modules/@react-three/fiber/dist/events-5a94e5eb.esm.js:11634:73)
    at yn (webpack-internal:///(app-pages-browser)/./node_modules/@react-three/fiber/dist/events-5a94e5eb.esm.js:11255:25)
    at rt (webpack-internal:///(app-pages-browser)/./node_modules/@react-three/fiber/dist/events-5a94e5eb.esm.js:11634:73)
    at yn (webpack-internal:///(app-pages-browser)/./node_modules/@react-three/fiber/dist/events-5a94e5eb.esm.js:11320:168)
    at rt (webpack-internal:///(app-pages-browser)/./node_modules/@react-three/fiber/dist/events-5a94e5eb.esm.js:11634:73)
    at yn (webpack-internal:///(app-pages-browser)/./node_modules/@react-three/fiber/dist/events-5a94e5eb.esm.js:11314:25)
    at rt (webpack-internal:///(app-pages-browser)/./node_modules/@react-three/fiber/dist/events-5a94e5eb.esm.js:11634:73)
    at yn (webpack-internal:///(app-pages-browser)/./node_modules/@react-three/fiber/dist/events-5a94e5eb.esm.js:11258:29)
    at rt (webpack-internal:///(app-pages-browser)/./node_modules/@react-three/fiber/dist/events-5a94e5eb.esm.js:11634:73)
    at yn (webpack-internal:///(app-pages-browser)/./node_modules/@react-three/fiber/dist/events-5a94e5eb.esm.js:11326:25)
    at rt (webpack-internal:///(app-pages-browser)/./node_modules/@react-three/fiber/dist/events-5a94e5eb.esm.js:11634:73)
    at yn (webpack-internal:///(app-pages-browser)/./node_modules/@react-three/fiber/dist/events-5a94e5eb.esm.js:11326:25)
    at rt (webpack-internal:///(app-pages-browser)/./node_modules/@react-three/fiber/dist/events-5a94e5eb.esm.js:11634:73)
    at yn (webpack-internal:///(app-pages-browser)/./node_modules/@react-three/fiber/dist/events-5a94e5eb.esm.js:11326:25)
    at rt (webpack-internal:///(app-pages-browser)/./node_modules/@react-three/fiber/dist/events-5a94e5eb.esm.js:11634:73)
    at yn (webpack-internal:///(app-pages-browser)/./node_modules/@react-three/fiber/dist/events-5a94e5eb.esm.js:11326:25)
    at rt (webpack-internal:///(app-pages-browser)/./node_modules/@react-three/fiber/dist/events-5a94e5eb.esm.js:11634:73)
    at yn (webpack-internal:///(app-pages-browser)/./node_modules/@react-three/fiber/dist/events-5a94e5eb.esm.js:11326:25)
    at rt (webpack-internal:///(app-pages-browser)/./node_modules/@react-three/fiber/dist/events-5a94e5eb.esm.js:11634:73)
    at yn (webpack-internal:///(app-pages-browser)/./node_modules/@react-three/fiber/dist/events-5a94e5eb.esm.js:11326:25)
    at rt (webpack-internal:///(app-pages-browser)/./node_modules/@react-three/fiber/dist/events-5a94e5eb.esm.js:11634:73)
    at yn (webpack-internal:///(app-pages-browser)/./node_modules/@react-three/fiber/dist/events-5a94e5eb.esm.js:11326:25)
    at rt (webpack-internal:///(app-pages-browser)/./node_modules/@react-three/fiber/dist/events-5a94e5eb.esm.js:11634:73)
    at yn (webpack-internal:///(app-pages-browser)/./node_modules/@react-three/fiber/dist/events-5a94e5eb.esm.js:11326:25)
    at rt (webpack-internal:///(app-pages-browser)/./node_modules/@react-three/fiber/dist/events-5a94e5eb.esm.js:11634:73)
    at yn (webpack-internal:///(app-pages-browser)/./node_modules/@react-three/fiber/dist/events-5a94e5eb.esm.js:11326:25)
    at rt (webpack-internal:///(app-pages-browser)/./node_modules/@react-three/fiber/dist/events-5a94e5eb.esm.js:11634:73)
    at yn (webpack-internal:///(app-pages-browser)/./node_modules/@react-three/fiber/dist/events-5a94e5eb.esm.js:11326:25)
    at rt (webpack-internal:///(app-pages-browser)/./node_modules/@react-three/fiber/dist/events-5a94e5eb.esm.js:11634:73)
    at yn (webpack-internal:///(app-pages-browser)/./node_modules/@react-three/fiber/dist/events-5a94e5eb.esm.js:11326:25)
    at rt (webpack-internal:///(app-pages-browser)/./node_modules/@react-three/fiber/dist/events-5a94e5eb.esm.js:11634:73)
    at yn (webpack-internal:///(app-pages-browser)/./node_modules/@react-three/fiber/dist/events-5a94e5eb.esm.js:11326:25)
    at rt (webpack-internal:///(app-pages-browser)/./node_modules/@react-three/fiber/dist/events-5a94e5eb.esm.js:11634:73)
    at yn (webpack-internal:///(app-pages-browser)/./node_modules/@react-three/fiber/dist/events-5a94e5eb.esm.js:11326:25)
    at rt (webpack-internal:///(app-pages-browser)/./node_modules/@react-three/fiber/dist/events-5a94e5eb.esm.js:11634:73)
    at yn (webpack-internal:///(app-pages-browser)/./node_modules/@react-three/fiber/dist/events-5a94e5eb.esm.js:11258:29)
    at rt (webpack-internal:///(app-pages-browser)/./node_modules/@react-three/fiber/dist/events-5a94e5eb.esm.js:11634:73)
    at yn (webpack-internal:///(app-pages-browser)/./node_modules/@react-three/fiber/dist/events-5a94e5eb.esm.js:11255:25)
    at rt (webpack-internal:///(app-pages-browser)/./node_modules/@react-three/fiber/dist/events-5a94e5eb.esm.js:11634:73)
    at yn (webpack-internal:///(app-pages-browser)/./node_modules/@react-three/fiber/dist/events-5a94e5eb.esm.js:11255:25)
    at rt (webpack-internal:///(app-pages-browser)/./node_modules/@react-three/fiber/dist/events-5a94e5eb.esm.js:11634:73)
[    5106ms] [LOG] [Fast Refresh] rebuilding @ webpack-internal:///(app-pages-browser)/./node_modules/next/dist/next-devtools/shared/forward-logs-shared.js:27
[    5279ms] [WARNING] [Fast Refresh] performing full reload because your application had an unrecoverable error @ webpack-internal:///(app-pages-browser)/./node_modules/next/dist/next-devtools/shared/forward-logs-shared.js:27
[    9218ms] [INFO] %cDownload the React DevTools for a better development experience: https://react.dev/link/react-devtools font-weight:bold @ webpack-internal:///(app-pages-browser)/./node_modules/next/dist/next-devtools/shared/forward-logs-shared.js:27
[    9482ms] [LOG] [HMR] connected @ webpack-internal:///(app-pages-browser)/./node_modules/next/dist/next-devtools/shared/forward-logs-shared.js:27
[    9652ms] [LOG] [Fast Refresh] rebuilding @ webpack-internal:///(app-pages-browser)/./node_modules/next/dist/next-devtools/shared/forward-logs-shared.js:27
[    9746ms] [WARNING] Please ensure that the container has a non-static position, like 'relative', 'fixed', or 'absolute' to ensure scroll offset is calculated correctly. @ webpack-internal:///(app-pages-browser)/./node_modules/next/dist/next-devtools/shared/forward-logs-shared.js:27
[   11445ms] [WARNING] THREE.THREE.Clock: This module has been deprecated. Please use THREE.Timer instead. @ webpack-internal:///(app-pages-browser)/./node_modules/next/dist/next-devtools/shared/forward-logs-shared.js:27
[   12577ms] TypeError: Cannot read properties of null (reading 'alpha')
    at EffectComposer.addPass (webpack-internal:///(app-pages-browser)/./node_modules/postprocessing/build/index.js:1194:67)
    at eval (webpack-internal:///(app-pages-browser)/./node_modules/@react-three/postprocessing/dist/index.js:165:34)
    at Object.react_stack_bottom_frame (webpack-internal:///(app-pages-browser)/./node_modules/@react-three/fiber/dist/events-5a94e5eb.esm.js:13273:44)
    at B (webpack-internal:///(app-pages-browser)/./node_modules/@react-three/fiber/dist/events-5a94e5eb.esm.js:7908:105)
    at ca (webpack-internal:///(app-pages-browser)/./node_modules/@react-three/fiber/dist/events-5a94e5eb.esm.js:10978:101)
    at Pf (webpack-internal:///(app-pages-browser)/./node_modules/@react-three/fiber/dist/events-5a94e5eb.esm.js:10966:32)
    at yn (webpack-internal:///(app-pages-browser)/./node_modules/@react-three/fiber/dist/events-5a94e5eb.esm.js:11255:44)
    at rt (webpack-internal:///(app-pages-browser)/./node_modules/@react-three/fiber/dist/events-5a94e5eb.esm.js:11634:73)
    at yn (webpack-internal:///(app-pages-browser)/./node_modules/@react-three/fiber/dist/events-5a94e5eb.esm.js:11326:25)
    at rt (webpack-internal:///(app-pages-browser)/./node_modules/@react-three/fiber/dist/events-5a94e5eb.esm.js:11634:73)
    at yn (webpack-internal:///(app-pages-browser)/./node_modules/@react-three/fiber/dist/events-5a94e5eb.esm.js:11255:25)
    at rt (webpack-internal:///(app-pages-browser)/./node_modules/@react-three/fiber/dist/events-5a94e5eb.esm.js:11634:73)
    at yn (webpack-internal:///(app-pages-browser)/./node_modules/@react-three/fiber/dist/events-5a94e5eb.esm.js:11320:168)
    at rt (webpack-internal:///(app-pages-browser)/./node_modules/@react-three/fiber/dist/events-5a94e5eb.esm.js:11634:73)
    at yn (webpack-internal:///(app-pages-browser)/./node_modules/@react-three/fiber/dist/events-5a94e5eb.esm.js:11314:25)
    at rt (webpack-internal:///(app-pages-browser)/./node_modules/@react-three/fiber/dist/events-5a94e5eb.esm.js:11634:73)
    at yn (webpack-internal:///(app-pages-browser)/./node_modules/@react-three/fiber/dist/events-5a94e5eb.esm.js:11258:29)
    at rt (webpack-internal:///(app-pages-browser)/./node_modules/@react-three/fiber/dist/events-5a94e5eb.esm.js:11634:73)
    at yn (webpack-internal:///(app-pages-browser)/./node_modules/@react-three/fiber/dist/events-5a94e5eb.esm.js:11326:25)
    at rt (webpack-internal:///(app-pages-browser)/./node_modules/@react-three/fiber/dist/events-5a94e5eb.esm.js:11634:73)
    at yn (webpack-internal:///(app-pages-browser)/./node_modules/@react-three/fiber/dist/events-5a94e5eb.esm.js:11326:25)
    at rt (webpack-internal:///(app-pages-browser)/./node_modules/@react-three/fiber/dist/events-5a94e5eb.esm.js:11634:73)
    at yn (webpack-internal:///(app-pages-browser)/./node_modules/@react-three/fiber/dist/events-5a94e5eb.esm.js:11326:25)
    at rt (webpack-internal:///(app-pages-browser)/./node_modules/@react-three/fiber/dist/events-5a94e5eb.esm.js:11634:73)
    at yn (webpack-internal:///(app-pages-browser)/./node_modules/@react-three/fiber/dist/events-5a94e5eb.esm.js:11326:25)
    at rt (webpack-internal:///(app-pages-browser)/./node_modules/@react-three/fiber/dist/events-5a94e5eb.esm.js:11634:73)
    at yn (webpack-internal:///(app-pages-browser)/./node_modules/@react-three/fiber/dist/events-5a94e5eb.esm.js:11326:25)
    at rt (webpack-internal:///(app-pages-browser)/./node_modules/@react-three/fiber/dist/events-5a94e5eb.esm.js:11634:73)
    at yn (webpack-internal:///(app-pages-browser)/./node_modules/@react-three/fiber/dist/events-5a94e5eb.esm.js:11326:25)
    at rt (webpack-internal:///(app-pages-browser)/./node_modules/@react-three/fiber/dist/events-5a94e5eb.esm.js:11634:73)
    at yn (webpack-internal:///(app-pages-browser)/./node_modules/@react-three/fiber/dist/events-5a94e5eb.esm.js:11326:25)
    at rt (webpack-internal:///(app-pages-browser)/./node_modules/@react-three/fiber/dist/events-5a94e5eb.esm.js:11634:73)
    at yn (webpack-internal:///(app-pages-browser)/./node_modules/@react-three/fiber/dist/events-5a94e5eb.esm.js:11326:25)
    at rt (webpack-internal:///(app-pages-browser)/./node_modules/@react-three/fiber/dist/events-5a94e5eb.esm.js:11634:73)
    at yn (webpack-internal:///(app-pages-browser)/./node_modules/@react-three/fiber/dist/events-5a94e5eb.esm.js:11326:25)
    at rt (webpack-internal:///(app-pages-browser)/./node_modules/@react-three/fiber/dist/events-5a94e5eb.esm.js:11634:73)
    at yn (webpack-internal:///(app-pages-browser)/./node_modules/@react-three/fiber/dist/events-5a94e5eb.esm.js:11326:25)
    at rt (webpack-internal:///(app-pages-browser)/./node_modules/@react-three/fiber/dist/events-5a94e5eb.esm.js:11634:73)
    at yn (webpack-internal:///(app-pages-browser)/./node_modules/@react-three/fiber/dist/events-5a94e5eb.esm.js:11326:25)
    at rt (webpack-internal:///(app-pages-browser)/./node_modules/@react-three/fiber/dist/events-5a94e5eb.esm.js:11634:73)
    at yn (webpack-internal:///(app-pages-browser)/./node_modules/@react-three/fiber/dist/events-5a94e5eb.esm.js:11326:25)
    at rt (webpack-internal:///(app-pages-browser)/./node_modules/@react-three/fiber/dist/events-5a94e5eb.esm.js:11634:73)
    at yn (webpack-internal:///(app-pages-browser)/./node_modules/@react-three/fiber/dist/events-5a94e5eb.esm.js:11326:25)
    at rt (webpack-internal:///(app-pages-browser)/./node_modules/@react-three/fiber/dist/events-5a94e5eb.esm.js:11634:73)
    at yn (webpack-internal:///(app-pages-browser)/./node_modules/@react-three/fiber/dist/events-5a94e5eb.esm.js:11258:29)
    at rt (webpack-internal:///(app-pages-browser)/./node_modules/@react-three/fiber/dist/events-5a94e5eb.esm.js:11634:73)
    at yn (webpack-internal:///(app-pages-browser)/./node_modules/@react-three/fiber/dist/events-5a94e5eb.esm.js:11255:25)
    at rt (webpack-internal:///(app-pages-browser)/./node_modules/@react-three/fiber/dist/events-5a94e5eb.esm.js:11634:73)
    at yn (webpack-internal:///(app-pages-browser)/./node_modules/@react-three/fiber/dist/events-5a94e5eb.esm.js:11255:25)
    at rt (webpack-internal:///(app-pages-browser)/./node_modules/@react-three/fiber/dist/events-5a94e5eb.esm.js:11634:73)
[   12572ms] [LOG] THREE.WebGLRenderer: Context Lost. @ webpack-internal:///(app-pages-browser)/./node_modules/next/dist/next-devtools/shared/forward-logs-shared.js:27
[   12614ms] TypeError: Cannot read properties of null (reading 'alpha')
    at EffectComposer.addPass (webpack-internal:///(app-pages-browser)/./node_modules/postprocessing/build/index.js:1194:67)
    at eval (webpack-internal:///(app-pages-browser)/./node_modules/@react-three/postprocessing/dist/index.js:165:34)
    at Object.react_stack_bottom_frame (webpack-internal:///(app-pages-browser)/./node_modules/@react-three/fiber/dist/events-5a94e5eb.esm.js:13273:44)
    at B (webpack-internal:///(app-pages-browser)/./node_modules/@react-three/fiber/dist/events-5a94e5eb.esm.js:7908:105)
    at ca (webpack-internal:///(app-pages-browser)/./node_modules/@react-three/fiber/dist/events-5a94e5eb.esm.js:10978:101)
    at Pf (webpack-internal:///(app-pages-browser)/./node_modules/@react-three/fiber/dist/events-5a94e5eb.esm.js:10966:32)
    at yn (webpack-internal:///(app-pages-browser)/./node_modules/@react-three/fiber/dist/events-5a94e5eb.esm.js:11255:44)
    at rt (webpack-internal:///(app-pages-browser)/./node_modules/@react-three/fiber/dist/events-5a94e5eb.esm.js:11634:73)
    at yn (webpack-internal:///(app-pages-browser)/./node_modules/@react-three/fiber/dist/events-5a94e5eb.esm.js:11326:25)
    at rt (webpack-internal:///(app-pages-browser)/./node_modules/@react-three/fiber/dist/events-5a94e5eb.esm.js:11634:73)
    at yn (webpack-internal:///(app-pages-browser)/./node_modules/@react-three/fiber/dist/events-5a94e5eb.esm.js:11255:25)
    at rt (webpack-internal:///(app-pages-browser)/./node_modules/@react-three/fiber/dist/events-5a94e5eb.esm.js:11634:73)
    at yn (webpack-internal:///(app-pages-browser)/./node_modules/@react-three/fiber/dist/events-5a94e5eb.esm.js:11320:168)
    at rt (webpack-internal:///(app-pages-browser)/./node_modules/@react-three/fiber/dist/events-5a94e5eb.esm.js:11634:73)
    at yn (webpack-internal:///(app-pages-browser)/./node_modules/@react-three/fiber/dist/events-5a94e5eb.esm.js:11314:25)
    at rt (webpack-internal:///(app-pages-browser)/./node_modules/@react-three/fiber/dist/events-5a94e5eb.esm.js:11634:73)
    at yn (webpack-internal:///(app-pages-browser)/./node_modules/@react-three/fiber/dist/events-5a94e5eb.esm.js:11258:29)
    at rt (webpack-internal:///(app-pages-browser)/./node_modules/@react-three/fiber/dist/events-5a94e5eb.esm.js:11634:73)
    at yn (webpack-internal:///(app-pages-browser)/./node_modules/@react-three/fiber/dist/events-5a94e5eb.esm.js:11326:25)
    at rt (webpack-internal:///(app-pages-browser)/./node_modules/@react-three/fiber/dist/events-5a94e5eb.esm.js:11634:73)
    at yn (webpack-internal:///(app-pages-browser)/./node_modules/@react-three/fiber/dist/events-5a94e5eb.esm.js:11326:25)
    at rt (webpack-internal:///(app-pages-browser)/./node_modules/@react-three/fiber/dist/events-5a94e5eb.esm.js:11634:73)
    at yn (webpack-internal:///(app-pages-browser)/./node_modules/@react-three/fiber/dist/events-5a94e5eb.esm.js:11326:25)
    at rt (webpack-internal:///(app-pages-browser)/./node_modules/@react-three/fiber/dist/events-5a94e5eb.esm.js:11634:73)
    at yn (webpack-internal:///(app-pages-browser)/./node_modules/@react-three/fiber/dist/events-5a94e5eb.esm.js:11326:25)
    at rt (webpack-internal:///(app-pages-browser)/./node_modules/@react-three/fiber/dist/events-5a94e5eb.esm.js:11634:73)
    at yn (webpack-internal:///(app-pages-browser)/./node_modules/@react-three/fiber/dist/events-5a94e5eb.esm.js:11326:25)
    at rt (webpack-internal:///(app-pages-browser)/./node_modules/@react-three/fiber/dist/events-5a94e5eb.esm.js:11634:73)
    at yn (webpack-internal:///(app-pages-browser)/./node_modules/@react-three/fiber/dist/events-5a94e5eb.esm.js:11326:25)
    at rt (webpack-internal:///(app-pages-browser)/./node_modules/@react-three/fiber/dist/events-5a94e5eb.esm.js:11634:73)
    at yn (webpack-internal:///(app-pages-browser)/./node_modules/@react-three/fiber/dist/events-5a94e5eb.esm.js:11326:25)
    at rt (webpack-internal:///(app-pages-browser)/./node_modules/@react-three/fiber/dist/events-5a94e5eb.esm.js:11634:73)
    at yn (webpack-internal:///(app-pages-browser)/./node_modules/@react-three/fiber/dist/events-5a94e5eb.esm.js:11326:25)
    at rt (webpack-internal:///(app-pages-browser)/./node_modules/@react-three/fiber/dist/events-5a94e5eb.esm.js:11634:73)
    at yn (webpack-internal:///(app-pages-browser)/./node_modules/@react-three/fiber/dist/events-5a94e5eb.esm.js:11326:25)
    at rt (webpack-internal:///(app-pages-browser)/./node_modules/@react-three/fiber/dist/events-5a94e5eb.esm.js:11634:73)
    at yn (webpack-internal:///(app-pages-browser)/./node_modules/@react-three/fiber/dist/events-5a94e5eb.esm.js:11326:25)
    at rt (webpack-internal:///(app-pages-browser)/./node_modules/@react-three/fiber/dist/events-5a94e5eb.esm.js:11634:73)
    at yn (webpack-internal:///(app-pages-browser)/./node_modules/@react-three/fiber/dist/events-5a94e5eb.esm.js:11326:25)
    at rt (webpack-internal:///(app-pages-browser)/./node_modules/@react-three/fiber/dist/events-5a94e5eb.esm.js:11634:73)
    at yn (webpack-internal:///(app-pages-browser)/./node_modules/@react-three/fiber/dist/events-5a94e5eb.esm.js:11326:25)
    at rt (webpack-internal:///(app-pages-browser)/./node_modules/@react-three/fiber/dist/events-5a94e5eb.esm.js:11634:73)
    at yn (webpack-internal:///(app-pages-browser)/./node_modules/@react-three/fiber/dist/events-5a94e5eb.esm.js:11326:25)
    at rt (webpack-internal:///(app-pages-browser)/./node_modules/@react-three/fiber/dist/events-5a94e5eb.esm.js:11634:73)
    at yn (webpack-internal:///(app-pages-browser)/./node_modules/@react-three/fiber/dist/events-5a94e5eb.esm.js:11258:29)
    at rt (webpack-internal:///(app-pages-browser)/./node_modules/@react-three/fiber/dist/events-5a94e5eb.esm.js:11634:73)
    at yn (webpack-internal:///(app-pages-browser)/./node_modules/@react-three/fiber/dist/events-5a94e5eb.esm.js:11255:25)
    at rt (webpack-internal:///(app-pages-browser)/./node_modules/@react-three/fiber/dist/events-5a94e5eb.esm.js:11634:73)
    at yn (webpack-internal:///(app-pages-browser)/./node_modules/@react-three/fiber/dist/events-5a94e5eb.esm.js:11255:25)
    at rt (webpack-internal:///(app-pages-browser)/./node_modules/@react-three/fiber/dist/events-5a94e5eb.esm.js:11634:73)
[   13845ms] [LOG] [Fast Refresh] rebuilding @ webpack-internal:///(app-pages-browser)/./node_modules/next/dist/next-devtools/shared/forward-logs-shared.js:27
[   13990ms] [WARNING] [Fast Refresh] performing full reload because your application had an unrecoverable error @ webpack-internal:///(app-pages-browser)/./node_modules/next/dist/next-devtools/shared/forward-logs-shared.js:27
[   15365ms] [INFO] %cDownload the React DevTools for a better development experience: https://react.dev/link/react-devtools font-weight:bold @ webpack-internal:///(app-pages-browser)/./node_modules/next/dist/next-devtools/shared/forward-logs-shared.js:27
[   15643ms] [LOG] [HMR] connected @ webpack-internal:///(app-pages-browser)/./node_modules/next/dist/next-devtools/shared/forward-logs-shared.js:27
[   15906ms] [WARNING] Please ensure that the container has a non-static position, like 'relative', 'fixed', or 'absolute' to ensure scroll offset is calculated correctly. @ webpack-internal:///(app-pages-browser)/./node_modules/next/dist/next-devtools/shared/forward-logs-shared.js:27
[   16036ms] [LOG] [Fast Refresh] rebuilding @ webpack-internal:///(app-pages-browser)/./node_modules/next/dist/next-devtools/shared/forward-logs-shared.js:27
[   17419ms] [WARNING] THREE.THREE.Clock: This module has been deprecated. Please use THREE.Timer instead. @ webpack-internal:///(app-pages-browser)/./node_modules/next/dist/next-devtools/shared/forward-logs-shared.js:27
[   18512ms] TypeError: Cannot read properties of null (reading 'alpha')
    at EffectComposer.addPass (webpack-internal:///(app-pages-browser)/./node_modules/postprocessing/build/index.js:1194:67)
    at eval (webpack-internal:///(app-pages-browser)/./node_modules/@react-three/postprocessing/dist/index.js:165:34)
    at Object.react_stack_bottom_frame (webpack-internal:///(app-pages-browser)/./node_modules/@react-three/fiber/dist/events-5a94e5eb.esm.js:13273:44)
    at B (webpack-internal:///(app-pages-browser)/./node_modules/@react-three/fiber/dist/events-5a94e5eb.esm.js:7908:105)
    at ca (webpack-internal:///(app-pages-browser)/./node_modules/@react-three/fiber/dist/events-5a94e5eb.esm.js:10978:101)
    at Pf (webpack-internal:///(app-pages-browser)/./node_modules/@react-three/fiber/dist/events-5a94e5eb.esm.js:10966:32)
    at yn (webpack-internal:///(app-pages-browser)/./node_modules/@react-three/fiber/dist/events-5a94e5eb.esm.js:11255:44)
    at rt (webpack-internal:///(app-pages-browser)/./node_modules/@react-three/fiber/dist/events-5a94e5eb.esm.js:11634:73)
    at yn (webpack-internal:///(app-pages-browser)/./node_modules/@react-three/fiber/dist/events-5a94e5eb.esm.js:11326:25)
    at rt (webpack-internal:///(app-pages-browser)/./node_modules/@react-three/fiber/dist/events-5a94e5eb.esm.js:11634:73)
    at yn (webpack-internal:///(app-pages-browser)/./node_modules/@react-three/fiber/dist/events-5a94e5eb.esm.js:11255:25)
    at rt (webpack-internal:///(app-pages-browser)/./node_modules/@react-three/fiber/dist/events-5a94e5eb.esm.js:11634:73)
    at yn (webpack-internal:///(app-pages-browser)/./node_modules/@react-three/fiber/dist/events-5a94e5eb.esm.js:11320:168)
    at rt (webpack-internal:///(app-pages-browser)/./node_modules/@react-three/fiber/dist/events-5a94e5eb.esm.js:11634:73)
    at yn (webpack-internal:///(app-pages-browser)/./node_modules/@react-three/fiber/dist/events-5a94e5eb.esm.js:11314:25)
    at rt (webpack-internal:///(app-pages-browser)/./node_modules/@react-three/fiber/dist/events-5a94e5eb.esm.js:11634:73)
    at yn (webpack-internal:///(app-pages-browser)/./node_modules/@react-three/fiber/dist/events-5a94e5eb.esm.js:11258:29)
    at rt (webpack-internal:///(app-pages-browser)/./node_modules/@react-three/fiber/dist/events-5a94e5eb.esm.js:11634:73)
    at yn (webpack-internal:///(app-pages-browser)/./node_modules/@react-three/fiber/dist/events-5a94e5eb.esm.js:11326:25)
    at rt (webpack-internal:///(app-pages-browser)/./node_modules/@react-three/fiber/dist/events-5a94e5eb.esm.js:11634:73)
    at yn (webpack-internal:///(app-pages-browser)/./node_modules/@react-three/fiber/dist/events-5a94e5eb.esm.js:11326:25)
    at rt (webpack-internal:///(app-pages-browser)/./node_modules/@react-three/fiber/dist/events-5a94e5eb.esm.js:11634:73)
    at yn (webpack-internal:///(app-pages-browser)/./node_modules/@react-three/fiber/dist/events-5a94e5eb.esm.js:11326:25)
    at rt (webpack-internal:///(app-pages-browser)/./node_modules/@react-three/fiber/dist/events-5a94e5eb.esm.js:11634:73)
    at yn (webpack-internal:///(app-pages-browser)/./node_modules/@react-three/fiber/dist/events-5a94e5eb.esm.js:11326:25)
    at rt (webpack-internal:///(app-pages-browser)/./node_modules/@react-three/fiber/dist/events-5a94e5eb.esm.js:11634:73)
    at yn (webpack-internal:///(app-pages-browser)/./node_modules/@react-three/fiber/dist/events-5a94e5eb.esm.js:11326:25)
    at rt (webpack-internal:///(app-pages-browser)/./node_modules/@react-three/fiber/dist/events-5a94e5eb.esm.js:11634:73)
    at yn (webpack-internal:///(app-pages-browser)/./node_modules/@react-three/fiber/dist/events-5a94e5eb.esm.js:11326:25)
    at rt (webpack-internal:///(app-pages-browser)/./node_modules/@react-three/fiber/dist/events-5a94e5eb.esm.js:11634:73)
    at yn (webpack-internal:///(app-pages-browser)/./node_modules/@react-three/fiber/dist/events-5a94e5eb.esm.js:11326:25)
    at rt (webpack-internal:///(app-pages-browser)/./node_modules/@react-three/fiber/dist/events-5a94e5eb.esm.js:11634:73)
    at yn (webpack-internal:///(app-pages-browser)/./node_modules/@react-three/fiber/dist/events-5a94e5eb.esm.js:11326:25)
    at rt (webpack-internal:///(app-pages-browser)/./node_modules/@react-three/fiber/dist/events-5a94e5eb.esm.js:11634:73)
    at yn (webpack-internal:///(app-pages-browser)/./node_modules/@react-three/fiber/dist/events-5a94e5eb.esm.js:11326:25)
    at rt (webpack-internal:///(app-pages-browser)/./node_modules/@react-three/fiber/dist/events-5a94e5eb.esm.js:11634:73)
    at yn (webpack-internal:///(app-pages-browser)/./node_modules/@react-three/fiber/dist/events-5a94e5eb.esm.js:11326:25)
    at rt (webpack-internal:///(app-pages-browser)/./node_modules/@react-three/fiber/dist/events-5a94e5eb.esm.js:11634:73)
    at yn (webpack-internal:///(app-pages-browser)/./node_modules/@react-three/fiber/dist/events-5a94e5eb.esm.js:11326:25)
    at rt (webpack-internal:///(app-pages-browser)/./node_modules/@react-three/fiber/dist/events-5a94e5eb.esm.js:11634:73)
    at yn (webpack-internal:///(app-pages-browser)/./node_modules/@react-three/fiber/dist/events-5a94e5eb.esm.js:11326:25)
    at rt (webpack-internal:///(app-pages-browser)/./node_modules/@react-three/fiber/dist/events-5a94e5eb.esm.js:11634:73)
    at yn (webpack-internal:///(app-pages-browser)/./node_modules/@react-three/fiber/dist/events-5a94e5eb.esm.js:11326:25)
    at rt (webpack-internal:///(app-pages-browser)/./node_modules/@react-three/fiber/dist/events-5a94e5eb.esm.js:11634:73)
    at yn (webpack-internal:///(app-pages-browser)/./node_modules/@react-three/fiber/dist/events-5a94e5eb.esm.js:11258:29)
    at rt (webpack-internal:///(app-pages-browser)/./node_modules/@react-three/fiber/dist/events-5a94e5eb.esm.js:11634:73)
    at yn (webpack-internal:///(app-pages-browser)/./node_modules/@react-three/fiber/dist/events-5a94e5eb.esm.js:11255:25)
    at rt (webpack-internal:///(app-pages-browser)/./node_modules/@react-three/fiber/dist/events-5a94e5eb.esm.js:11634:73)
    at yn (webpack-internal:///(app-pages-browser)/./node_modules/@react-three/fiber/dist/events-5a94e5eb.esm.js:11255:25)
    at rt (webpack-internal:///(app-pages-browser)/./node_modules/@react-three/fiber/dist/events-5a94e5eb.esm.js:11634:73)
[   18513ms] [LOG] THREE.WebGLRenderer: Context Lost. @ webpack-internal:///(app-pages-browser)/./node_modules/next/dist/next-devtools/shared/forward-logs-shared.js:27
[   18551ms] TypeError: Cannot read properties of null (reading 'alpha')
    at EffectComposer.addPass (webpack-internal:///(app-pages-browser)/./node_modules/postprocessing/build/index.js:1194:67)
    at eval (webpack-internal:///(app-pages-browser)/./node_modules/@react-three/postprocessing/dist/index.js:165:34)
    at Object.react_stack_bottom_frame (webpack-internal:///(app-pages-browser)/./node_modules/@react-three/fiber/dist/events-5a94e5eb.esm.js:13273:44)
    at B (webpack-internal:///(app-pages-browser)/./node_modules/@react-three/fiber/dist/events-5a94e5eb.esm.js:7908:105)
    at ca (webpack-internal:///(app-pages-browser)/./node_modules/@react-three/fiber/dist/events-5a94e5eb.esm.js:10978:101)
    at Pf (webpack-internal:///(app-pages-browser)/./node_modules/@react-three/fiber/dist/events-5a94e5eb.esm.js:10966:32)
    at yn (webpack-internal:///(app-pages-browser)/./node_modules/@react-three/fiber/dist/events-5a94e5eb.esm.js:11255:44)
    at rt (webpack-internal:///(app-pages-browser)/./node_modules/@react-three/fiber/dist/events-5a94e5eb.esm.js:11634:73)
    at yn (webpack-internal:///(app-pages-browser)/./node_modules/@react-three/fiber/dist/events-5a94e5eb.esm.js:11326:25)
    at rt (webpack-internal:///(app-pages-browser)/./node_modules/@react-three/fiber/dist/events-5a94e5eb.esm.js:11634:73)
    at yn (webpack-internal:///(app-pages-browser)/./node_modules/@react-three/fiber/dist/events-5a94e5eb.esm.js:11255:25)
    at rt (webpack-internal:///(app-pages-browser)/./node_modules/@react-three/fiber/dist/events-5a94e5eb.esm.js:11634:73)
    at yn (webpack-internal:///(app-pages-browser)/./node_modules/@react-three/fiber/dist/events-5a94e5eb.esm.js:11320:168)
    at rt (webpack-internal:///(app-pages-browser)/./node_modules/@react-three/fiber/dist/events-5a94e5eb.esm.js:11634:73)
    at yn (webpack-internal:///(app-pages-browser)/./node_modules/@react-three/fiber/dist/events-5a94e5eb.esm.js:11314:25)
    at rt (webpack-internal:///(app-pages-browser)/./node_modules/@react-three/fiber/dist/events-5a94e5eb.esm.js:11634:73)
    at yn (webpack-internal:///(app-pages-browser)/./node_modules/@react-three/fiber/dist/events-5a94e5eb.esm.js:11258:29)
    at rt (webpack-internal:///(app-pages-browser)/./node_modules/@react-three/fiber/dist/events-5a94e5eb.esm.js:11634:73)
    at yn (webpack-internal:///(app-pages-browser)/./node_modules/@react-three/fiber/dist/events-5a94e5eb.esm.js:11326:25)
    at rt (webpack-internal:///(app-pages-browser)/./node_modules/@react-three/fiber/dist/events-5a94e5eb.esm.js:11634:73)
    at yn (webpack-internal:///(app-pages-browser)/./node_modules/@react-three/fiber/dist/events-5a94e5eb.esm.js:11326:25)
    at rt (webpack-internal:///(app-pages-browser)/./node_modules/@react-three/fiber/dist/events-5a94e5eb.esm.js:11634:73)
    at yn (webpack-internal:///(app-pages-browser)/./node_modules/@react-three/fiber/dist/events-5a94e5eb.esm.js:11326:25)
    at rt (webpack-internal:///(app-pages-browser)/./node_modules/@react-three/fiber/dist/events-5a94e5eb.esm.js:11634:73)
    at yn (webpack-internal:///(app-pages-browser)/./node_modules/@react-three/fiber/dist/events-5a94e5eb.esm.js:11326:25)
    at rt (webpack-internal:///(app-pages-browser)/./node_modules/@react-three/fiber/dist/events-5a94e5eb.esm.js:11634:73)
    at yn (webpack-internal:///(app-pages-browser)/./node_modules/@react-three/fiber/dist/events-5a94e5eb.esm.js:11326:25)
    at rt (webpack-internal:///(app-pages-browser)/./node_modules/@react-three/fiber/dist/events-5a94e5eb.esm.js:11634:73)
    at yn (webpack-internal:///(app-pages-browser)/./node_modules/@react-three/fiber/dist/events-5a94e5eb.esm.js:11326:25)
    at rt (webpack-internal:///(app-pages-browser)/./node_modules/@react-three/fiber/dist/events-5a94e5eb.esm.js:11634:73)
    at yn (webpack-internal:///(app-pages-browser)/./node_modules/@react-three/fiber/dist/events-5a94e5eb.esm.js:11326:25)
    at rt (webpack-internal:///(app-pages-browser)/./node_modules/@react-three/fiber/dist/events-5a94e5eb.esm.js:11634:73)
    at yn (webpack-internal:///(app-pages-browser)/./node_modules/@react-three/fiber/dist/events-5a94e5eb.esm.js:11326:25)
    at rt (webpack-internal:///(app-pages-browser)/./node_modules/@react-three/fiber/dist/events-5a94e5eb.esm.js:11634:73)
    at yn (webpack-internal:///(app-pages-browser)/./node_modules/@react-three/fiber/dist/events-5a94e5eb.esm.js:11326:25)
    at rt (webpack-internal:///(app-pages-browser)/./node_modules/@react-three/fiber/dist/events-5a94e5eb.esm.js:11634:73)
    at yn (webpack-internal:///(app-pages-browser)/./node_modules/@react-three/fiber/dist/events-5a94e5eb.esm.js:11326:25)
    at rt (webpack-internal:///(app-pages-browser)/./node_modules/@react-three/fiber/dist/events-5a94e5eb.esm.js:11634:73)
    at yn (webpack-internal:///(app-pages-browser)/./node_modules/@react-three/fiber/dist/events-5a94e5eb.esm.js:11326:25)
    at rt (webpack-internal:///(app-pages-browser)/./node_modules/@react-three/fiber/dist/events-5a94e5eb.esm.js:11634:73)
    at yn (webpack-internal:///(app-pages-browser)/./node_modules/@react-three/fiber/dist/events-5a94e5eb.esm.js:11326:25)
    at rt (webpack-internal:///(app-pages-browser)/./node_modules/@react-three/fiber/dist/events-5a94e5eb.esm.js:11634:73)
    at yn (webpack-internal:///(app-pages-browser)/./node_modules/@react-three/fiber/dist/events-5a94e5eb.esm.js:11326:25)
    at rt (webpack-internal:///(app-pages-browser)/./node_modules/@react-three/fiber/dist/events-5a94e5eb.esm.js:11634:73)
    at yn (webpack-internal:///(app-pages-browser)/./node_modules/@react-three/fiber/dist/events-5a94e5eb.esm.js:11258:29)
    at rt (webpack-internal:///(app-pages-browser)/./node_modules/@react-three/fiber/dist/events-5a94e5eb.esm.js:11634:73)
    at yn (webpack-internal:///(app-pages-browser)/./node_modules/@react-three/fiber/dist/events-5a94e5eb.esm.js:11255:25)
    at rt (webpack-internal:///(app-pages-browser)/./node_modules/@react-three/fiber/dist/events-5a94e5eb.esm.js:11634:73)
    at yn (webpack-internal:///(app-pages-browser)/./node_modules/@react-three/fiber/dist/events-5a94e5eb.esm.js:11255:25)
    at rt (webpack-internal:///(app-pages-browser)/./node_modules/@react-three/fiber/dist/events-5a94e5eb.esm.js:11634:73)
[   20882ms] [LOG] [Fast Refresh] rebuilding @ webpack-internal:///(app-pages-browser)/./node_modules/next/dist/next-devtools/shared/forward-logs-shared.js:27
[   22092ms] [WARNING] [Fast Refresh] performing full reload because your application had an unrecoverable error @ webpack-internal:///(app-pages-browser)/./node_modules/next/dist/next-devtools/shared/forward-logs-shared.js:27
[   24368ms] [INFO] %cDownload the React DevTools for a better development experience: https://react.dev/link/react-devtools font-weight:bold @ webpack-internal:///(app-pages-browser)/./node_modules/next/dist/next-devtools/shared/forward-logs-shared.js:27
[   24638ms] [LOG] [HMR] connected @ webpack-internal:///(app-pages-browser)/./node_modules/next/dist/next-devtools/shared/forward-logs-shared.js:27
[   24799ms] [LOG] [Fast Refresh] rebuilding @ webpack-internal:///(app-pages-browser)/./node_modules/next/dist/next-devtools/shared/forward-logs-shared.js:27
[   24960ms] [WARNING] Please ensure that the container has a non-static position, like 'relative', 'fixed', or 'absolute' to ensure scroll offset is calculated correctly. @ webpack-internal:///(app-pages-browser)/./node_modules/next/dist/next-devtools/shared/forward-logs-shared.js:27
[   25871ms] [LOG] [Fast Refresh] rebuilding @ webpack-internal:///(app-pages-browser)/./node_modules/next/dist/next-devtools/shared/forward-logs-shared.js:27
[   25875ms] [LOG] [Fast Refresh] done in 5ms @ webpack-internal:///(app-pages-browser)/./node_modules/next/dist/next-devtools/shared/forward-logs-shared.js:27
[   25876ms] [LOG] [Fast Refresh] rebuilding @ webpack-internal:///(app-pages-browser)/./node_modules/next/dist/next-devtools/shared/forward-logs-shared.js:27
[   26011ms] [WARNING] THREE.THREE.Clock: This module has been deprecated. Please use THREE.Timer instead. @ webpack-internal:///(app-pages-browser)/./node_modules/next/dist/next-devtools/shared/forward-logs-shared.js:27
[   26580ms] [LOG] [Fast Refresh] done in 704ms @ webpack-internal:///(app-pages-browser)/./node_modules/next/dist/next-devtools/shared/forward-logs-shared.js:27
[   26582ms] [LOG] [Fast Refresh] rebuilding @ webpack-internal:///(app-pages-browser)/./node_modules/next/dist/next-devtools/shared/forward-logs-shared.js:27
[   27132ms] TypeError: Cannot read properties of null (reading 'alpha')
    at EffectComposer.addPass (webpack-internal:///(app-pages-browser)/./node_modules/postprocessing/build/index.js:1194:67)
    at eval (webpack-internal:///(app-pages-browser)/./node_modules/@react-three/postprocessing/dist/index.js:165:34)
    at Object.react_stack_bottom_frame (webpack-internal:///(app-pages-browser)/./node_modules/@react-three/fiber/dist/events-5a94e5eb.esm.js:13273:44)
    at B (webpack-internal:///(app-pages-browser)/./node_modules/@react-three/fiber/dist/events-5a94e5eb.esm.js:7908:105)
    at ca (webpack-internal:///(app-pages-browser)/./node_modules/@react-three/fiber/dist/events-5a94e5eb.esm.js:10978:101)
    at Pf (webpack-internal:///(app-pages-browser)/./node_modules/@react-three/fiber/dist/events-5a94e5eb.esm.js:10966:32)
    at yn (webpack-internal:///(app-pages-browser)/./node_modules/@react-three/fiber/dist/events-5a94e5eb.esm.js:11255:44)
    at rt (webpack-internal:///(app-pages-browser)/./node_modules/@react-three/fiber/dist/events-5a94e5eb.esm.js:11634:73)
    at yn (webpack-internal:///(app-pages-browser)/./node_modules/@react-three/fiber/dist/events-5a94e5eb.esm.js:11326:25)
    at rt (webpack-internal:///(app-pages-browser)/./node_modules/@react-three/fiber/dist/events-5a94e5eb.esm.js:11634:73)
    at yn (webpack-internal:///(app-pages-browser)/./node_modules/@react-three/fiber/dist/events-5a94e5eb.esm.js:11255:25)
    at rt (webpack-internal:///(app-pages-browser)/./node_modules/@react-three/fiber/dist/events-5a94e5eb.esm.js:11634:73)
    at yn (webpack-internal:///(app-pages-browser)/./node_modules/@react-three/fiber/dist/events-5a94e5eb.esm.js:11320:168)
    at rt (webpack-internal:///(app-pages-browser)/./node_modules/@react-three/fiber/dist/events-5a94e5eb.esm.js:11634:73)
    at yn (webpack-internal:///(app-pages-browser)/./node_modules/@react-three/fiber/dist/events-5a94e5eb.esm.js:11314:25)
    at rt (webpack-internal:///(app-pages-browser)/./node_modules/@react-three/fiber/dist/events-5a94e5eb.esm.js:11634:73)
    at yn (webpack-internal:///(app-pages-browser)/./node_modules/@react-three/fiber/dist/events-5a94e5eb.esm.js:11258:29)
    at rt (webpack-internal:///(app-pages-browser)/./node_modules/@react-three/fiber/dist/events-5a94e5eb.esm.js:11634:73)
    at yn (webpack-internal:///(app-pages-browser)/./node_modules/@react-three/fiber/dist/events-5a94e5eb.esm.js:11326:25)
    at rt (webpack-internal:///(app-pages-browser)/./node_modules/@react-three/fiber/dist/events-5a94e5eb.esm.js:11634:73)
    at yn (webpack-internal:///(app-pages-browser)/./node_modules/@react-three/fiber/dist/events-5a94e5eb.esm.js:11326:25)
    at rt (webpack-internal:///(app-pages-browser)/./node_modules/@react-three/fiber/dist/events-5a94e5eb.esm.js:11634:73)
    at yn (webpack-internal:///(app-pages-browser)/./node_modules/@react-three/fiber/dist/events-5a94e5eb.esm.js:11326:25)
    at rt (webpack-internal:///(app-pages-browser)/./node_modules/@react-three/fiber/dist/events-5a94e5eb.esm.js:11634:73)
    at yn (webpack-internal:///(app-pages-browser)/./node_modules/@react-three/fiber/dist/events-5a94e5eb.esm.js:11326:25)
    at rt (webpack-internal:///(app-pages-browser)/./node_modules/@react-three/fiber/dist/events-5a94e5eb.esm.js:11634:73)
    at yn (webpack-internal:///(app-pages-browser)/./node_modules/@react-three/fiber/dist/events-5a94e5eb.esm.js:11326:25)
    at rt (webpack-internal:///(app-pages-browser)/./node_modules/@react-three/fiber/dist/events-5a94e5eb.esm.js:11634:73)
    at yn (webpack-internal:///(app-pages-browser)/./node_modules/@react-three/fiber/dist/events-5a94e5eb.esm.js:11326:25)
    at rt (webpack-internal:///(app-pages-browser)/./node_modules/@react-three/fiber/dist/events-5a94e5eb.esm.js:11634:73)
    at yn (webpack-internal:///(app-pages-browser)/./node_modules/@react-three/fiber/dist/events-5a94e5eb.esm.js:11326:25)
    at rt (webpack-internal:///(app-pages-browser)/./node_modules/@react-three/fiber/dist/events-5a94e5eb.esm.js:11634:73)
    at yn (webpack-internal:///(app-pages-browser)/./node_modules/@react-three/fiber/dist/events-5a94e5eb.esm.js:11326:25)
    at rt (webpack-internal:///(app-pages-browser)/./node_modules/@react-three/fiber/dist/events-5a94e5eb.esm.js:11634:73)
    at yn (webpack-internal:///(app-pages-browser)/./node_modules/@react-three/fiber/dist/events-5a94e5eb.esm.js:11326:25)
    at rt (webpack-internal:///(app-pages-browser)/./node_modules/@react-three/fiber/dist/events-5a94e5eb.esm.js:11634:73)
    at yn (webpack-internal:///(app-pages-browser)/./node_modules/@react-three/fiber/dist/events-5a94e5eb.esm.js:11326:25)
    at rt (webpack-internal:///(app-pages-browser)/./node_modules/@react-three/fiber/dist/events-5a94e5eb.esm.js:11634:73)
    at yn (webpack-internal:///(app-pages-browser)/./node_modules/@react-three/fiber/dist/events-5a94e5eb.esm.js:11326:25)
    at rt (webpack-internal:///(app-pages-browser)/./node_modules/@react-three/fiber/dist/events-5a94e5eb.esm.js:11634:73)
    at yn (webpack-internal:///(app-pages-browser)/./node_modules/@react-three/fiber/dist/events-5a94e5eb.esm.js:11326:25)
    at rt (webpack-internal:///(app-pages-browser)/./node_modules/@react-three/fiber/dist/events-5a94e5eb.esm.js:11634:73)
    at yn (webpack-internal:///(app-pages-browser)/./node_modules/@react-three/fiber/dist/events-5a94e5eb.esm.js:11326:25)
    at rt (webpack-internal:///(app-pages-browser)/./node_modules/@react-three/fiber/dist/events-5a94e5eb.esm.js:11634:73)
    at yn (webpack-internal:///(app-pages-browser)/./node_modules/@react-three/fiber/dist/events-5a94e5eb.esm.js:11258:29)
    at rt (webpack-internal:///(app-pages-browser)/./node_modules/@react-three/fiber/dist/events-5a94e5eb.esm.js:11634:73)
    at yn (webpack-internal:///(app-pages-browser)/./node_modules/@react-three/fiber/dist/events-5a94e5eb.esm.js:11255:25)
    at rt (webpack-internal:///(app-pages-browser)/./node_modules/@react-three/fiber/dist/events-5a94e5eb.esm.js:11634:73)
    at yn (webpack-internal:///(app-pages-browser)/./node_modules/@react-three/fiber/dist/events-5a94e5eb.esm.js:11255:25)
    at rt (webpack-internal:///(app-pages-browser)/./node_modules/@react-three/fiber/dist/events-5a94e5eb.esm.js:11634:73)
[   27136ms] [LOG] THREE.WebGLRenderer: Context Lost. @ webpack-internal:///(app-pages-browser)/./node_modules/next/dist/next-devtools/shared/forward-logs-shared.js:27
[   27333ms] [WARNING] [Fast Refresh] performing full reload because your application had an unrecoverable error @ webpack-internal:///(app-pages-browser)/./node_modules/next/dist/next-devtools/shared/forward-logs-shared.js:27
[   27371ms] [LOG] [Fast Refresh] rebuilding @ webpack-internal:///(app-pages-browser)/./node_modules/next/dist/next-devtools/shared/forward-logs-shared.js:27
[   27558ms] [WARNING] [Fast Refresh] performing full reload because your application had an unrecoverable error @ webpack-internal:///(app-pages-browser)/./node_modules/next/dist/next-devtools/shared/forward-logs-shared.js:27
[   29386ms] [INFO] %cDownload the React DevTools for a better development experience: https://react.dev/link/react-devtools font-weight:bold @ webpack-internal:///(app-pages-browser)/./node_modules/next/dist/next-devtools/shared/forward-logs-shared.js:27
[   29660ms] [LOG] [HMR] connected @ webpack-internal:///(app-pages-browser)/./node_modules/next/dist/next-devtools/shared/forward-logs-shared.js:27
[   29777ms] [LOG] [Fast Refresh] rebuilding @ webpack-internal:///(app-pages-browser)/./node_modules/next/dist/next-devtools/shared/forward-logs-shared.js:27
[   29913ms] [WARNING] Please ensure that the container has a non-static position, like 'relative', 'fixed', or 'absolute' to ensure scroll offset is calculated correctly. @ webpack-internal:///(app-pages-browser)/./node_modules/next/dist/next-devtools/shared/forward-logs-shared.js:27
[   30809ms] [LOG] [Fast Refresh] rebuilding @ webpack-internal:///(app-pages-browser)/./node_modules/next/dist/next-devtools/shared/forward-logs-shared.js:27
[   30814ms] [LOG] [Fast Refresh] done in 5ms @ webpack-internal:///(app-pages-browser)/./node_modules/next/dist/next-devtools/shared/forward-logs-shared.js:27
[   30815ms] [LOG] [Fast Refresh] rebuilding @ webpack-internal:///(app-pages-browser)/./node_modules/next/dist/next-devtools/shared/forward-logs-shared.js:27
[   30964ms] [WARNING] THREE.THREE.Clock: This module has been deprecated. Please use THREE.Timer instead. @ webpack-internal:///(app-pages-browser)/./node_modules/next/dist/next-devtools/shared/forward-logs-shared.js:27
[   31717ms] [LOG] [Fast Refresh] done in 902ms @ webpack-internal:///(app-pages-browser)/./node_modules/next/dist/next-devtools/shared/forward-logs-shared.js:27
[   31719ms] [LOG] [Fast Refresh] rebuilding @ webpack-internal:///(app-pages-browser)/./node_modules/next/dist/next-devtools/shared/forward-logs-shared.js:27
[   32087ms] TypeError: Cannot read properties of null (reading 'alpha')
    at EffectComposer.addPass (webpack-internal:///(app-pages-browser)/./node_modules/postprocessing/build/index.js:1194:67)
    at eval (webpack-internal:///(app-pages-browser)/./node_modules/@react-three/postprocessing/dist/index.js:165:34)
    at Object.react_stack_bottom_frame (webpack-internal:///(app-pages-browser)/./node_modules/@react-three/fiber/dist/events-5a94e5eb.esm.js:13273:44)
    at B (webpack-internal:///(app-pages-browser)/./node_modules/@react-three/fiber/dist/events-5a94e5eb.esm.js:7908:105)
    at ca (webpack-internal:///(app-pages-browser)/./node_modules/@react-three/fiber/dist/events-5a94e5eb.esm.js:10978:101)
    at Pf (webpack-internal:///(app-pages-browser)/./node_modules/@react-three/fiber/dist/events-5a94e5eb.esm.js:10966:32)
    at yn (webpack-internal:///(app-pages-browser)/./node_modules/@react-three/fiber/dist/events-5a94e5eb.esm.js:11255:44)
    at rt (webpack-internal:///(app-pages-browser)/./node_modules/@react-three/fiber/dist/events-5a94e5eb.esm.js:11634:73)
    at yn (webpack-internal:///(app-pages-browser)/./node_modules/@react-three/fiber/dist/events-5a94e5eb.esm.js:11326:25)
    at rt (webpack-internal:///(app-pages-browser)/./node_modules/@react-three/fiber/dist/events-5a94e5eb.esm.js:11634:73)
    at yn (webpack-internal:///(app-pages-browser)/./node_modules/@react-three/fiber/dist/events-5a94e5eb.esm.js:11255:25)
    at rt (webpack-internal:///(app-pages-browser)/./node_modules/@react-three/fiber/dist/events-5a94e5eb.esm.js:11634:73)
    at yn (webpack-internal:///(app-pages-browser)/./node_modules/@react-three/fiber/dist/events-5a94e5eb.esm.js:11320:168)
    at rt (webpack-internal:///(app-pages-browser)/./node_modules/@react-three/fiber/dist/events-5a94e5eb.esm.js:11634:73)
    at yn (webpack-internal:///(app-pages-browser)/./node_modules/@react-three/fiber/dist/events-5a94e5eb.esm.js:11314:25)
    at rt (webpack-internal:///(app-pages-browser)/./node_modules/@react-three/fiber/dist/events-5a94e5eb.esm.js:11634:73)
    at yn (webpack-internal:///(app-pages-browser)/./node_modules/@react-three/fiber/dist/events-5a94e5eb.esm.js:11258:29)
    at rt (webpack-internal:///(app-pages-browser)/./node_modules/@react-three/fiber/dist/events-5a94e5eb.esm.js:11634:73)
    at yn (webpack-internal:///(app-pages-browser)/./node_modules/@react-three/fiber/dist/events-5a94e5eb.esm.js:11326:25)
    at rt (webpack-internal:///(app-pages-browser)/./node_modules/@react-three/fiber/dist/events-5a94e5eb.esm.js:11634:73)
    at yn (webpack-internal:///(app-pages-browser)/./node_modules/@react-three/fiber/dist/events-5a94e5eb.esm.js:11326:25)
    at rt (webpack-internal:///(app-pages-browser)/./node_modules/@react-three/fiber/dist/events-5a94e5eb.esm.js:11634:73)
    at yn (webpack-internal:///(app-pages-browser)/./node_modules/@react-three/fiber/dist/events-5a94e5eb.esm.js:11326:25)
    at rt (webpack-internal:///(app-pages-browser)/./node_modules/@react-three/fiber/dist/events-5a94e5eb.esm.js:11634:73)
    at yn (webpack-internal:///(app-pages-browser)/./node_modules/@react-three/fiber/dist/events-5a94e5eb.esm.js:11326:25)
    at rt (webpack-internal:///(app-pages-browser)/./node_modules/@react-three/fiber/dist/events-5a94e5eb.esm.js:11634:73)
    at yn (webpack-internal:///(app-pages-browser)/./node_modules/@react-three/fiber/dist/events-5a94e5eb.esm.js:11326:25)
    at rt (webpack-internal:///(app-pages-browser)/./node_modules/@react-three/fiber/dist/events-5a94e5eb.esm.js:11634:73)
    at yn (webpack-internal:///(app-pages-browser)/./node_modules/@react-three/fiber/dist/events-5a94e5eb.esm.js:11326:25)
    at rt (webpack-internal:///(app-pages-browser)/./node_modules/@react-three/fiber/dist/events-5a94e5eb.esm.js:11634:73)
    at yn (webpack-internal:///(app-pages-browser)/./node_modules/@react-three/fiber/dist/events-5a94e5eb.esm.js:11326:25)
    at rt (webpack-internal:///(app-pages-browser)/./node_modules/@react-three/fiber/dist/events-5a94e5eb.esm.js:11634:73)
    at yn (webpack-internal:///(app-pages-browser)/./node_modules/@react-three/fiber/dist/events-5a94e5eb.esm.js:11326:25)
    at rt (webpack-internal:///(app-pages-browser)/./node_modules/@react-three/fiber/dist/events-5a94e5eb.esm.js:11634:73)
    at yn (webpack-internal:///(app-pages-browser)/./node_modules/@react-three/fiber/dist/events-5a94e5eb.esm.js:11326:25)
    at rt (webpack-internal:///(app-pages-browser)/./node_modules/@react-three/fiber/dist/events-5a94e5eb.esm.js:11634:73)
    at yn (webpack-internal:///(app-pages-browser)/./node_modules/@react-three/fiber/dist/events-5a94e5eb.esm.js:11326:25)
    at rt (webpack-internal:///(app-pages-browser)/./node_modules/@react-three/fiber/dist/events-5a94e5eb.esm.js:11634:73)
    at yn (webpack-internal:///(app-pages-browser)/./node_modules/@react-three/fiber/dist/events-5a94e5eb.esm.js:11326:25)
    at rt (webpack-internal:///(app-pages-browser)/./node_modules/@react-three/fiber/dist/events-5a94e5eb.esm.js:11634:73)
    at yn (webpack-internal:///(app-pages-browser)/./node_modules/@react-three/fiber/dist/events-5a94e5eb.esm.js:11326:25)
    at rt (webpack-internal:///(app-pages-browser)/./node_modules/@react-three/fiber/dist/events-5a94e5eb.esm.js:11634:73)
    at yn (webpack-internal:///(app-pages-browser)/./node_modules/@react-three/fiber/dist/events-5a94e5eb.esm.js:11326:25)
    at rt (webpack-internal:///(app-pages-browser)/./node_modules/@react-three/fiber/dist/events-5a94e5eb.esm.js:11634:73)
    at yn (webpack-internal:///(app-pages-browser)/./node_modules/@react-three/fiber/dist/events-5a94e5eb.esm.js:11258:29)
    at rt (webpack-internal:///(app-pages-browser)/./node_modules/@react-three/fiber/dist/events-5a94e5eb.esm.js:11634:73)
    at yn (webpack-internal:///(app-pages-browser)/./node_modules/@react-three/fiber/dist/events-5a94e5eb.esm.js:11255:25)
    at rt (webpack-internal:///(app-pages-browser)/./node_modules/@react-three/fiber/dist/events-5a94e5eb.esm.js:11634:73)
    at yn (webpack-internal:///(app-pages-browser)/./node_modules/@react-three/fiber/dist/events-5a94e5eb.esm.js:11255:25)
    at rt (webpack-internal:///(app-pages-browser)/./node_modules/@react-three/fiber/dist/events-5a94e5eb.esm.js:11634:73)
[   32091ms] [LOG] THREE.WebGLRenderer: Context Lost. @ webpack-internal:///(app-pages-browser)/./node_modules/next/dist/next-devtools/shared/forward-logs-shared.js:27
[   32175ms] [WARNING] [Fast Refresh] performing full reload because your application had an unrecoverable error @ webpack-internal:///(app-pages-browser)/./node_modules/next/dist/next-devtools/shared/forward-logs-shared.js:27
[   36764ms] [INFO] %cDownload the React DevTools for a better development experience: https://react.dev/link/react-devtools font-weight:bold @ webpack-internal:///(app-pages-browser)/./node_modules/next/dist/next-devtools/shared/forward-logs-shared.js:27
[   37070ms] [LOG] [HMR] connected @ webpack-internal:///(app-pages-browser)/./node_modules/next/dist/next-devtools/shared/forward-logs-shared.js:27
[   37150ms] Error: Internal Next.js error: Router action dispatched before initialization.
    at dispatchAppRouterAction (webpack-internal:///(app-pages-browser)/./node_modules/next/dist/client/components/use-action-queue.js:50:37)
    at eval (webpack-internal:///(app-pages-browser)/./node_modules/next/dist/client/components/app-router-instance.js:329:61)
    at startTransition (webpack-internal:///(app-pages-browser)/./node_modules/next/dist/compiled/react/cjs/react.development.js:556:27)
    at Object.hmrRefresh (webpack-internal:///(app-pages-browser)/./node_modules/next/dist/client/components/app-router-instance.js:328:40)
    at eval (webpack-internal:///(app-pages-browser)/./node_modules/next/dist/client/dev/hot-reloader/app/hot-reloader-app.js:300:64)
    at startTransition (webpack-internal:///(app-pages-browser)/./node_modules/next/dist/compiled/react/cjs/react.development.js:556:27)
    at processMessage (webpack-internal:///(app-pages-browser)/./node_modules/next/dist/client/dev/hot-reloader/app/hot-reloader-app.js:299:44)
    at WebSocket.handleMessage (webpack-internal:///(app-pages-browser)/./node_modules/next/dist/client/dev/hot-reloader/app/web-socket.js:91:52)
[   37122ms] [LOG] [Fast Refresh] rebuilding @ webpack-internal:///(app-pages-browser)/./node_modules/next/dist/next-devtools/shared/forward-logs-shared.js:27
[   37399ms] [WARNING] Please ensure that the container has a non-static position, like 'relative', 'fixed', or 'absolute' to ensure scroll offset is calculated correctly. @ webpack-internal:///(app-pages-browser)/./node_modules/next/dist/next-devtools/shared/forward-logs-shared.js:27
[   38505ms] [LOG] [Fast Refresh] done in 1383ms @ webpack-internal:///(app-pages-browser)/./node_modules/next/dist/next-devtools/shared/forward-logs-shared.js:27
[   38505ms] [LOG] [Fast Refresh] rebuilding @ webpack-internal:///(app-pages-browser)/./node_modules/next/dist/next-devtools/shared/forward-logs-shared.js:27
[   38510ms] [LOG] [Fast Refresh] done in 5ms @ webpack-internal:///(app-pages-browser)/./node_modules/next/dist/next-devtools/shared/forward-logs-shared.js:27
[   38511ms] [LOG] [Fast Refresh] rebuilding @ webpack-internal:///(app-pages-browser)/./node_modules/next/dist/next-devtools/shared/forward-logs-shared.js:27
[   38639ms] [WARNING] THREE.THREE.Clock: This module has been deprecated. Please use THREE.Timer instead. @ webpack-internal:///(app-pages-browser)/./node_modules/next/dist/next-devtools/shared/forward-logs-shared.js:27
[   39428ms] [LOG] [Fast Refresh] done in 917ms @ webpack-internal:///(app-pages-browser)/./node_modules/next/dist/next-devtools/shared/forward-logs-shared.js:27
[   39436ms] [LOG] [Fast Refresh] rebuilding @ webpack-internal:///(app-pages-browser)/./node_modules/next/dist/next-devtools/shared/forward-logs-shared.js:27
[   39747ms] TypeError: Cannot read properties of null (reading 'alpha')
    at EffectComposer.addPass (webpack-internal:///(app-pages-browser)/./node_modules/postprocessing/build/index.js:1194:67)
    at eval (webpack-internal:///(app-pages-browser)/./node_modules/@react-three/postprocessing/dist/index.js:165:34)
    at Object.react_stack_bottom_frame (webpack-internal:///(app-pages-browser)/./node_modules/@react-three/fiber/dist/events-5a94e5eb.esm.js:13273:44)
    at B (webpack-internal:///(app-pages-browser)/./node_modules/@react-three/fiber/dist/events-5a94e5eb.esm.js:7908:105)
    at ca (webpack-internal:///(app-pages-browser)/./node_modules/@react-three/fiber/dist/events-5a94e5eb.esm.js:10978:101)
    at Pf (webpack-internal:///(app-pages-browser)/./node_modules/@react-three/fiber/dist/events-5a94e5eb.esm.js:10966:32)
    at yn (webpack-internal:///(app-pages-browser)/./node_modules/@react-three/fiber/dist/events-5a94e5eb.esm.js:11255:44)
    at rt (webpack-internal:///(app-pages-browser)/./node_modules/@react-three/fiber/dist/events-5a94e5eb.esm.js:11634:73)
    at yn (webpack-internal:///(app-pages-browser)/./node_modules/@react-three/fiber/dist/events-5a94e5eb.esm.js:11326:25)
    at rt (webpack-internal:///(app-pages-browser)/./node_modules/@react-three/fiber/dist/events-5a94e5eb.esm.js:11634:73)
    at yn (webpack-internal:///(app-pages-browser)/./node_modules/@react-three/fiber/dist/events-5a94e5eb.esm.js:11255:25)
    at rt (webpack-internal:///(app-pages-browser)/./node_modules/@react-three/fiber/dist/events-5a94e5eb.esm.js:11634:73)
    at yn (webpack-internal:///(app-pages-browser)/./node_modules/@react-three/fiber/dist/events-5a94e5eb.esm.js:11320:168)
    at rt (webpack-internal:///(app-pages-browser)/./node_modules/@react-three/fiber/dist/events-5a94e5eb.esm.js:11634:73)
    at yn (webpack-internal:///(app-pages-browser)/./node_modules/@react-three/fiber/dist/events-5a94e5eb.esm.js:11314:25)
    at rt (webpack-internal:///(app-pages-browser)/./node_modules/@react-three/fiber/dist/events-5a94e5eb.esm.js:11634:73)
    at yn (webpack-internal:///(app-pages-browser)/./node_modules/@react-three/fiber/dist/events-5a94e5eb.esm.js:11258:29)
    at rt (webpack-internal:///(app-pages-browser)/./node_modules/@react-three/fiber/dist/events-5a94e5eb.esm.js:11634:73)
    at yn (webpack-internal:///(app-pages-browser)/./node_modules/@react-three/fiber/dist/events-5a94e5eb.esm.js:11326:25)
    at rt (webpack-internal:///(app-pages-browser)/./node_modules/@react-three/fiber/dist/events-5a94e5eb.esm.js:11634:73)
    at yn (webpack-internal:///(app-pages-browser)/./node_modules/@react-three/fiber/dist/events-5a94e5eb.esm.js:11326:25)
    at rt (webpack-internal:///(app-pages-browser)/./node_modules/@react-three/fiber/dist/events-5a94e5eb.esm.js:11634:73)
    at yn (webpack-internal:///(app-pages-browser)/./node_modules/@react-three/fiber/dist/events-5a94e5eb.esm.js:11326:25)
    at rt (webpack-internal:///(app-pages-browser)/./node_modules/@react-three/fiber/dist/events-5a94e5eb.esm.js:11634:73)
    at yn (webpack-internal:///(app-pages-browser)/./node_modules/@react-three/fiber/dist/events-5a94e5eb.esm.js:11326:25)
    at rt (webpack-internal:///(app-pages-browser)/./node_modules/@react-three/fiber/dist/events-5a94e5eb.esm.js:11634:73)
    at yn (webpack-internal:///(app-pages-browser)/./node_modules/@react-three/fiber/dist/events-5a94e5eb.esm.js:11326:25)
    at rt (webpack-internal:///(app-pages-browser)/./node_modules/@react-three/fiber/dist/events-5a94e5eb.esm.js:11634:73)
    at yn (webpack-internal:///(app-pages-browser)/./node_modules/@react-three/fiber/dist/events-5a94e5eb.esm.js:11326:25)
    at rt (webpack-internal:///(app-pages-browser)/./node_modules/@react-three/fiber/dist/events-5a94e5eb.esm.js:11634:73)
    at yn (webpack-internal:///(app-pages-browser)/./node_modules/@react-three/fiber/dist/events-5a94e5eb.esm.js:11326:25)
    at rt (webpack-internal:///(app-pages-browser)/./node_modules/@react-three/fiber/dist/events-5a94e5eb.esm.js:11634:73)
    at yn (webpack-internal:///(app-pages-browser)/./node_modules/@react-three/fiber/dist/events-5a94e5eb.esm.js:11326:25)
    at rt (webpack-internal:///(app-pages-browser)/./node_modules/@react-three/fiber/dist/events-5a94e5eb.esm.js:11634:73)
    at yn (webpack-internal:///(app-pages-browser)/./node_modules/@react-three/fiber/dist/events-5a94e5eb.esm.js:11326:25)
    at rt (webpack-internal:///(app-pages-browser)/./node_modules/@react-three/fiber/dist/events-5a94e5eb.esm.js:11634:73)
    at yn (webpack-internal:///(app-pages-browser)/./node_modules/@react-three/fiber/dist/events-5a94e5eb.esm.js:11326:25)
    at rt (webpack-internal:///(app-pages-browser)/./node_modules/@react-three/fiber/dist/events-5a94e5eb.esm.js:11634:73)
    at yn (webpack-internal:///(app-pages-browser)/./node_modules/@react-three/fiber/dist/events-5a94e5eb.esm.js:11326:25)
    at rt (webpack-internal:///(app-pages-browser)/./node_modules/@react-three/fiber/dist/events-5a94e5eb.esm.js:11634:73)
    at yn (webpack-internal:///(app-pages-browser)/./node_modules/@react-three/fiber/dist/events-5a94e5eb.esm.js:11326:25)
    at rt (webpack-internal:///(app-pages-browser)/./node_modules/@react-three/fiber/dist/events-5a94e5eb.esm.js:11634:73)
    at yn (webpack-internal:///(app-pages-browser)/./node_modules/@react-three/fiber/dist/events-5a94e5eb.esm.js:11326:25)
    at rt (webpack-internal:///(app-pages-browser)/./node_modules/@react-three/fiber/dist/events-5a94e5eb.esm.js:11634:73)
    at yn (webpack-internal:///(app-pages-browser)/./node_modules/@react-three/fiber/dist/events-5a94e5eb.esm.js:11258:29)
    at rt (webpack-internal:///(app-pages-browser)/./node_modules/@react-three/fiber/dist/events-5a94e5eb.esm.js:11634:73)
    at yn (webpack-internal:///(app-pages-browser)/./node_modules/@react-three/fiber/dist/events-5a94e5eb.esm.js:11255:25)
    at rt (webpack-internal:///(app-pages-browser)/./node_modules/@react-three/fiber/dist/events-5a94e5eb.esm.js:11634:73)
    at yn (webpack-internal:///(app-pages-browser)/./node_modules/@react-three/fiber/dist/events-5a94e5eb.esm.js:11255:25)
    at rt (webpack-internal:///(app-pages-browser)/./node_modules/@react-three/fiber/dist/events-5a94e5eb.esm.js:11634:73)
[   39746ms] [LOG] THREE.WebGLRenderer: Context Lost. @ webpack-internal:///(app-pages-browser)/./node_modules/next/dist/next-devtools/shared/forward-logs-shared.js:27
[   39783ms] [WARNING] [Fast Refresh] performing full reload because your application had an unrecoverable error @ webpack-internal:///(app-pages-browser)/./node_modules/next/dist/next-devtools/shared/forward-logs-shared.js:27
[   42911ms] [INFO] %cDownload the React DevTools for a better development experience: https://react.dev/link/react-devtools font-weight:bold @ webpack-internal:///(app-pages-browser)/./node_modules/next/dist/next-devtools/shared/forward-logs-shared.js:27
[   43184ms] [LOG] [HMR] connected @ webpack-internal:///(app-pages-browser)/./node_modules/next/dist/next-devtools/shared/forward-logs-shared.js:27
[   43421ms] [LOG] [Fast Refresh] rebuilding @ webpack-internal:///(app-pages-browser)/./node_modules/next/dist/next-devtools/shared/forward-logs-shared.js:27
[   43458ms] [WARNING] Please ensure that the container has a non-static position, like 'relative', 'fixed', or 'absolute' to ensure scroll offset is calculated correctly. @ webpack-internal:///(app-pages-browser)/./node_modules/next/dist/next-devtools/shared/forward-logs-shared.js:27
[   45108ms] [WARNING] THREE.THREE.Clock: This module has been deprecated. Please use THREE.Timer instead. @ webpack-internal:///(app-pages-browser)/./node_modules/next/dist/next-devtools/shared/forward-logs-shared.js:27
[   46202ms] TypeError: Cannot read properties of null (reading 'alpha')
    at EffectComposer.addPass (webpack-internal:///(app-pages-browser)/./node_modules/postprocessing/build/index.js:1194:67)
    at eval (webpack-internal:///(app-pages-browser)/./node_modules/@react-three/postprocessing/dist/index.js:165:34)
    at Object.react_stack_bottom_frame (webpack-internal:///(app-pages-browser)/./node_modules/@react-three/fiber/dist/events-5a94e5eb.esm.js:13273:44)
    at B (webpack-internal:///(app-pages-browser)/./node_modules/@react-three/fiber/dist/events-5a94e5eb.esm.js:7908:105)
    at ca (webpack-internal:///(app-pages-browser)/./node_modules/@react-three/fiber/dist/events-5a94e5eb.esm.js:10978:101)
    at Pf (webpack-internal:///(app-pages-browser)/./node_modules/@react-three/fiber/dist/events-5a94e5eb.esm.js:10966:32)
    at yn (webpack-internal:///(app-pages-browser)/./node_modules/@react-three/fiber/dist/events-5a94e5eb.esm.js:11255:44)
    at rt (webpack-internal:///(app-pages-browser)/./node_modules/@react-three/fiber/dist/events-5a94e5eb.esm.js:11634:73)
    at yn (webpack-internal:///(app-pages-browser)/./node_modules/@react-three/fiber/dist/events-5a94e5eb.esm.js:11326:25)
    at rt (webpack-internal:///(app-pages-browser)/./node_modules/@react-three/fiber/dist/events-5a94e5eb.esm.js:11634:73)
    at yn (webpack-internal:///(app-pages-browser)/./node_modules/@react-three/fiber/dist/events-5a94e5eb.esm.js:11255:25)
    at rt (webpack-internal:///(app-pages-browser)/./node_modules/@react-three/fiber/dist/events-5a94e5eb.esm.js:11634:73)
    at yn (webpack-internal:///(app-pages-browser)/./node_modules/@react-three/fiber/dist/events-5a94e5eb.esm.js:11320:168)
    at rt (webpack-internal:///(app-pages-browser)/./node_modules/@react-three/fiber/dist/events-5a94e5eb.esm.js:11634:73)
    at yn (webpack-internal:///(app-pages-browser)/./node_modules/@react-three/fiber/dist/events-5a94e5eb.esm.js:11314:25)
    at rt (webpack-internal:///(app-pages-browser)/./node_modules/@react-three/fiber/dist/events-5a94e5eb.esm.js:11634:73)
    at yn (webpack-internal:///(app-pages-browser)/./node_modules/@react-three/fiber/dist/events-5a94e5eb.esm.js:11258:29)
    at rt (webpack-internal:///(app-pages-browser)/./node_modules/@react-three/fiber/dist/events-5a94e5eb.esm.js:11634:73)
    at yn (webpack-internal:///(app-pages-browser)/./node_modules/@react-three/fiber/dist/events-5a94e5eb.esm.js:11326:25)
    at rt (webpack-internal:///(app-pages-browser)/./node_modules/@react-three/fiber/dist/events-5a94e5eb.esm.js:11634:73)
    at yn (webpack-internal:///(app-pages-browser)/./node_modules/@react-three/fiber/dist/events-5a94e5eb.esm.js:11326:25)
    at rt (webpack-internal:///(app-pages-browser)/./node_modules/@react-three/fiber/dist/events-5a94e5eb.esm.js:11634:73)
    at yn (webpack-internal:///(app-pages-browser)/./node_modules/@react-three/fiber/dist/events-5a94e5eb.esm.js:11326:25)
    at rt (webpack-internal:///(app-pages-browser)/./node_modules/@react-three/fiber/dist/events-5a94e5eb.esm.js:11634:73)
    at yn (webpack-internal:///(app-pages-browser)/./node_modules/@react-three/fiber/dist/events-5a94e5eb.esm.js:11326:25)
    at rt (webpack-internal:///(app-pages-browser)/./node_modules/@react-three/fiber/dist/events-5a94e5eb.esm.js:11634:73)
    at yn (webpack-internal:///(app-pages-browser)/./node_modules/@react-three/fiber/dist/events-5a94e5eb.esm.js:11326:25)
    at rt (webpack-internal:///(app-pages-browser)/./node_modules/@react-three/fiber/dist/events-5a94e5eb.esm.js:11634:73)
    at yn (webpack-internal:///(app-pages-browser)/./node_modules/@react-three/fiber/dist/events-5a94e5eb.esm.js:11326:25)
    at rt (webpack-internal:///(app-pages-browser)/./node_modules/@react-three/fiber/dist/events-5a94e5eb.esm.js:11634:73)
    at yn (webpack-internal:///(app-pages-browser)/./node_modules/@react-three/fiber/dist/events-5a94e5eb.esm.js:11326:25)
    at rt (webpack-internal:///(app-pages-browser)/./node_modules/@react-three/fiber/dist/events-5a94e5eb.esm.js:11634:73)
    at yn (webpack-internal:///(app-pages-browser)/./node_modules/@react-three/fiber/dist/events-5a94e5eb.esm.js:11326:25)
    at rt (webpack-internal:///(app-pages-browser)/./node_modules/@react-three/fiber/dist/events-5a94e5eb.esm.js:11634:73)
    at yn (webpack-internal:///(app-pages-browser)/./node_modules/@react-three/fiber/dist/events-5a94e5eb.esm.js:11326:25)
    at rt (webpack-internal:///(app-pages-browser)/./node_modules/@react-three/fiber/dist/events-5a94e5eb.esm.js:11634:73)
    at yn (webpack-internal:///(app-pages-browser)/./node_modules/@react-three/fiber/dist/events-5a94e5eb.esm.js:11326:25)
    at rt (webpack-internal:///(app-pages-browser)/./node_modules/@react-three/fiber/dist/events-5a94e5eb.esm.js:11634:73)
    at yn (webpack-internal:///(app-pages-browser)/./node_modules/@react-three/fiber/dist/events-5a94e5eb.esm.js:11326:25)
    at rt (webpack-internal:///(app-pages-browser)/./node_modules/@react-three/fiber/dist/events-5a94e5eb.esm.js:11634:73)
    at yn (webpack-internal:///(app-pages-browser)/./node_modules/@react-three/fiber/dist/events-5a94e5eb.esm.js:11326:25)
    at rt (webpack-internal:///(app-pages-browser)/./node_modules/@react-three/fiber/dist/events-5a94e5eb.esm.js:11634:73)
    at yn (webpack-internal:///(app-pages-browser)/./node_modules/@react-three/fiber/dist/events-5a94e5eb.esm.js:11326:25)
    at rt (webpack-internal:///(app-pages-browser)/./node_modules/@react-three/fiber/dist/events-5a94e5eb.esm.js:11634:73)
    at yn (webpack-internal:///(app-pages-browser)/./node_modules/@react-three/fiber/dist/events-5a94e5eb.esm.js:11258:29)
    at rt (webpack-internal:///(app-pages-browser)/./node_modules/@react-three/fiber/dist/events-5a94e5eb.esm.js:11634:73)
    at yn (webpack-internal:///(app-pages-browser)/./node_modules/@react-three/fiber/dist/events-5a94e5eb.esm.js:11255:25)
    at rt (webpack-internal:///(app-pages-browser)/./node_modules/@react-three/fiber/dist/events-5a94e5eb.esm.js:11634:73)
    at yn (webpack-internal:///(app-pages-browser)/./node_modules/@react-three/fiber/dist/events-5a94e5eb.esm.js:11255:25)
    at rt (webpack-internal:///(app-pages-browser)/./node_modules/@react-three/fiber/dist/events-5a94e5eb.esm.js:11634:73)
[   46195ms] [LOG] THREE.WebGLRenderer: Context Lost. @ webpack-internal:///(app-pages-browser)/./node_modules/next/dist/next-devtools/shared/forward-logs-shared.js:27
[   46237ms] TypeError: Cannot read properties of null (reading 'alpha')
    at EffectComposer.addPass (webpack-internal:///(app-pages-browser)/./node_modules/postprocessing/build/index.js:1194:67)
    at eval (webpack-internal:///(app-pages-browser)/./node_modules/@react-three/postprocessing/dist/index.js:165:34)
    at Object.react_stack_bottom_frame (webpack-internal:///(app-pages-browser)/./node_modules/@react-three/fiber/dist/events-5a94e5eb.esm.js:13273:44)
    at B (webpack-internal:///(app-pages-browser)/./node_modules/@react-three/fiber/dist/events-5a94e5eb.esm.js:7908:105)
    at ca (webpack-internal:///(app-pages-browser)/./node_modules/@react-three/fiber/dist/events-5a94e5eb.esm.js:10978:101)
    at Pf (webpack-internal:///(app-pages-browser)/./node_modules/@react-three/fiber/dist/events-5a94e5eb.esm.js:10966:32)
    at yn (webpack-internal:///(app-pages-browser)/./node_modules/@react-three/fiber/dist/events-5a94e5eb.esm.js:11255:44)
    at rt (webpack-internal:///(app-pages-browser)/./node_modules/@react-three/fiber/dist/events-5a94e5eb.esm.js:11634:73)
    at yn (webpack-internal:///(app-pages-browser)/./node_modules/@react-three/fiber/dist/events-5a94e5eb.esm.js:11326:25)
    at rt (webpack-internal:///(app-pages-browser)/./node_modules/@react-three/fiber/dist/events-5a94e5eb.esm.js:11634:73)
    at yn (webpack-internal:///(app-pages-browser)/./node_modules/@react-three/fiber/dist/events-5a94e5eb.esm.js:11255:25)
    at rt (webpack-internal:///(app-pages-browser)/./node_modules/@react-three/fiber/dist/events-5a94e5eb.esm.js:11634:73)
    at yn (webpack-internal:///(app-pages-browser)/./node_modules/@react-three/fiber/dist/events-5a94e5eb.esm.js:11320:168)
    at rt (webpack-internal:///(app-pages-browser)/./node_modules/@react-three/fiber/dist/events-5a94e5eb.esm.js:11634:73)
    at yn (webpack-internal:///(app-pages-browser)/./node_modules/@react-three/fiber/dist/events-5a94e5eb.esm.js:11314:25)
    at rt (webpack-internal:///(app-pages-browser)/./node_modules/@react-three/fiber/dist/events-5a94e5eb.esm.js:11634:73)
    at yn (webpack-internal:///(app-pages-browser)/./node_modules/@react-three/fiber/dist/events-5a94e5eb.esm.js:11258:29)
    at rt (webpack-internal:///(app-pages-browser)/./node_modules/@react-three/fiber/dist/events-5a94e5eb.esm.js:11634:73)
    at yn (webpack-internal:///(app-pages-browser)/./node_modules/@react-three/fiber/dist/events-5a94e5eb.esm.js:11326:25)
    at rt (webpack-internal:///(app-pages-browser)/./node_modules/@react-three/fiber/dist/events-5a94e5eb.esm.js:11634:73)
    at yn (webpack-internal:///(app-pages-browser)/./node_modules/@react-three/fiber/dist/events-5a94e5eb.esm.js:11326:25)
    at rt (webpack-internal:///(app-pages-browser)/./node_modules/@react-three/fiber/dist/events-5a94e5eb.esm.js:11634:73)
    at yn (webpack-internal:///(app-pages-browser)/./node_modules/@react-three/fiber/dist/events-5a94e5eb.esm.js:11326:25)
    at rt (webpack-internal:///(app-pages-browser)/./node_modules/@react-three/fiber/dist/events-5a94e5eb.esm.js:11634:73)
    at yn (webpack-internal:///(app-pages-browser)/./node_modules/@react-three/fiber/dist/events-5a94e5eb.esm.js:11326:25)
    at rt (webpack-internal:///(app-pages-browser)/./node_modules/@react-three/fiber/dist/events-5a94e5eb.esm.js:11634:73)
    at yn (webpack-internal:///(app-pages-browser)/./node_modules/@react-three/fiber/dist/events-5a94e5eb.esm.js:11326:25)
    at rt (webpack-internal:///(app-pages-browser)/./node_modules/@react-three/fiber/dist/events-5a94e5eb.esm.js:11634:73)
    at yn (webpack-internal:///(app-pages-browser)/./node_modules/@react-three/fiber/dist/events-5a94e5eb.esm.js:11326:25)
    at rt (webpack-internal:///(app-pages-browser)/./node_modules/@react-three/fiber/dist/events-5a94e5eb.esm.js:11634:73)
    at yn (webpack-internal:///(app-pages-browser)/./node_modules/@react-three/fiber/dist/events-5a94e5eb.esm.js:11326:25)
    at rt (webpack-internal:///(app-pages-browser)/./node_modules/@react-three/fiber/dist/events-5a94e5eb.esm.js:11634:73)
    at yn (webpack-internal:///(app-pages-browser)/./node_modules/@react-three/fiber/dist/events-5a94e5eb.esm.js:11326:25)
    at rt (webpack-internal:///(app-pages-browser)/./node_modules/@react-three/fiber/dist/events-5a94e5eb.esm.js:11634:73)
    at yn (webpack-internal:///(app-pages-browser)/./node_modules/@react-three/fiber/dist/events-5a94e5eb.esm.js:11326:25)
    at rt (webpack-internal:///(app-pages-browser)/./node_modules/@react-three/fiber/dist/events-5a94e5eb.esm.js:11634:73)
    at yn (webpack-internal:///(app-pages-browser)/./node_modules/@react-three/fiber/dist/events-5a94e5eb.esm.js:11326:25)
    at rt (webpack-internal:///(app-pages-browser)/./node_modules/@react-three/fiber/dist/events-5a94e5eb.esm.js:11634:73)
    at yn (webpack-internal:///(app-pages-browser)/./node_modules/@react-three/fiber/dist/events-5a94e5eb.esm.js:11326:25)
    at rt (webpack-internal:///(app-pages-browser)/./node_modules/@react-three/fiber/dist/events-5a94e5eb.esm.js:11634:73)
    at yn (webpack-internal:///(app-pages-browser)/./node_modules/@react-three/fiber/dist/events-5a94e5eb.esm.js:11326:25)
    at rt (webpack-internal:///(app-pages-browser)/./node_modules/@react-three/fiber/dist/events-5a94e5eb.esm.js:11634:73)
    at yn (webpack-internal:///(app-pages-browser)/./node_modules/@react-three/fiber/dist/events-5a94e5eb.esm.js:11326:25)
    at rt (webpack-internal:///(app-pages-browser)/./node_modules/@react-three/fiber/dist/events-5a94e5eb.esm.js:11634:73)
    at yn (webpack-internal:///(app-pages-browser)/./node_modules/@react-three/fiber/dist/events-5a94e5eb.esm.js:11258:29)
    at rt (webpack-internal:///(app-pages-browser)/./node_modules/@react-three/fiber/dist/events-5a94e5eb.esm.js:11634:73)
    at yn (webpack-internal:///(app-pages-browser)/./node_modules/@react-three/fiber/dist/events-5a94e5eb.esm.js:11255:25)
    at rt (webpack-internal:///(app-pages-browser)/./node_modules/@react-three/fiber/dist/events-5a94e5eb.esm.js:11634:73)
    at yn (webpack-internal:///(app-pages-browser)/./node_modules/@react-three/fiber/dist/events-5a94e5eb.esm.js:11255:25)
    at rt (webpack-internal:///(app-pages-browser)/./node_modules/@react-three/fiber/dist/events-5a94e5eb.esm.js:11634:73)
[   46353ms] [LOG] [Fast Refresh] rebuilding @ webpack-internal:///(app-pages-browser)/./node_modules/next/dist/next-devtools/shared/forward-logs-shared.js:27
[   47248ms] [WARNING] [Fast Refresh] performing full reload because your application had an unrecoverable error @ webpack-internal:///(app-pages-browser)/./node_modules/next/dist/next-devtools/shared/forward-logs-shared.js:27
[   51490ms] [INFO] %cDownload the React DevTools for a better development experience: https://react.dev/link/react-devtools font-weight:bold @ webpack-internal:///(app-pages-browser)/./node_modules/next/dist/next-devtools/shared/forward-logs-shared.js:27
[   51778ms] [LOG] [HMR] connected @ webpack-internal:///(app-pages-browser)/./node_modules/next/dist/next-devtools/shared/forward-logs-shared.js:27
[   51925ms] [LOG] [Fast Refresh] rebuilding @ webpack-internal:///(app-pages-browser)/./node_modules/next/dist/next-devtools/shared/forward-logs-shared.js:27
[   52092ms] [WARNING] Please ensure that the container has a non-static position, like 'relative', 'fixed', or 'absolute' to ensure scroll offset is calculated correctly. @ webpack-internal:///(app-pages-browser)/./node_modules/next/dist/next-devtools/shared/forward-logs-shared.js:27
[   53025ms] [LOG] [Fast Refresh] rebuilding @ webpack-internal:///(app-pages-browser)/./node_modules/next/dist/next-devtools/shared/forward-logs-shared.js:27
[   53031ms] [LOG] [Fast Refresh] done in 5ms @ webpack-internal:///(app-pages-browser)/./node_modules/next/dist/next-devtools/shared/forward-logs-shared.js:27
[   53178ms] [WARNING] THREE.THREE.Clock: This module has been deprecated. Please use THREE.Timer instead. @ webpack-internal:///(app-pages-browser)/./node_modules/next/dist/next-devtools/shared/forward-logs-shared.js:27
[   53545ms] [LOG] [Fast Refresh] rebuilding @ webpack-internal:///(app-pages-browser)/./node_modules/next/dist/next-devtools/shared/forward-logs-shared.js:27
[   54187ms] [LOG] [Fast Refresh] done in 641ms @ webpack-internal:///(app-pages-browser)/./node_modules/next/dist/next-devtools/shared/forward-logs-shared.js:27
[   54187ms] [LOG] [Fast Refresh] rebuilding @ webpack-internal:///(app-pages-browser)/./node_modules/next/dist/next-devtools/shared/forward-logs-shared.js:27
[   54406ms] TypeError: Cannot read properties of null (reading 'alpha')
    at EffectComposer.addPass (webpack-internal:///(app-pages-browser)/./node_modules/postprocessing/build/index.js:1194:67)
    at eval (webpack-internal:///(app-pages-browser)/./node_modules/@react-three/postprocessing/dist/index.js:165:34)
    at Object.react_stack_bottom_frame (webpack-internal:///(app-pages-browser)/./node_modules/@react-three/fiber/dist/events-5a94e5eb.esm.js:13273:44)
    at B (webpack-internal:///(app-pages-browser)/./node_modules/@react-three/fiber/dist/events-5a94e5eb.esm.js:7908:105)
    at ca (webpack-internal:///(app-pages-browser)/./node_modules/@react-three/fiber/dist/events-5a94e5eb.esm.js:10978:101)
    at Pf (webpack-internal:///(app-pages-browser)/./node_modules/@react-three/fiber/dist/events-5a94e5eb.esm.js:10966:32)
    at yn (webpack-internal:///(app-pages-browser)/./node_modules/@react-three/fiber/dist/events-5a94e5eb.esm.js:11255:44)
    at rt (webpack-internal:///(app-pages-browser)/./node_modules/@react-three/fiber/dist/events-5a94e5eb.esm.js:11634:73)
    at yn (webpack-internal:///(app-pages-browser)/./node_modules/@react-three/fiber/dist/events-5a94e5eb.esm.js:11326:25)
    at rt (webpack-internal:///(app-pages-browser)/./node_modules/@react-three/fiber/dist/events-5a94e5eb.esm.js:11634:73)
    at yn (webpack-internal:///(app-pages-browser)/./node_modules/@react-three/fiber/dist/events-5a94e5eb.esm.js:11255:25)
    at rt (webpack-internal:///(app-pages-browser)/./node_modules/@react-three/fiber/dist/events-5a94e5eb.esm.js:11634:73)
    at yn (webpack-internal:///(app-pages-browser)/./node_modules/@react-three/fiber/dist/events-5a94e5eb.esm.js:11320:168)
    at rt (webpack-internal:///(app-pages-browser)/./node_modules/@react-three/fiber/dist/events-5a94e5eb.esm.js:11634:73)
    at yn (webpack-internal:///(app-pages-browser)/./node_modules/@react-three/fiber/dist/events-5a94e5eb.esm.js:11314:25)
    at rt (webpack-internal:///(app-pages-browser)/./node_modules/@react-three/fiber/dist/events-5a94e5eb.esm.js:11634:73)
    at yn (webpack-internal:///(app-pages-browser)/./node_modules/@react-three/fiber/dist/events-5a94e5eb.esm.js:11258:29)
    at rt (webpack-internal:///(app-pages-browser)/./node_modules/@react-three/fiber/dist/events-5a94e5eb.esm.js:11634:73)
    at yn (webpack-internal:///(app-pages-browser)/./node_modules/@react-three/fiber/dist/events-5a94e5eb.esm.js:11326:25)
    at rt (webpack-internal:///(app-pages-browser)/./node_modules/@react-three/fiber/dist/events-5a94e5eb.esm.js:11634:73)
    at yn (webpack-internal:///(app-pages-browser)/./node_modules/@react-three/fiber/dist/events-5a94e5eb.esm.js:11326:25)
    at rt (webpack-internal:///(app-pages-browser)/./node_modules/@react-three/fiber/dist/events-5a94e5eb.esm.js:11634:73)
    at yn (webpack-internal:///(app-pages-browser)/./node_modules/@react-three/fiber/dist/events-5a94e5eb.esm.js:11326:25)
    at rt (webpack-internal:///(app-pages-browser)/./node_modules/@react-three/fiber/dist/events-5a94e5eb.esm.js:11634:73)
    at yn (webpack-internal:///(app-pages-browser)/./node_modules/@react-three/fiber/dist/events-5a94e5eb.esm.js:11326:25)
    at rt (webpack-internal:///(app-pages-browser)/./node_modules/@react-three/fiber/dist/events-5a94e5eb.esm.js:11634:73)
    at yn (webpack-internal:///(app-pages-browser)/./node_modules/@react-three/fiber/dist/events-5a94e5eb.esm.js:11326:25)
    at rt (webpack-internal:///(app-pages-browser)/./node_modules/@react-three/fiber/dist/events-5a94e5eb.esm.js:11634:73)
    at yn (webpack-internal:///(app-pages-browser)/./node_modules/@react-three/fiber/dist/events-5a94e5eb.esm.js:11326:25)
    at rt (webpack-internal:///(app-pages-browser)/./node_modules/@react-three/fiber/dist/events-5a94e5eb.esm.js:11634:73)
    at yn (webpack-internal:///(app-pages-browser)/./node_modules/@react-three/fiber/dist/events-5a94e5eb.esm.js:11326:25)
    at rt (webpack-internal:///(app-pages-browser)/./node_modules/@react-three/fiber/dist/events-5a94e5eb.esm.js:11634:73)
    at yn (webpack-internal:///(app-pages-browser)/./node_modules/@react-three/fiber/dist/events-5a94e5eb.esm.js:11326:25)
    at rt (webpack-internal:///(app-pages-browser)/./node_modules/@react-three/fiber/dist/events-5a94e5eb.esm.js:11634:73)
    at yn (webpack-internal:///(app-pages-browser)/./node_modules/@react-three/fiber/dist/events-5a94e5eb.esm.js:11326:25)
    at rt (webpack-internal:///(app-pages-browser)/./node_modules/@react-three/fiber/dist/events-5a94e5eb.esm.js:11634:73)
    at yn (webpack-internal:///(app-pages-browser)/./node_modules/@react-three/fiber/dist/events-5a94e5eb.esm.js:11326:25)
    at rt (webpack-internal:///(app-pages-browser)/./node_modules/@react-three/fiber/dist/events-5a94e5eb.esm.js:11634:73)
    at yn (webpack-internal:///(app-pages-browser)/./node_modules/@react-three/fiber/dist/events-5a94e5eb.esm.js:11326:25)
    at rt (webpack-internal:///(app-pages-browser)/./node_modules/@react-three/fiber/dist/events-5a94e5eb.esm.js:11634:73)
    at yn (webpack-internal:///(app-pages-browser)/./node_modules/@react-three/fiber/dist/events-5a94e5eb.esm.js:11326:25)
    at rt (webpack-internal:///(app-pages-browser)/./node_modules/@react-three/fiber/dist/events-5a94e5eb.esm.js:11634:73)
    at yn (webpack-internal:///(app-pages-browser)/./node_modules/@react-three/fiber/dist/events-5a94e5eb.esm.js:11326:25)
    at rt (webpack-internal:///(app-pages-browser)/./node_modules/@react-three/fiber/dist/events-5a94e5eb.esm.js:11634:73)
    at yn (webpack-internal:///(app-pages-browser)/./node_modules/@react-three/fiber/dist/events-5a94e5eb.esm.js:11258:29)
    at rt (webpack-internal:///(app-pages-browser)/./node_modules/@react-three/fiber/dist/events-5a94e5eb.esm.js:11634:73)
    at yn (webpack-internal:///(app-pages-browser)/./node_modules/@react-three/fiber/dist/events-5a94e5eb.esm.js:11255:25)
    at rt (webpack-internal:///(app-pages-browser)/./node_modules/@react-three/fiber/dist/events-5a94e5eb.esm.js:11634:73)
    at yn (webpack-internal:///(app-pages-browser)/./node_modules/@react-three/fiber/dist/events-5a94e5eb.esm.js:11255:25)
    at rt (webpack-internal:///(app-pages-browser)/./node_modules/@react-three/fiber/dist/events-5a94e5eb.esm.js:11634:73)
[   54413ms] [LOG] THREE.WebGLRenderer: Context Lost. @ webpack-internal:///(app-pages-browser)/./node_modules/next/dist/next-devtools/shared/forward-logs-shared.js:27
[   54540ms] [WARNING] [Fast Refresh] performing full reload because your application had an unrecoverable error @ webpack-internal:///(app-pages-browser)/./node_modules/next/dist/next-devtools/shared/forward-logs-shared.js:27
[   59294ms] [INFO] %cDownload the React DevTools for a better development experience: https://react.dev/link/react-devtools font-weight:bold @ webpack-internal:///(app-pages-browser)/./node_modules/next/dist/next-devtools/shared/forward-logs-shared.js:27
[   59592ms] [LOG] [HMR] connected @ webpack-internal:///(app-pages-browser)/./node_modules/next/dist/next-devtools/shared/forward-logs-shared.js:27
[   59924ms] [WARNING] Please ensure that the container has a non-static position, like 'relative', 'fixed', or 'absolute' to ensure scroll offset is calculated correctly. @ webpack-internal:///(app-pages-browser)/./node_modules/next/dist/next-devtools/shared/forward-logs-shared.js:27
[   60970ms] [LOG] [Fast Refresh] rebuilding @ webpack-internal:///(app-pages-browser)/./node_modules/next/dist/next-devtools/shared/forward-logs-shared.js:27
[   60977ms] [LOG] [Fast Refresh] done in 6ms @ webpack-internal:///(app-pages-browser)/./node_modules/next/dist/next-devtools/shared/forward-logs-shared.js:27
[   60978ms] [LOG] [Fast Refresh] rebuilding @ webpack-internal:///(app-pages-browser)/./node_modules/next/dist/next-devtools/shared/forward-logs-shared.js:27
[   61088ms] [WARNING] THREE.THREE.Clock: This module has been deprecated. Please use THREE.Timer instead. @ webpack-internal:///(app-pages-browser)/./node_modules/next/dist/next-devtools/shared/forward-logs-shared.js:27
[   62080ms] [LOG] [Fast Refresh] done in 1102ms @ webpack-internal:///(app-pages-browser)/./node_modules/next/dist/next-devtools/shared/forward-logs-shared.js:27
[   62095ms] [LOG] [Fast Refresh] rebuilding @ webpack-internal:///(app-pages-browser)/./node_modules/next/dist/next-devtools/shared/forward-logs-shared.js:27
[   62344ms] TypeError: Cannot read properties of null (reading 'alpha')
    at EffectComposer.addPass (webpack-internal:///(app-pages-browser)/./node_modules/postprocessing/build/index.js:1194:67)
    at eval (webpack-internal:///(app-pages-browser)/./node_modules/@react-three/postprocessing/dist/index.js:165:34)
    at Object.react_stack_bottom_frame (webpack-internal:///(app-pages-browser)/./node_modules/@react-three/fiber/dist/events-5a94e5eb.esm.js:13273:44)
    at B (webpack-internal:///(app-pages-browser)/./node_modules/@react-three/fiber/dist/events-5a94e5eb.esm.js:7908:105)
    at ca (webpack-internal:///(app-pages-browser)/./node_modules/@react-three/fiber/dist/events-5a94e5eb.esm.js:10978:101)
    at Pf (webpack-internal:///(app-pages-browser)/./node_modules/@react-three/fiber/dist/events-5a94e5eb.esm.js:10966:32)
    at yn (webpack-internal:///(app-pages-browser)/./node_modules/@react-three/fiber/dist/events-5a94e5eb.esm.js:11255:44)
    at rt (webpack-internal:///(app-pages-browser)/./node_modules/@react-three/fiber/dist/events-5a94e5eb.esm.js:11634:73)
    at yn (webpack-internal:///(app-pages-browser)/./node_modules/@react-three/fiber/dist/events-5a94e5eb.esm.js:11326:25)
    at rt (webpack-internal:///(app-pages-browser)/./node_modules/@react-three/fiber/dist/events-5a94e5eb.esm.js:11634:73)
    at yn (webpack-internal:///(app-pages-browser)/./node_modules/@react-three/fiber/dist/events-5a94e5eb.esm.js:11255:25)
    at rt (webpack-internal:///(app-pages-browser)/./node_modules/@react-three/fiber/dist/events-5a94e5eb.esm.js:11634:73)
    at yn (webpack-internal:///(app-pages-browser)/./node_modules/@react-three/fiber/dist/events-5a94e5eb.esm.js:11320:168)
    at rt (webpack-internal:///(app-pages-browser)/./node_modules/@react-three/fiber/dist/events-5a94e5eb.esm.js:11634:73)
    at yn (webpack-internal:///(app-pages-browser)/./node_modules/@react-three/fiber/dist/events-5a94e5eb.esm.js:11314:25)
    at rt (webpack-internal:///(app-pages-browser)/./node_modules/@react-three/fiber/dist/events-5a94e5eb.esm.js:11634:73)
    at yn (webpack-internal:///(app-pages-browser)/./node_modules/@react-three/fiber/dist/events-5a94e5eb.esm.js:11258:29)
    at rt (webpack-internal:///(app-pages-browser)/./node_modules/@react-three/fiber/dist/events-5a94e5eb.esm.js:11634:73)
    at yn (webpack-internal:///(app-pages-browser)/./node_modules/@react-three/fiber/dist/events-5a94e5eb.esm.js:11326:25)
    at rt (webpack-internal:///(app-pages-browser)/./node_modules/@react-three/fiber/dist/events-5a94e5eb.esm.js:11634:73)
    at yn (webpack-internal:///(app-pages-browser)/./node_modules/@react-three/fiber/dist/events-5a94e5eb.esm.js:11326:25)
    at rt (webpack-internal:///(app-pages-browser)/./node_modules/@react-three/fiber/dist/events-5a94e5eb.esm.js:11634:73)
    at yn (webpack-internal:///(app-pages-browser)/./node_modules/@react-three/fiber/dist/events-5a94e5eb.esm.js:11326:25)
    at rt (webpack-internal:///(app-pages-browser)/./node_modules/@react-three/fiber/dist/events-5a94e5eb.esm.js:11634:73)
    at yn (webpack-internal:///(app-pages-browser)/./node_modules/@react-three/fiber/dist/events-5a94e5eb.esm.js:11326:25)
    at rt (webpack-internal:///(app-pages-browser)/./node_modules/@react-three/fiber/dist/events-5a94e5eb.esm.js:11634:73)
    at yn (webpack-internal:///(app-pages-browser)/./node_modules/@react-three/fiber/dist/events-5a94e5eb.esm.js:11326:25)
    at rt (webpack-internal:///(app-pages-browser)/./node_modules/@react-three/fiber/dist/events-5a94e5eb.esm.js:11634:73)
    at yn (webpack-internal:///(app-pages-browser)/./node_modules/@react-three/fiber/dist/events-5a94e5eb.esm.js:11326:25)
    at rt (webpack-internal:///(app-pages-browser)/./node_modules/@react-three/fiber/dist/events-5a94e5eb.esm.js:11634:73)
    at yn (webpack-internal:///(app-pages-browser)/./node_modules/@react-three/fiber/dist/events-5a94e5eb.esm.js:11326:25)
    at rt (webpack-internal:///(app-pages-browser)/./node_modules/@react-three/fiber/dist/events-5a94e5eb.esm.js:11634:73)
    at yn (webpack-internal:///(app-pages-browser)/./node_modules/@react-three/fiber/dist/events-5a94e5eb.esm.js:11326:25)
    at rt (webpack-internal:///(app-pages-browser)/./node_modules/@react-three/fiber/dist/events-5a94e5eb.esm.js:11634:73)
    at yn (webpack-internal:///(app-pages-browser)/./node_modules/@react-three/fiber/dist/events-5a94e5eb.esm.js:11326:25)
    at rt (webpack-internal:///(app-pages-browser)/./node_modules/@react-three/fiber/dist/events-5a94e5eb.esm.js:11634:73)
    at yn (webpack-internal:///(app-pages-browser)/./node_modules/@react-three/fiber/dist/events-5a94e5eb.esm.js:11326:25)
    at rt (webpack-internal:///(app-pages-browser)/./node_modules/@react-three/fiber/dist/events-5a94e5eb.esm.js:11634:73)
    at yn (webpack-internal:///(app-pages-browser)/./node_modules/@react-three/fiber/dist/events-5a94e5eb.esm.js:11326:25)
    at rt (webpack-internal:///(app-pages-browser)/./node_modules/@react-three/fiber/dist/events-5a94e5eb.esm.js:11634:73)
    at yn (webpack-internal:///(app-pages-browser)/./node_modules/@react-three/fiber/dist/events-5a94e5eb.esm.js:11326:25)
    at rt (webpack-internal:///(app-pages-browser)/./node_modules/@react-three/fiber/dist/events-5a94e5eb.esm.js:11634:73)
    at yn (webpack-internal:///(app-pages-browser)/./node_modules/@react-three/fiber/dist/events-5a94e5eb.esm.js:11326:25)
    at rt (webpack-internal:///(app-pages-browser)/./node_modules/@react-three/fiber/dist/events-5a94e5eb.esm.js:11634:73)
    at yn (webpack-internal:///(app-pages-browser)/./node_modules/@react-three/fiber/dist/events-5a94e5eb.esm.js:11258:29)
    at rt (webpack-internal:///(app-pages-browser)/./node_modules/@react-three/fiber/dist/events-5a94e5eb.esm.js:11634:73)
    at yn (webpack-internal:///(app-pages-browser)/./node_modules/@react-three/fiber/dist/events-5a94e5eb.esm.js:11255:25)
    at rt (webpack-internal:///(app-pages-browser)/./node_modules/@react-three/fiber/dist/events-5a94e5eb.esm.js:11634:73)
    at yn (webpack-internal:///(app-pages-browser)/./node_modules/@react-three/fiber/dist/events-5a94e5eb.esm.js:11255:25)
    at rt (webpack-internal:///(app-pages-browser)/./node_modules/@react-three/fiber/dist/events-5a94e5eb.esm.js:11634:73)
[   62345ms] [LOG] THREE.WebGLRenderer: Context Lost. @ webpack-internal:///(app-pages-browser)/./node_modules/next/dist/next-devtools/shared/forward-logs-shared.js:27
[   62501ms] [WARNING] [Fast Refresh] performing full reload because your application had an unrecoverable error @ webpack-internal:///(app-pages-browser)/./node_modules/next/dist/next-devtools/shared/forward-logs-shared.js:27
